<?xml version='1.0' encoding='UTF-8'?>
<gpx version="1.1" creator="https://www.komoot.de" xmlns="http://www.topografix.com/GPX/1/1" xmlns:xsi="http://www.w3.org/2001/XMLSchema-instance" xsi:schemaLocation="http://www.topografix.com/GPX/1/1 http://www.topografix.com/GPX/1/1/gpx.xsd">
  <metadata>
    <name>Orne 10k</name>
    <author>
      <link href="https://www.komoot.de">
        <text>komoot</text>
        <type>text/html</type>
      </link>
    </author>
  </metadata>
  <trk>
    <name>Orne 10k</name>
    <trkseg>
      <trkpt lat="47.954413" lon="8.197398">
        <ele>870.489507</ele>
        <time>2025-10-21T16:36:02.000Z</time>
      </trkpt>
      <trkpt lat="47.954421" lon="8.197379">
        <ele>870.489507</ele>
        <time>2025-10-21T16:36:03.000Z</time>
      </trkpt>
      <trkpt lat="47.954432" lon="8.197362">
        <ele>870.489507</ele>
        <time>2025-10-21T16:36:04.000Z</time>
      </trkpt>
      <trkpt lat="47.954441" lon="8.197345">
        <ele>870.489507</ele>
        <time>2025-10-21T16:36:05.000Z</time>
      </trkpt>
      <trkpt lat="47.954451" lon="8.197330">
        <ele>870.489507</ele>
        <time>2025-10-21T16:36:06.000Z</time>
      </trkpt>
      <trkpt lat="47.954465" lon="8.197314">
        <ele>870.489507</ele>
        <time>2025-10-21T16:36:07.000Z</time>
      </trkpt>
      <trkpt lat="47.954483" lon="8.197301">
        <ele>870.489507</ele>
        <time>2025-10-21T16:36:08.000Z</time>
      </trkpt>
      <trkpt lat="47.954509" lon="8.197289">
        <ele>870.489507</ele>
        <time>2025-10-21T16:36:09.000Z</time>
      </trkpt>
      <trkpt lat="47.954531" lon="8.197276">
        <ele>870.489507</ele>
        <time>2025-10-21T16:36:10.000Z</time>
      </trkpt>
      <trkpt lat="47.954552" lon="8.197263">
        <ele>870.489507</ele>
        <time>2025-10-21T16:36:11.000Z</time>
      </trkpt>
      <trkpt lat="47.954583" lon="8.197276">
        <ele>870.489507</ele>
        <time>2025-10-21T16:36:12.000Z</time>
      </trkpt>
      <trkpt lat="47.954597" lon="8.197270">
        <ele>870.489507</ele>
        <time>2025-10-21T16:36:13.000Z</time>
      </trkpt>
      <trkpt lat="47.954615" lon="8.197273">
        <ele>870.489507</ele>
        <time>2025-10-21T16:36:14.000Z</time>
      </trkpt>
      <trkpt lat="47.954637" lon="8.197304">
        <ele>870.489507</ele>
        <time>2025-10-21T16:36:15.000Z</time>
      </trkpt>
      <trkpt lat="47.954655" lon="8.197319">
        <ele>870.489507</ele>
        <time>2025-10-21T16:36:16.000Z</time>
      </trkpt>
      <trkpt lat="47.954672" lon="8.197334">
        <ele>870.489507</ele>
        <time>2025-10-21T16:36:17.000Z</time>
      </trkpt>
      <trkpt lat="47.954693" lon="8.197369">
        <ele>870.489507</ele>
        <time>2025-10-21T16:36:18.000Z</time>
      </trkpt>
      <trkpt lat="47.954712" lon="8.197396">
        <ele>870.489507</ele>
        <time>2025-10-21T16:36:19.000Z</time>
      </trkpt>
      <trkpt lat="47.954726" lon="8.197414">
        <ele>870.489507</ele>
        <time>2025-10-21T16:36:20.000Z</time>
      </trkpt>
      <trkpt lat="47.954745" lon="8.197445">
        <ele>870.489507</ele>
        <time>2025-10-21T16:36:21.000Z</time>
      </trkpt>
      <trkpt lat="47.954762" lon="8.197463">
        <ele>870.489507</ele>
        <time>2025-10-21T16:36:22.000Z</time>
      </trkpt>
      <trkpt lat="47.954779" lon="8.197479">
        <ele>870.489507</ele>
        <time>2025-10-21T16:36:23.000Z</time>
      </trkpt>
      <trkpt lat="47.954800" lon="8.197483">
        <ele>870.489507</ele>
        <time>2025-10-21T16:36:24.000Z</time>
      </trkpt>
      <trkpt lat="47.954816" lon="8.197511">
        <ele>870.489507</ele>
        <time>2025-10-21T16:36:25.000Z</time>
      </trkpt>
      <trkpt lat="47.954833" lon="8.197533">
        <ele>870.489507</ele>
        <time>2025-10-21T16:36:26.000Z</time>
      </trkpt>
      <trkpt lat="47.954853" lon="8.197565">
        <ele>870.489507</ele>
        <time>2025-10-21T16:36:27.000Z</time>
      </trkpt>
      <trkpt lat="47.954874" lon="8.197579">
        <ele>870.489507</ele>
        <time>2025-10-21T16:36:28.000Z</time>
      </trkpt>
      <trkpt lat="47.954897" lon="8.197604">
        <ele>870.489507</ele>
        <time>2025-10-21T16:36:29.000Z</time>
      </trkpt>
      <trkpt lat="47.954920" lon="8.197618">
        <ele>870.489507</ele>
        <time>2025-10-21T16:36:30.000Z</time>
      </trkpt>
      <trkpt lat="47.954934" lon="8.197631">
        <ele>870.489507</ele>
        <time>2025-10-21T16:36:31.000Z</time>
      </trkpt>
      <trkpt lat="47.954957" lon="8.197654">
        <ele>870.489507</ele>
        <time>2025-10-21T16:36:32.000Z</time>
      </trkpt>
      <trkpt lat="47.954975" lon="8.197680">
        <ele>870.489507</ele>
        <time>2025-10-21T16:36:33.000Z</time>
      </trkpt>
      <trkpt lat="47.954992" lon="8.197690">
        <ele>870.489507</ele>
        <time>2025-10-21T16:36:34.000Z</time>
      </trkpt>
      <trkpt lat="47.955018" lon="8.197705">
        <ele>870.489507</ele>
        <time>2025-10-21T16:36:35.000Z</time>
      </trkpt>
      <trkpt lat="47.955038" lon="8.197731">
        <ele>870.489507</ele>
        <time>2025-10-21T16:36:36.000Z</time>
      </trkpt>
      <trkpt lat="47.955056" lon="8.197735">
        <ele>870.489507</ele>
        <time>2025-10-21T16:36:37.000Z</time>
      </trkpt>
      <trkpt lat="47.955082" lon="8.197749">
        <ele>870.489507</ele>
        <time>2025-10-21T16:36:38.000Z</time>
      </trkpt>
      <trkpt lat="47.955101" lon="8.197774">
        <ele>870.489507</ele>
        <time>2025-10-21T16:36:39.000Z</time>
      </trkpt>
      <trkpt lat="47.955121" lon="8.197781">
        <ele>870.489507</ele>
        <time>2025-10-21T16:36:40.000Z</time>
      </trkpt>
      <trkpt lat="47.955145" lon="8.197794">
        <ele>870.489507</ele>
        <time>2025-10-21T16:36:41.000Z</time>
      </trkpt>
      <trkpt lat="47.955169" lon="8.197823">
        <ele>870.601735</ele>
        <time>2025-10-21T16:36:42.000Z</time>
      </trkpt>
      <trkpt lat="47.955187" lon="8.197825">
        <ele>870.727579</ele>
        <time>2025-10-21T16:36:43.000Z</time>
      </trkpt>
      <trkpt lat="47.955208" lon="8.197830">
        <ele>870.875842</ele>
        <time>2025-10-21T16:36:44.000Z</time>
      </trkpt>
      <trkpt lat="47.955231" lon="8.197855">
        <ele>871.074188</ele>
        <time>2025-10-21T16:36:45.000Z</time>
      </trkpt>
      <trkpt lat="47.955249" lon="8.197872">
        <ele>871.222682</ele>
        <time>2025-10-21T16:36:46.000Z</time>
      </trkpt>
      <trkpt lat="47.955262" lon="8.197884">
        <ele>871.329240</ele>
        <time>2025-10-21T16:36:47.000Z</time>
      </trkpt>
      <trkpt lat="47.955289" lon="8.197915">
        <ele>871.566702</ele>
        <time>2025-10-21T16:36:48.000Z</time>
      </trkpt>
      <trkpt lat="47.955309" lon="8.197927">
        <ele>871.716980</ele>
        <time>2025-10-21T16:36:49.000Z</time>
      </trkpt>
      <trkpt lat="47.955328" lon="8.197945">
        <ele>871.873863</ele>
        <time>2025-10-21T16:36:50.000Z</time>
      </trkpt>
      <trkpt lat="47.955340" lon="8.197992">
        <ele>872.108726</ele>
        <time>2025-10-21T16:36:51.000Z</time>
      </trkpt>
      <trkpt lat="47.955351" lon="8.198024">
        <ele>872.276675</ele>
        <time>2025-10-21T16:36:52.000Z</time>
      </trkpt>
      <trkpt lat="47.955358" lon="8.198057">
        <ele>872.438306</ele>
        <time>2025-10-21T16:36:53.000Z</time>
      </trkpt>
      <trkpt lat="47.955344" lon="8.198103">
        <ele>872.674231</ele>
        <time>2025-10-21T16:36:54.000Z</time>
      </trkpt>
      <trkpt lat="47.955340" lon="8.198127">
        <ele>872.789711</ele>
        <time>2025-10-21T16:36:55.000Z</time>
      </trkpt>
      <trkpt lat="47.955324" lon="8.198158">
        <ele>872.972457</ele>
        <time>2025-10-21T16:36:56.000Z</time>
      </trkpt>
      <trkpt lat="47.955299" lon="8.198197">
        <ele>873.224533</ele>
        <time>2025-10-21T16:36:57.000Z</time>
      </trkpt>
      <trkpt lat="47.955289" lon="8.198219">
        <ele>873.348683</ele>
        <time>2025-10-21T16:36:58.000Z</time>
      </trkpt>
      <trkpt lat="47.955272" lon="8.198254">
        <ele>873.550564</ele>
        <time>2025-10-21T16:36:59.000Z</time>
      </trkpt>
      <trkpt lat="47.955252" lon="8.198286">
        <ele>873.754939</ele>
        <time>2025-10-21T16:37:00.000Z</time>
      </trkpt>
      <trkpt lat="47.955248" lon="8.198305">
        <ele>873.847935</ele>
        <time>2025-10-21T16:37:01.000Z</time>
      </trkpt>
      <trkpt lat="47.955229" lon="8.198336">
        <ele>874.044150</ele>
        <time>2025-10-21T16:37:02.000Z</time>
      </trkpt>
      <trkpt lat="47.955215" lon="8.198360">
        <ele>874.192762</ele>
        <time>2025-10-21T16:37:03.000Z</time>
      </trkpt>
      <trkpt lat="47.955204" lon="8.198381">
        <ele>874.317247</ele>
        <time>2025-10-21T16:37:04.000Z</time>
      </trkpt>
      <trkpt lat="47.955184" lon="8.198412">
        <ele>874.518235</ele>
        <time>2025-10-21T16:37:05.000Z</time>
      </trkpt>
      <trkpt lat="47.955167" lon="8.198438">
        <ele>874.687901</ele>
        <time>2025-10-21T16:37:06.000Z</time>
      </trkpt>
      <trkpt lat="47.955163" lon="8.198454">
        <ele>874.767645</ele>
        <time>2025-10-21T16:37:07.000Z</time>
      </trkpt>
      <trkpt lat="47.955148" lon="8.198479">
        <ele>874.924373</ele>
        <time>2025-10-21T16:37:08.000Z</time>
      </trkpt>
      <trkpt lat="47.955132" lon="8.198504">
        <ele>875.085836</ele>
        <time>2025-10-21T16:37:09.000Z</time>
      </trkpt>
      <trkpt lat="47.955125" lon="8.198524">
        <ele>875.191206</ele>
        <time>2025-10-21T16:37:10.000Z</time>
      </trkpt>
      <trkpt lat="47.955108" lon="8.198557">
        <ele>875.385605</ele>
        <time>2025-10-21T16:37:11.000Z</time>
      </trkpt>
      <trkpt lat="47.955089" lon="8.198579">
        <ele>875.553237</ele>
        <time>2025-10-21T16:37:12.000Z</time>
      </trkpt>
      <trkpt lat="47.955082" lon="8.198601">
        <ele>875.666966</ele>
        <time>2025-10-21T16:37:13.000Z</time>
      </trkpt>
      <trkpt lat="47.955066" lon="8.198624">
        <ele>875.821812</ele>
        <time>2025-10-21T16:37:14.000Z</time>
      </trkpt>
      <trkpt lat="47.955051" lon="8.198645">
        <ele>875.965172</ele>
        <time>2025-10-21T16:37:15.000Z</time>
      </trkpt>
      <trkpt lat="47.955042" lon="8.198658">
        <ele>876.052476</ele>
        <time>2025-10-21T16:37:16.000Z</time>
      </trkpt>
      <trkpt lat="47.955028" lon="8.198690">
        <ele>876.230951</ele>
        <time>2025-10-21T16:37:17.000Z</time>
      </trkpt>
      <trkpt lat="47.955017" lon="8.198714">
        <ele>876.366745</ele>
        <time>2025-10-21T16:37:18.000Z</time>
      </trkpt>
      <trkpt lat="47.955006" lon="8.198732">
        <ele>876.480524</ele>
        <time>2025-10-21T16:37:19.000Z</time>
      </trkpt>
      <trkpt lat="47.954991" lon="8.198766">
        <ele>876.670631</ele>
        <time>2025-10-21T16:37:20.000Z</time>
      </trkpt>
      <trkpt lat="47.954986" lon="8.198785">
        <ele>876.765951</ele>
        <time>2025-10-21T16:37:21.000Z</time>
      </trkpt>
      <trkpt lat="47.954972" lon="8.198808">
        <ele>876.911075</ele>
        <time>2025-10-21T16:37:22.000Z</time>
      </trkpt>
      <trkpt lat="47.954952" lon="8.198840">
        <ele>877.115452</ele>
        <time>2025-10-21T16:37:23.000Z</time>
      </trkpt>
      <trkpt lat="47.954950" lon="8.198862">
        <ele>877.219118</ele>
        <time>2025-10-21T16:37:24.000Z</time>
      </trkpt>
      <trkpt lat="47.954937" lon="8.198896">
        <ele>877.401926</ele>
        <time>2025-10-21T16:37:25.000Z</time>
      </trkpt>
      <trkpt lat="47.954921" lon="8.198927">
        <ele>877.584673</ele>
        <time>2025-10-21T16:37:26.000Z</time>
      </trkpt>
      <trkpt lat="47.954914" lon="8.198950">
        <ele>877.702636</ele>
        <time>2025-10-21T16:37:27.000Z</time>
      </trkpt>
      <trkpt lat="47.954905" lon="8.198977">
        <ele>877.843460</ele>
        <time>2025-10-21T16:37:28.000Z</time>
      </trkpt>
      <trkpt lat="47.954889" lon="8.199002">
        <ele>878.004924</ele>
        <time>2025-10-21T16:37:29.000Z</time>
      </trkpt>
      <trkpt lat="47.954881" lon="8.199022">
        <ele>878.113699</ele>
        <time>2025-10-21T16:37:30.000Z</time>
      </trkpt>
      <trkpt lat="47.954864" lon="8.199045">
        <ele>878.273642</ele>
        <time>2025-10-21T16:37:31.000Z</time>
      </trkpt>
      <trkpt lat="47.954841" lon="8.199068">
        <ele>878.466640</ele>
        <time>2025-10-21T16:37:32.000Z</time>
      </trkpt>
      <trkpt lat="47.954834" lon="8.199087">
        <ele>878.567895</ele>
        <time>2025-10-21T16:37:33.000Z</time>
      </trkpt>
      <trkpt lat="47.954822" lon="8.199113">
        <ele>878.715334</ele>
        <time>2025-10-21T16:37:34.000Z</time>
      </trkpt>
      <trkpt lat="47.954806" lon="8.199138">
        <ele>878.876799</ele>
        <time>2025-10-21T16:37:35.000Z</time>
      </trkpt>
      <trkpt lat="47.954796" lon="8.199158">
        <ele>878.993340</ele>
        <time>2025-10-21T16:37:36.000Z</time>
      </trkpt>
      <trkpt lat="47.954787" lon="8.199179">
        <ele>879.109755</ele>
        <time>2025-10-21T16:37:37.000Z</time>
      </trkpt>
      <trkpt lat="47.954772" lon="8.199203">
        <ele>879.263037</ele>
        <time>2025-10-21T16:37:38.000Z</time>
      </trkpt>
      <trkpt lat="47.954761" lon="8.199222">
        <ele>879.380308</ele>
        <time>2025-10-21T16:37:39.000Z</time>
      </trkpt>
      <trkpt lat="47.954753" lon="8.199241">
        <ele>879.485102</ele>
        <time>2025-10-21T16:37:40.000Z</time>
      </trkpt>
      <trkpt lat="47.954740" lon="8.199266">
        <ele>879.632892</ele>
        <time>2025-10-21T16:37:41.000Z</time>
      </trkpt>
      <trkpt lat="47.954733" lon="8.199283">
        <ele>879.726073</ele>
        <time>2025-10-21T16:37:42.000Z</time>
      </trkpt>
      <trkpt lat="47.954722" lon="8.199308">
        <ele>879.865746</ele>
        <time>2025-10-21T16:37:43.000Z</time>
      </trkpt>
      <trkpt lat="47.954705" lon="8.199336">
        <ele>880.042216</ele>
        <time>2025-10-21T16:37:44.000Z</time>
      </trkpt>
      <trkpt lat="47.954702" lon="8.199358">
        <ele>880.147049</ele>
        <time>2025-10-21T16:37:45.000Z</time>
      </trkpt>
      <trkpt lat="47.954688" lon="8.199385">
        <ele>880.306490</ele>
        <time>2025-10-21T16:37:46.000Z</time>
      </trkpt>
      <trkpt lat="47.954668" lon="8.199413">
        <ele>880.497637</ele>
        <time>2025-10-21T16:37:47.000Z</time>
      </trkpt>
      <trkpt lat="47.954657" lon="8.199435">
        <ele>880.625834</ele>
        <time>2025-10-21T16:37:48.000Z</time>
      </trkpt>
      <trkpt lat="47.954643" lon="8.199458">
        <ele>880.770958</ele>
        <time>2025-10-21T16:37:49.000Z</time>
      </trkpt>
      <trkpt lat="47.954623" lon="8.199483">
        <ele>880.952812</ele>
        <time>2025-10-21T16:37:50.000Z</time>
      </trkpt>
      <trkpt lat="47.954624" lon="8.199497">
        <ele>881.018553</ele>
        <time>2025-10-21T16:37:51.000Z</time>
      </trkpt>
      <trkpt lat="47.954614" lon="8.199519">
        <ele>881.142704</ele>
        <time>2025-10-21T16:37:52.000Z</time>
      </trkpt>
      <trkpt lat="47.954598" lon="8.199542">
        <ele>881.297552</ele>
        <time>2025-10-21T16:37:53.000Z</time>
      </trkpt>
      <trkpt lat="47.954590" lon="8.199563">
        <ele>881.410361</ele>
        <time>2025-10-21T16:37:54.000Z</time>
      </trkpt>
      <trkpt lat="47.954581" lon="8.199585">
        <ele>881.530735</ele>
        <time>2025-10-21T16:37:55.000Z</time>
      </trkpt>
      <trkpt lat="47.954561" lon="8.199607">
        <ele>881.703930</ele>
        <time>2025-10-21T16:37:56.000Z</time>
      </trkpt>
      <trkpt lat="47.954557" lon="8.199625">
        <ele>881.792485</ele>
        <time>2025-10-21T16:37:57.000Z</time>
      </trkpt>
      <trkpt lat="47.954548" lon="8.199646">
        <ele>881.908899</ele>
        <time>2025-10-21T16:37:58.000Z</time>
      </trkpt>
      <trkpt lat="47.954526" lon="8.199671">
        <ele>882.101653</ele>
        <time>2025-10-21T16:37:59.000Z</time>
      </trkpt>
      <trkpt lat="47.954520" lon="8.199690">
        <ele>882.199738</ele>
        <time>2025-10-21T16:38:00.000Z</time>
      </trkpt>
      <trkpt lat="47.954509" lon="8.199715">
        <ele>882.339411</ele>
        <time>2025-10-21T16:38:01.000Z</time>
      </trkpt>
      <trkpt lat="47.954486" lon="8.199731">
        <ele>882.516318</ele>
        <time>2025-10-21T16:38:02.000Z</time>
      </trkpt>
      <trkpt lat="47.954475" lon="8.199751">
        <ele>882.637161</ele>
        <time>2025-10-21T16:38:03.000Z</time>
      </trkpt>
      <trkpt lat="47.954459" lon="8.199767">
        <ele>882.771421</ele>
        <time>2025-10-21T16:38:04.000Z</time>
      </trkpt>
      <trkpt lat="47.954434" lon="8.199773">
        <ele>882.947960</ele>
        <time>2025-10-21T16:38:05.000Z</time>
      </trkpt>
      <trkpt lat="47.954416" lon="8.199784">
        <ele>883.037886</ele>
        <time>2025-10-21T16:38:06.000Z</time>
      </trkpt>
      <trkpt lat="47.954404" lon="8.199795">
        <ele>883.052663</ele>
        <time>2025-10-21T16:38:07.000Z</time>
      </trkpt>
      <trkpt lat="47.954384" lon="8.199809">
        <ele>883.075845</ele>
        <time>2025-10-21T16:38:08.000Z</time>
      </trkpt>
      <trkpt lat="47.954363" lon="8.199824">
        <ele>883.100276</ele>
        <time>2025-10-21T16:38:09.000Z</time>
      </trkpt>
      <trkpt lat="47.954349" lon="8.199833">
        <ele>883.116272</ele>
        <time>2025-10-21T16:38:10.000Z</time>
      </trkpt>
      <trkpt lat="47.954325" lon="8.199847">
        <ele>883.143314</ele>
        <time>2025-10-21T16:38:11.000Z</time>
      </trkpt>
      <trkpt lat="47.954298" lon="8.199858">
        <ele>883.172685</ele>
        <time>2025-10-21T16:38:12.000Z</time>
      </trkpt>
      <trkpt lat="47.954282" lon="8.199868">
        <ele>883.190889</ele>
        <time>2025-10-21T16:38:13.000Z</time>
      </trkpt>
      <trkpt lat="47.954258" lon="8.199876">
        <ele>883.216696</ele>
        <time>2025-10-21T16:38:14.000Z</time>
      </trkpt>
      <trkpt lat="47.954236" lon="8.199888">
        <ele>883.241277</ele>
        <time>2025-10-21T16:38:15.000Z</time>
      </trkpt>
      <trkpt lat="47.954214" lon="8.199893">
        <ele>883.264631</ele>
        <time>2025-10-21T16:38:16.000Z</time>
      </trkpt>
      <trkpt lat="47.954188" lon="8.199902">
        <ele>883.292641</ele>
        <time>2025-10-21T16:38:17.000Z</time>
      </trkpt>
      <trkpt lat="47.954159" lon="8.199913">
        <ele>883.324043</ele>
        <time>2025-10-21T16:38:18.000Z</time>
      </trkpt>
      <trkpt lat="47.954143" lon="8.199929">
        <ele>883.344252</ele>
        <time>2025-10-21T16:38:19.000Z</time>
      </trkpt>
      <trkpt lat="47.954117" lon="8.199946">
        <ele>883.374040</ele>
        <time>2025-10-21T16:38:20.000Z</time>
      </trkpt>
      <trkpt lat="47.954096" lon="8.199955">
        <ele>883.396969</ele>
        <time>2025-10-21T16:38:21.000Z</time>
      </trkpt>
      <trkpt lat="47.954075" lon="8.199969">
        <ele>883.421105</ele>
        <time>2025-10-21T16:38:22.000Z</time>
      </trkpt>
      <trkpt lat="47.954051" lon="8.199978">
        <ele>883.447075</ele>
        <time>2025-10-21T16:38:23.000Z</time>
      </trkpt>
      <trkpt lat="47.954029" lon="8.199990">
        <ele>883.471656</ele>
        <time>2025-10-21T16:38:24.000Z</time>
      </trkpt>
      <trkpt lat="47.954012" lon="8.200006">
        <ele>883.492745</ele>
        <time>2025-10-21T16:38:25.000Z</time>
      </trkpt>
      <trkpt lat="47.953985" lon="8.200015">
        <ele>883.521779</ele>
        <time>2025-10-21T16:38:26.000Z</time>
      </trkpt>
      <trkpt lat="47.953964" lon="8.200023">
        <ele>883.544524</ele>
        <time>2025-10-21T16:38:27.000Z</time>
      </trkpt>
      <trkpt lat="47.953946" lon="8.200037">
        <ele>883.565823</ele>
        <time>2025-10-21T16:38:28.000Z</time>
      </trkpt>
      <trkpt lat="47.953920" lon="8.200042">
        <ele>883.593335</ele>
        <time>2025-10-21T16:38:29.000Z</time>
      </trkpt>
      <trkpt lat="47.953898" lon="8.200057">
        <ele>883.618717</ele>
        <time>2025-10-21T16:38:30.000Z</time>
      </trkpt>
      <trkpt lat="47.953880" lon="8.200071">
        <ele>883.640017</ele>
        <time>2025-10-21T16:38:31.000Z</time>
      </trkpt>
      <trkpt lat="47.953852" lon="8.200084">
        <ele>883.670790</ele>
        <time>2025-10-21T16:38:32.000Z</time>
      </trkpt>
      <trkpt lat="47.953828" lon="8.200101">
        <ele>883.698668</ele>
        <time>2025-10-21T16:38:33.000Z</time>
      </trkpt>
      <trkpt lat="47.953806" lon="8.200117">
        <ele>883.724349</ele>
        <time>2025-10-21T16:38:34.000Z</time>
      </trkpt>
      <trkpt lat="47.953783" lon="8.200130">
        <ele>883.750159</ele>
        <time>2025-10-21T16:38:35.000Z</time>
      </trkpt>
      <trkpt lat="47.953760" lon="8.200144">
        <ele>883.776226</ele>
        <time>2025-10-21T16:38:36.000Z</time>
      </trkpt>
      <trkpt lat="47.953749" lon="8.200159">
        <ele>883.791860</ele>
        <time>2025-10-21T16:38:37.000Z</time>
      </trkpt>
      <trkpt lat="47.953728" lon="8.200171">
        <ele>883.815457</ele>
        <time>2025-10-21T16:38:38.000Z</time>
      </trkpt>
      <trkpt lat="47.953700" lon="8.200180">
        <ele>883.845516</ele>
        <time>2025-10-21T16:38:39.000Z</time>
      </trkpt>
      <trkpt lat="47.953685" lon="8.200193">
        <ele>883.863718</ele>
        <time>2025-10-21T16:38:40.000Z</time>
      </trkpt>
      <trkpt lat="47.953670" lon="8.200214">
        <ele>883.885297</ele>
        <time>2025-10-21T16:38:41.000Z</time>
      </trkpt>
      <trkpt lat="47.953641" lon="8.200215">
        <ele>883.915740</ele>
        <time>2025-10-21T16:38:42.000Z</time>
      </trkpt>
      <trkpt lat="47.953623" lon="8.200228">
        <ele>883.936725</ele>
        <time>2025-10-21T16:38:43.000Z</time>
      </trkpt>
      <trkpt lat="47.953606" lon="8.200238">
        <ele>883.955900</ele>
        <time>2025-10-21T16:38:44.000Z</time>
      </trkpt>
      <trkpt lat="47.953574" lon="8.200247">
        <ele>883.990074</ele>
        <time>2025-10-21T16:38:45.000Z</time>
      </trkpt>
      <trkpt lat="47.953552" lon="8.200257">
        <ele>884.014209</ele>
        <time>2025-10-21T16:38:46.000Z</time>
      </trkpt>
      <trkpt lat="47.953530" lon="8.200268">
        <ele>884.038557</ele>
        <time>2025-10-21T16:38:47.000Z</time>
      </trkpt>
      <trkpt lat="47.953499" lon="8.200280">
        <ele>884.072167</ele>
        <time>2025-10-21T16:38:48.000Z</time>
      </trkpt>
      <trkpt lat="47.953472" lon="8.200293">
        <ele>884.101939</ele>
        <time>2025-10-21T16:38:49.000Z</time>
      </trkpt>
      <trkpt lat="47.953456" lon="8.200308">
        <ele>884.121767</ele>
        <time>2025-10-21T16:38:50.000Z</time>
      </trkpt>
      <trkpt lat="47.953432" lon="8.200321">
        <ele>884.148560</ele>
        <time>2025-10-21T16:38:51.000Z</time>
      </trkpt>
      <trkpt lat="47.953405" lon="8.200329">
        <ele>884.177449</ele>
        <time>2025-10-21T16:38:52.000Z</time>
      </trkpt>
      <trkpt lat="47.953392" lon="8.200341">
        <ele>884.193488</ele>
        <time>2025-10-21T16:38:53.000Z</time>
      </trkpt>
      <trkpt lat="47.953374" lon="8.200349">
        <ele>884.213198</ele>
        <time>2025-10-21T16:38:54.000Z</time>
      </trkpt>
      <trkpt lat="47.953346" lon="8.200357">
        <ele>884.243117</ele>
        <time>2025-10-21T16:38:55.000Z</time>
      </trkpt>
      <trkpt lat="47.953331" lon="8.200370">
        <ele>884.261318</ele>
        <time>2025-10-21T16:38:56.000Z</time>
      </trkpt>
      <trkpt lat="47.953316" lon="8.200377">
        <ele>884.277812</ele>
        <time>2025-10-21T16:38:57.000Z</time>
      </trkpt>
      <trkpt lat="47.953290" lon="8.200384">
        <ele>884.305538</ele>
        <time>2025-10-21T16:38:58.000Z</time>
      </trkpt>
      <trkpt lat="47.953276" lon="8.200399">
        <ele>884.323622</ele>
        <time>2025-10-21T16:38:59.000Z</time>
      </trkpt>
      <trkpt lat="47.953258" lon="8.200407">
        <ele>884.343332</ele>
        <time>2025-10-21T16:39:00.000Z</time>
      </trkpt>
      <trkpt lat="47.953232" lon="8.200416">
        <ele>884.371342</ele>
        <time>2025-10-21T16:39:01.000Z</time>
      </trkpt>
      <trkpt lat="47.953213" lon="8.200430">
        <ele>884.393578</ele>
        <time>2025-10-21T16:39:02.000Z</time>
      </trkpt>
      <trkpt lat="47.953196" lon="8.200445">
        <ele>884.414301</ele>
        <time>2025-10-21T16:39:03.000Z</time>
      </trkpt>
      <trkpt lat="47.953172" lon="8.200460">
        <ele>884.441606</ele>
        <time>2025-10-21T16:39:04.000Z</time>
      </trkpt>
      <trkpt lat="47.953145" lon="8.200474">
        <ele>884.471602</ele>
        <time>2025-10-21T16:39:05.000Z</time>
      </trkpt>
      <trkpt lat="47.953128" lon="8.200484">
        <ele>884.490778</ele>
        <time>2025-10-21T16:39:06.000Z</time>
      </trkpt>
      <trkpt lat="47.953101" lon="8.200498">
        <ele>884.520774</ele>
        <time>2025-10-21T16:39:07.000Z</time>
      </trkpt>
      <trkpt lat="47.953077" lon="8.200510">
        <ele>884.547336</ele>
        <time>2025-10-21T16:39:08.000Z</time>
      </trkpt>
      <trkpt lat="47.953060" lon="8.200521">
        <ele>884.566780</ele>
        <time>2025-10-21T16:39:09.000Z</time>
      </trkpt>
      <trkpt lat="47.953036" lon="8.200533">
        <ele>884.593342</ele>
        <time>2025-10-21T16:39:10.000Z</time>
      </trkpt>
      <trkpt lat="47.953009" lon="8.200548">
        <ele>884.623576</ele>
        <time>2025-10-21T16:39:11.000Z</time>
      </trkpt>
      <trkpt lat="47.952988" lon="8.200562">
        <ele>884.647712</ele>
        <time>2025-10-21T16:39:12.000Z</time>
      </trkpt>
      <trkpt lat="47.952965" lon="8.200576">
        <ele>884.673779</ele>
        <time>2025-10-21T16:39:13.000Z</time>
      </trkpt>
      <trkpt lat="47.952935" lon="8.200582">
        <ele>884.705544</ele>
        <time>2025-10-21T16:39:14.000Z</time>
      </trkpt>
      <trkpt lat="47.952914" lon="8.200595">
        <ele>884.729402</ele>
        <time>2025-10-21T16:39:15.000Z</time>
      </trkpt>
      <trkpt lat="47.952896" lon="8.200608">
        <ele>884.750387</ele>
        <time>2025-10-21T16:39:16.000Z</time>
      </trkpt>
      <trkpt lat="47.952869" lon="8.200619">
        <ele>884.779759</ele>
        <time>2025-10-21T16:39:17.000Z</time>
      </trkpt>
      <trkpt lat="47.952845" lon="8.200628">
        <ele>884.805728</ele>
        <time>2025-10-21T16:39:18.000Z</time>
      </trkpt>
      <trkpt lat="47.952829" lon="8.200640">
        <ele>884.824519</ele>
        <time>2025-10-21T16:39:19.000Z</time>
      </trkpt>
      <trkpt lat="47.952803" lon="8.200652">
        <ele>884.853079</ele>
        <time>2025-10-21T16:39:20.000Z</time>
      </trkpt>
      <trkpt lat="47.952775" lon="8.200666">
        <ele>884.884069</ele>
        <time>2025-10-21T16:39:21.000Z</time>
      </trkpt>
      <trkpt lat="47.952760" lon="8.200674">
        <ele>884.900785</ele>
        <time>2025-10-21T16:39:22.000Z</time>
      </trkpt>
      <trkpt lat="47.952734" lon="8.200685">
        <ele>884.914350</ele>
        <time>2025-10-21T16:39:23.000Z</time>
      </trkpt>
      <trkpt lat="47.952703" lon="8.200699">
        <ele>884.905428</ele>
        <time>2025-10-21T16:39:24.000Z</time>
      </trkpt>
      <trkpt lat="47.952684" lon="8.200713">
        <ele>884.899591</ele>
        <time>2025-10-21T16:39:25.000Z</time>
      </trkpt>
      <trkpt lat="47.952666" lon="8.200728">
        <ele>884.893913</ele>
        <time>2025-10-21T16:39:26.000Z</time>
      </trkpt>
      <trkpt lat="47.952642" lon="8.200742">
        <ele>884.886815</ele>
        <time>2025-10-21T16:39:27.000Z</time>
      </trkpt>
      <trkpt lat="47.952615" lon="8.200756">
        <ele>884.878941</ele>
        <time>2025-10-21T16:39:28.000Z</time>
      </trkpt>
      <trkpt lat="47.952596" lon="8.200771">
        <ele>884.873020</ele>
        <time>2025-10-21T16:39:29.000Z</time>
      </trkpt>
      <trkpt lat="47.952572" lon="8.200785">
        <ele>884.865922</ele>
        <time>2025-10-21T16:39:30.000Z</time>
      </trkpt>
      <trkpt lat="47.952544" lon="8.200801">
        <ele>884.857663</ele>
        <time>2025-10-21T16:39:31.000Z</time>
      </trkpt>
      <trkpt lat="47.952528" lon="8.200812">
        <ele>884.852811</ele>
        <time>2025-10-21T16:39:32.000Z</time>
      </trkpt>
      <trkpt lat="47.952505" lon="8.200828">
        <ele>884.845821</ele>
        <time>2025-10-21T16:39:33.000Z</time>
      </trkpt>
      <trkpt lat="47.952475" lon="8.200842">
        <ele>884.837162</ele>
        <time>2025-10-21T16:39:34.000Z</time>
      </trkpt>
      <trkpt lat="47.952452" lon="8.200861">
        <ele>884.829921</ele>
        <time>2025-10-21T16:39:35.000Z</time>
      </trkpt>
      <trkpt lat="47.952431" lon="8.200880">
        <ele>884.823157</ele>
        <time>2025-10-21T16:39:36.000Z</time>
      </trkpt>
      <trkpt lat="47.952402" lon="8.200899">
        <ele>884.814433</ele>
        <time>2025-10-21T16:39:37.000Z</time>
      </trkpt>
      <trkpt lat="47.952381" lon="8.200917">
        <ele>884.807762</ele>
        <time>2025-10-21T16:39:38.000Z</time>
      </trkpt>
      <trkpt lat="47.952367" lon="8.200933">
        <ele>884.802906</ele>
        <time>2025-10-21T16:39:39.000Z</time>
      </trkpt>
      <trkpt lat="47.952345" lon="8.200950">
        <ele>884.796082</ele>
        <time>2025-10-21T16:39:40.000Z</time>
      </trkpt>
      <trkpt lat="47.952326" lon="8.200966">
        <ele>884.790072</ele>
        <time>2025-10-21T16:39:41.000Z</time>
      </trkpt>
      <trkpt lat="47.952315" lon="8.200982">
        <ele>884.785842</ele>
        <time>2025-10-21T16:39:42.000Z</time>
      </trkpt>
      <trkpt lat="47.952293" lon="8.201002">
        <ele>884.778746</ele>
        <time>2025-10-21T16:39:43.000Z</time>
      </trkpt>
      <trkpt lat="47.952270" lon="8.201021">
        <ele>884.771505</ele>
        <time>2025-10-21T16:39:44.000Z</time>
      </trkpt>
      <trkpt lat="47.952254" lon="8.201038">
        <ele>884.766096</ele>
        <time>2025-10-21T16:39:45.000Z</time>
      </trkpt>
      <trkpt lat="47.952235" lon="8.201055">
        <ele>884.759994</ele>
        <time>2025-10-21T16:39:46.000Z</time>
      </trkpt>
      <trkpt lat="47.952211" lon="8.201076">
        <ele>884.752331</ele>
        <time>2025-10-21T16:39:47.000Z</time>
      </trkpt>
      <trkpt lat="47.952191" lon="8.201093">
        <ele>884.745991</ele>
        <time>2025-10-21T16:39:48.000Z</time>
      </trkpt>
      <trkpt lat="47.952166" lon="8.201110">
        <ele>884.738423</ele>
        <time>2025-10-21T16:39:49.000Z</time>
      </trkpt>
      <trkpt lat="47.952132" lon="8.201125">
        <ele>884.728657</ele>
        <time>2025-10-21T16:39:50.000Z</time>
      </trkpt>
      <trkpt lat="47.952112" lon="8.201139">
        <ele>884.722572</ele>
        <time>2025-10-21T16:39:51.000Z</time>
      </trkpt>
      <trkpt lat="47.952092" lon="8.201157">
        <ele>884.716139</ele>
        <time>2025-10-21T16:39:52.000Z</time>
      </trkpt>
      <trkpt lat="47.952064" lon="8.201176">
        <ele>884.707666</ele>
        <time>2025-10-21T16:39:53.000Z</time>
      </trkpt>
      <trkpt lat="47.952041" lon="8.201192">
        <ele>884.700676</ele>
        <time>2025-10-21T16:39:54.000Z</time>
      </trkpt>
      <trkpt lat="47.952027" lon="8.201207">
        <ele>884.695929</ele>
        <time>2025-10-21T16:39:55.000Z</time>
      </trkpt>
      <trkpt lat="47.952001" lon="8.201228">
        <ele>884.687786</ele>
        <time>2025-10-21T16:39:56.000Z</time>
      </trkpt>
      <trkpt lat="47.951979" lon="8.201248">
        <ele>884.680691</ele>
        <time>2025-10-21T16:39:57.000Z</time>
      </trkpt>
      <trkpt lat="47.951963" lon="8.201265">
        <ele>884.675281</ele>
        <time>2025-10-21T16:39:58.000Z</time>
      </trkpt>
      <trkpt lat="47.951935" lon="8.201289">
        <ele>884.666387</ele>
        <time>2025-10-21T16:39:59.000Z</time>
      </trkpt>
      <trkpt lat="47.951913" lon="8.201308">
        <ele>884.659385</ele>
        <time>2025-10-21T16:40:00.000Z</time>
      </trkpt>
      <trkpt lat="47.951901" lon="8.201327">
        <ele>884.654567</ele>
        <time>2025-10-21T16:40:01.000Z</time>
      </trkpt>
      <trkpt lat="47.951876" lon="8.201349">
        <ele>884.646573</ele>
        <time>2025-10-21T16:40:02.000Z</time>
      </trkpt>
      <trkpt lat="47.951853" lon="8.201365">
        <ele>884.639583</ele>
        <time>2025-10-21T16:40:03.000Z</time>
      </trkpt>
      <trkpt lat="47.951842" lon="8.201376">
        <ele>884.635936</ele>
        <time>2025-10-21T16:40:04.000Z</time>
      </trkpt>
      <trkpt lat="47.951821" lon="8.201390">
        <ele>884.629600</ele>
        <time>2025-10-21T16:40:05.000Z</time>
      </trkpt>
      <trkpt lat="47.951800" lon="8.201408">
        <ele>884.622930</ele>
        <time>2025-10-21T16:40:06.000Z</time>
      </trkpt>
      <trkpt lat="47.951790" lon="8.201423">
        <ele>884.619025</ele>
        <time>2025-10-21T16:40:07.000Z</time>
      </trkpt>
      <trkpt lat="47.951767" lon="8.201446">
        <ele>884.611399</ele>
        <time>2025-10-21T16:40:08.000Z</time>
      </trkpt>
      <trkpt lat="47.951744" lon="8.201467">
        <ele>884.603973</ele>
        <time>2025-10-21T16:40:09.000Z</time>
      </trkpt>
      <trkpt lat="47.951734" lon="8.201480">
        <ele>884.600320</ele>
        <time>2025-10-21T16:40:10.000Z</time>
      </trkpt>
      <trkpt lat="47.951711" lon="8.201506">
        <ele>884.592373</ele>
        <time>2025-10-21T16:40:11.000Z</time>
      </trkpt>
      <trkpt lat="47.951686" lon="8.201525">
        <ele>884.584645</ele>
        <time>2025-10-21T16:40:12.000Z</time>
      </trkpt>
      <trkpt lat="47.951678" lon="8.201539">
        <ele>884.581250</ele>
        <time>2025-10-21T16:40:13.000Z</time>
      </trkpt>
      <trkpt lat="47.951659" lon="8.201561">
        <ele>884.574626</ele>
        <time>2025-10-21T16:40:14.000Z</time>
      </trkpt>
      <trkpt lat="47.951633" lon="8.201578">
        <ele>884.566807</ele>
        <time>2025-10-21T16:40:15.000Z</time>
      </trkpt>
      <trkpt lat="47.951622" lon="8.201593">
        <ele>884.562703</ele>
        <time>2025-10-21T16:40:16.000Z</time>
      </trkpt>
      <trkpt lat="47.951603" lon="8.201617">
        <ele>884.555847</ele>
        <time>2025-10-21T16:40:17.000Z</time>
      </trkpt>
      <trkpt lat="47.951578" lon="8.201636">
        <ele>884.548119</ele>
        <time>2025-10-21T16:40:18.000Z</time>
      </trkpt>
      <trkpt lat="47.951566" lon="8.201655">
        <ele>884.543301</ele>
        <time>2025-10-21T16:40:19.000Z</time>
      </trkpt>
      <trkpt lat="47.951549" lon="8.201676">
        <ele>884.537223</ele>
        <time>2025-10-21T16:40:20.000Z</time>
      </trkpt>
      <trkpt lat="47.951523" lon="8.201692">
        <ele>884.529476</ele>
        <time>2025-10-21T16:40:21.000Z</time>
      </trkpt>
      <trkpt lat="47.951505" lon="8.201707">
        <ele>884.523797</ele>
        <time>2025-10-21T16:40:22.000Z</time>
      </trkpt>
      <trkpt lat="47.951494" lon="8.201722">
        <ele>884.519693</ele>
        <time>2025-10-21T16:40:23.000Z</time>
      </trkpt>
      <trkpt lat="47.951471" lon="8.201740">
        <ele>884.512540</ele>
        <time>2025-10-21T16:40:24.000Z</time>
      </trkpt>
      <trkpt lat="47.951444" lon="8.201750">
        <ele>884.504877</ele>
        <time>2025-10-21T16:40:25.000Z</time>
      </trkpt>
      <trkpt lat="47.951426" lon="8.201758">
        <ele>884.499703</ele>
        <time>2025-10-21T16:40:26.000Z</time>
      </trkpt>
      <trkpt lat="47.951406" lon="8.201770">
        <ele>884.493765</ele>
        <time>2025-10-21T16:40:27.000Z</time>
      </trkpt>
      <trkpt lat="47.951373" lon="8.201774">
        <ele>884.484644</ele>
        <time>2025-10-21T16:40:28.000Z</time>
      </trkpt>
      <trkpt lat="47.951349" lon="8.201782">
        <ele>884.477870</ele>
        <time>2025-10-21T16:40:29.000Z</time>
      </trkpt>
      <trkpt lat="47.951326" lon="8.201793">
        <ele>884.471217</ele>
        <time>2025-10-21T16:40:30.000Z</time>
      </trkpt>
      <trkpt lat="47.951300" lon="8.201800">
        <ele>884.463939</ele>
        <time>2025-10-21T16:40:31.000Z</time>
      </trkpt>
      <trkpt lat="47.951267" lon="8.201804">
        <ele>884.454819</ele>
        <time>2025-10-21T16:40:32.000Z</time>
      </trkpt>
      <trkpt lat="47.951245" lon="8.201811">
        <ele>884.448622</ele>
        <time>2025-10-21T16:40:33.000Z</time>
      </trkpt>
      <trkpt lat="47.951229" lon="8.201819">
        <ele>884.443974</ele>
        <time>2025-10-21T16:40:34.000Z</time>
      </trkpt>
      <trkpt lat="47.951198" lon="8.201825">
        <ele>884.435363</ele>
        <time>2025-10-21T16:40:35.000Z</time>
      </trkpt>
      <trkpt lat="47.951173" lon="8.201837">
        <ele>884.428128</ele>
        <time>2025-10-21T16:40:36.000Z</time>
      </trkpt>
      <trkpt lat="47.951156" lon="8.201846">
        <ele>884.423160</ele>
        <time>2025-10-21T16:40:37.000Z</time>
      </trkpt>
      <trkpt lat="47.951134" lon="8.201857">
        <ele>884.425348</ele>
        <time>2025-10-21T16:40:38.000Z</time>
      </trkpt>
      <trkpt lat="47.951107" lon="8.201861">
        <ele>884.430273</ele>
        <time>2025-10-21T16:40:39.000Z</time>
      </trkpt>
      <trkpt lat="47.951085" lon="8.201875">
        <ele>884.434613</ele>
        <time>2025-10-21T16:40:40.000Z</time>
      </trkpt>
      <trkpt lat="47.951065" lon="8.201889">
        <ele>884.438622</ele>
        <time>2025-10-21T16:40:41.000Z</time>
      </trkpt>
      <trkpt lat="47.951035" lon="8.201908">
        <ele>884.444536</ele>
        <time>2025-10-21T16:40:42.000Z</time>
      </trkpt>
      <trkpt lat="47.951009" lon="8.201920">
        <ele>884.449475</ele>
        <time>2025-10-21T16:40:43.000Z</time>
      </trkpt>
      <trkpt lat="47.950996" lon="8.201932">
        <ele>884.452249</ele>
        <time>2025-10-21T16:40:44.000Z</time>
      </trkpt>
      <trkpt lat="47.950970" lon="8.201944">
        <ele>884.457188</ele>
        <time>2025-10-21T16:40:45.000Z</time>
      </trkpt>
      <trkpt lat="47.950944" lon="8.201950">
        <ele>884.461963</ele>
        <time>2025-10-21T16:40:46.000Z</time>
      </trkpt>
      <trkpt lat="47.950930" lon="8.201957">
        <ele>884.464642</ele>
        <time>2025-10-21T16:40:47.000Z</time>
      </trkpt>
      <trkpt lat="47.950911" lon="8.201966">
        <ele>884.468260</ele>
        <time>2025-10-21T16:40:48.000Z</time>
      </trkpt>
      <trkpt lat="47.950882" lon="8.201975">
        <ele>884.473635</ele>
        <time>2025-10-21T16:40:49.000Z</time>
      </trkpt>
      <trkpt lat="47.950860" lon="8.201984">
        <ele>884.477775</ele>
        <time>2025-10-21T16:40:50.000Z</time>
      </trkpt>
      <trkpt lat="47.950842" lon="8.201997">
        <ele>884.481404</ele>
        <time>2025-10-21T16:40:51.000Z</time>
      </trkpt>
      <trkpt lat="47.950812" lon="8.202005">
        <ele>884.486935</ele>
        <time>2025-10-21T16:40:52.000Z</time>
      </trkpt>
      <trkpt lat="47.950785" lon="8.202020">
        <ele>884.492163</ele>
        <time>2025-10-21T16:40:53.000Z</time>
      </trkpt>
      <trkpt lat="47.950768" lon="8.202034">
        <ele>884.495687</ele>
        <time>2025-10-21T16:40:54.000Z</time>
      </trkpt>
      <trkpt lat="47.950740" lon="8.202046">
        <ele>884.500974</ele>
        <time>2025-10-21T16:40:55.000Z</time>
      </trkpt>
      <trkpt lat="47.950714" lon="8.202057">
        <ele>884.505878</ele>
        <time>2025-10-21T16:40:56.000Z</time>
      </trkpt>
      <trkpt lat="47.950702" lon="8.202065">
        <ele>884.508263</ele>
        <time>2025-10-21T16:40:57.000Z</time>
      </trkpt>
      <trkpt lat="47.950683" lon="8.202078">
        <ele>884.512056</ele>
        <time>2025-10-21T16:40:58.000Z</time>
      </trkpt>
      <trkpt lat="47.950654" lon="8.202091">
        <ele>884.517552</ele>
        <time>2025-10-21T16:40:59.000Z</time>
      </trkpt>
      <trkpt lat="47.950632" lon="8.202101">
        <ele>884.521725</ele>
        <time>2025-10-21T16:41:00.000Z</time>
      </trkpt>
      <trkpt lat="47.950614" lon="8.202113">
        <ele>884.525303</ele>
        <time>2025-10-21T16:41:01.000Z</time>
      </trkpt>
      <trkpt lat="47.950582" lon="8.202126">
        <ele>884.531322</ele>
        <time>2025-10-21T16:41:02.000Z</time>
      </trkpt>
      <trkpt lat="47.950560" lon="8.202137">
        <ele>884.535532</ele>
        <time>2025-10-21T16:41:03.000Z</time>
      </trkpt>
      <trkpt lat="47.950541" lon="8.202149">
        <ele>884.539277</ele>
        <time>2025-10-21T16:41:04.000Z</time>
      </trkpt>
      <trkpt lat="47.950510" lon="8.202155">
        <ele>884.544950</ele>
        <time>2025-10-21T16:41:05.000Z</time>
      </trkpt>
      <trkpt lat="47.950488" lon="8.202165">
        <ele>884.549123</ele>
        <time>2025-10-21T16:41:06.000Z</time>
      </trkpt>
      <trkpt lat="47.950474" lon="8.202175">
        <ele>884.551940</ele>
        <time>2025-10-21T16:41:07.000Z</time>
      </trkpt>
      <trkpt lat="47.950455" lon="8.202190">
        <ele>884.555841</ele>
        <time>2025-10-21T16:41:08.000Z</time>
      </trkpt>
      <trkpt lat="47.950431" lon="8.202197">
        <ele>884.560279</ele>
        <time>2025-10-21T16:41:09.000Z</time>
      </trkpt>
      <trkpt lat="47.950421" lon="8.202209">
        <ele>884.562607</ele>
        <time>2025-10-21T16:41:10.000Z</time>
      </trkpt>
      <trkpt lat="47.950395" lon="8.202222">
        <ele>884.567583</ele>
        <time>2025-10-21T16:41:11.000Z</time>
      </trkpt>
      <trkpt lat="47.950370" lon="8.202229">
        <ele>884.572200</ele>
        <time>2025-10-21T16:41:12.000Z</time>
      </trkpt>
      <trkpt lat="47.950356" lon="8.202240">
        <ele>884.575071</ele>
        <time>2025-10-21T16:41:13.000Z</time>
      </trkpt>
      <trkpt lat="47.950332" lon="8.202253">
        <ele>884.579704</ele>
        <time>2025-10-21T16:41:14.000Z</time>
      </trkpt>
      <trkpt lat="47.950308" lon="8.202262">
        <ele>884.584195</ele>
        <time>2025-10-21T16:41:15.000Z</time>
      </trkpt>
      <trkpt lat="47.950291" lon="8.202277">
        <ele>884.587779</ele>
        <time>2025-10-21T16:41:16.000Z</time>
      </trkpt>
      <trkpt lat="47.950265" lon="8.202289">
        <ele>884.592718</ele>
        <time>2025-10-21T16:41:17.000Z</time>
      </trkpt>
      <trkpt lat="47.950233" lon="8.202301">
        <ele>884.598706</ele>
        <time>2025-10-21T16:41:18.000Z</time>
      </trkpt>
      <trkpt lat="47.950216" lon="8.202311">
        <ele>884.602022</ele>
        <time>2025-10-21T16:41:19.000Z</time>
      </trkpt>
      <trkpt lat="47.950192" lon="8.202325">
        <ele>884.606699</ele>
        <time>2025-10-21T16:41:20.000Z</time>
      </trkpt>
      <trkpt lat="47.950164" lon="8.202337">
        <ele>884.611986</ele>
        <time>2025-10-21T16:41:21.000Z</time>
      </trkpt>
      <trkpt lat="47.950146" lon="8.202347">
        <ele>884.615471</ele>
        <time>2025-10-21T16:41:22.000Z</time>
      </trkpt>
      <trkpt lat="47.950122" lon="8.202362">
        <ele>884.620193</ele>
        <time>2025-10-21T16:41:23.000Z</time>
      </trkpt>
      <trkpt lat="47.950092" lon="8.202368">
        <ele>884.625686</ele>
        <time>2025-10-21T16:41:24.000Z</time>
      </trkpt>
      <trkpt lat="47.950077" lon="8.202379">
        <ele>884.628719</ele>
        <time>2025-10-21T16:41:25.000Z</time>
      </trkpt>
      <trkpt lat="47.950057" lon="8.202396">
        <ele>884.632896</ele>
        <time>2025-10-21T16:41:26.000Z</time>
      </trkpt>
      <trkpt lat="47.950025" lon="8.202401">
        <ele>884.638736</ele>
        <time>2025-10-21T16:41:27.000Z</time>
      </trkpt>
      <trkpt lat="47.950004" lon="8.202413">
        <ele>884.642816</ele>
        <time>2025-10-21T16:41:28.000Z</time>
      </trkpt>
      <trkpt lat="47.949985" lon="8.202423">
        <ele>884.646473</ele>
        <time>2025-10-21T16:41:29.000Z</time>
      </trkpt>
      <trkpt lat="47.949957" lon="8.202433">
        <ele>884.651698</ele>
        <time>2025-10-21T16:41:30.000Z</time>
      </trkpt>
      <trkpt lat="47.949935" lon="8.202443">
        <ele>884.655871</ele>
        <time>2025-10-21T16:41:31.000Z</time>
      </trkpt>
      <trkpt lat="47.949920" lon="8.202455">
        <ele>884.658960</ele>
        <time>2025-10-21T16:41:32.000Z</time>
      </trkpt>
      <trkpt lat="47.949889" lon="8.202466">
        <ele>884.664743</ele>
        <time>2025-10-21T16:41:33.000Z</time>
      </trkpt>
      <trkpt lat="47.949868" lon="8.202476">
        <ele>884.668743</ele>
        <time>2025-10-21T16:41:34.000Z</time>
      </trkpt>
      <trkpt lat="47.949852" lon="8.202487">
        <ele>884.671940</ele>
        <time>2025-10-21T16:41:35.000Z</time>
      </trkpt>
      <trkpt lat="47.949821" lon="8.202501">
        <ele>884.677818</ele>
        <time>2025-10-21T16:41:36.000Z</time>
      </trkpt>
      <trkpt lat="47.949802" lon="8.202509">
        <ele>884.681401</ele>
        <time>2025-10-21T16:41:37.000Z</time>
      </trkpt>
      <trkpt lat="47.949781" lon="8.202527">
        <ele>884.685795</ele>
        <time>2025-10-21T16:41:38.000Z</time>
      </trkpt>
      <trkpt lat="47.949751" lon="8.202539">
        <ele>884.691432</ele>
        <time>2025-10-21T16:41:39.000Z</time>
      </trkpt>
      <trkpt lat="47.949733" lon="8.202548">
        <ele>884.694877</ele>
        <time>2025-10-21T16:41:40.000Z</time>
      </trkpt>
      <trkpt lat="47.949714" lon="8.202566">
        <ele>884.698961</ele>
        <time>2025-10-21T16:41:41.000Z</time>
      </trkpt>
      <trkpt lat="47.949682" lon="8.202576">
        <ele>884.704894</ele>
        <time>2025-10-21T16:41:42.000Z</time>
      </trkpt>
      <trkpt lat="47.949661" lon="8.202589">
        <ele>884.709020</ele>
        <time>2025-10-21T16:41:43.000Z</time>
      </trkpt>
      <trkpt lat="47.949642" lon="8.202602">
        <ele>884.712813</ele>
        <time>2025-10-21T16:41:44.000Z</time>
      </trkpt>
      <trkpt lat="47.949612" lon="8.202613">
        <ele>884.718420</ele>
        <time>2025-10-21T16:41:45.000Z</time>
      </trkpt>
      <trkpt lat="47.949592" lon="8.202625">
        <ele>884.722332</ele>
        <time>2025-10-21T16:41:46.000Z</time>
      </trkpt>
      <trkpt lat="47.949578" lon="8.202636">
        <ele>884.725203</ele>
        <time>2025-10-21T16:41:47.000Z</time>
      </trkpt>
      <trkpt lat="47.949547" lon="8.202652">
        <ele>884.731156</ele>
        <time>2025-10-21T16:41:48.000Z</time>
      </trkpt>
      <trkpt lat="47.949527" lon="8.202665">
        <ele>884.735115</ele>
        <time>2025-10-21T16:41:49.000Z</time>
      </trkpt>
      <trkpt lat="47.949511" lon="8.202679">
        <ele>884.738480</ele>
        <time>2025-10-21T16:41:50.000Z</time>
      </trkpt>
      <trkpt lat="47.949487" lon="8.202690">
        <ele>884.743037</ele>
        <time>2025-10-21T16:41:51.000Z</time>
      </trkpt>
      <trkpt lat="47.949463" lon="8.202700">
        <ele>884.747559</ele>
        <time>2025-10-21T16:41:52.000Z</time>
      </trkpt>
      <trkpt lat="47.949447" lon="8.202712">
        <ele>884.698037</ele>
        <time>2025-10-21T16:41:53.000Z</time>
      </trkpt>
      <trkpt lat="47.949420" lon="8.202729">
        <ele>884.588118</ele>
        <time>2025-10-21T16:41:54.000Z</time>
      </trkpt>
      <trkpt lat="47.949396" lon="8.202738">
        <ele>884.495294</ele>
        <time>2025-10-21T16:41:55.000Z</time>
      </trkpt>
      <trkpt lat="47.949377" lon="8.202745">
        <ele>884.421885</ele>
        <time>2025-10-21T16:41:56.000Z</time>
      </trkpt>
      <trkpt lat="47.949352" lon="8.202761">
        <ele>884.319853</ele>
        <time>2025-10-21T16:41:57.000Z</time>
      </trkpt>
      <trkpt lat="47.949318" lon="8.202777">
        <ele>884.186129</ele>
        <time>2025-10-21T16:41:58.000Z</time>
      </trkpt>
      <trkpt lat="47.949292" lon="8.202789">
        <ele>884.084046</ele>
        <time>2025-10-21T16:41:59.000Z</time>
      </trkpt>
      <trkpt lat="47.949268" lon="8.202801">
        <ele>883.989104</ele>
        <time>2025-10-21T16:42:00.000Z</time>
      </trkpt>
      <trkpt lat="47.949234" lon="8.202814">
        <ele>883.857449</ele>
        <time>2025-10-21T16:42:01.000Z</time>
      </trkpt>
      <trkpt lat="47.949205" lon="8.202826">
        <ele>883.744565</ele>
        <time>2025-10-21T16:42:02.000Z</time>
      </trkpt>
      <trkpt lat="47.949187" lon="8.202837">
        <ele>883.671608</ele>
        <time>2025-10-21T16:42:03.000Z</time>
      </trkpt>
      <trkpt lat="47.949160" lon="8.202846">
        <ele>883.567833</ele>
        <time>2025-10-21T16:42:04.000Z</time>
      </trkpt>
      <trkpt lat="47.949133" lon="8.202857">
        <ele>883.462849</ele>
        <time>2025-10-21T16:42:05.000Z</time>
      </trkpt>
      <trkpt lat="47.949116" lon="8.202865">
        <ele>883.395987</ele>
        <time>2025-10-21T16:42:06.000Z</time>
      </trkpt>
      <trkpt lat="47.949095" lon="8.202874">
        <ele>883.314032</ele>
        <time>2025-10-21T16:42:07.000Z</time>
      </trkpt>
      <trkpt lat="47.949066" lon="8.202885">
        <ele>883.201793</ele>
        <time>2025-10-21T16:42:08.000Z</time>
      </trkpt>
      <trkpt lat="47.949050" lon="8.202896">
        <ele>883.135718</ele>
        <time>2025-10-21T16:42:09.000Z</time>
      </trkpt>
      <trkpt lat="47.949024" lon="8.202909">
        <ele>883.032864</ele>
        <time>2025-10-21T16:42:10.000Z</time>
      </trkpt>
      <trkpt lat="47.948991" lon="8.202916">
        <ele>882.907833</ele>
        <time>2025-10-21T16:42:11.000Z</time>
      </trkpt>
      <trkpt lat="47.948973" lon="8.202922">
        <ele>882.838650</ele>
        <time>2025-10-21T16:42:12.000Z</time>
      </trkpt>
      <trkpt lat="47.948948" lon="8.202935">
        <ele>882.739347</ele>
        <time>2025-10-21T16:42:13.000Z</time>
      </trkpt>
      <trkpt lat="47.948914" lon="8.202944">
        <ele>882.609819</ele>
        <time>2025-10-21T16:42:14.000Z</time>
      </trkpt>
      <trkpt lat="47.948889" lon="8.202952">
        <ele>882.513910</ele>
        <time>2025-10-21T16:42:15.000Z</time>
      </trkpt>
      <trkpt lat="47.948868" lon="8.202963">
        <ele>882.430429</ele>
        <time>2025-10-21T16:42:16.000Z</time>
      </trkpt>
      <trkpt lat="47.948834" lon="8.202967">
        <ele>882.302495</ele>
        <time>2025-10-21T16:42:17.000Z</time>
      </trkpt>
      <trkpt lat="47.948812" lon="8.202968">
        <ele>882.219931</ele>
        <time>2025-10-21T16:42:18.000Z</time>
      </trkpt>
      <trkpt lat="47.948794" lon="8.202973">
        <ele>882.151252</ele>
        <time>2025-10-21T16:42:19.000Z</time>
      </trkpt>
      <trkpt lat="47.948768" lon="8.202982">
        <ele>882.051135</ele>
        <time>2025-10-21T16:42:20.000Z</time>
      </trkpt>
      <trkpt lat="47.948736" lon="8.202976">
        <ele>881.930156</ele>
        <time>2025-10-21T16:42:21.000Z</time>
      </trkpt>
      <trkpt lat="47.948714" lon="8.202978">
        <ele>881.847478</ele>
        <time>2025-10-21T16:42:22.000Z</time>
      </trkpt>
      <trkpt lat="47.948691" lon="8.202985">
        <ele>881.759427</ele>
        <time>2025-10-21T16:42:23.000Z</time>
      </trkpt>
      <trkpt lat="47.948660" lon="8.202984">
        <ele>881.643115</ele>
        <time>2025-10-21T16:42:24.000Z</time>
      </trkpt>
      <trkpt lat="47.948631" lon="8.202979">
        <ele>881.533609</ele>
        <time>2025-10-21T16:42:25.000Z</time>
      </trkpt>
      <trkpt lat="47.948611" lon="8.202980">
        <ele>881.458544</ele>
        <time>2025-10-21T16:42:26.000Z</time>
      </trkpt>
      <trkpt lat="47.948588" lon="8.202977">
        <ele>881.371939</ele>
        <time>2025-10-21T16:42:27.000Z</time>
      </trkpt>
      <trkpt lat="47.948558" lon="8.202969">
        <ele>881.257624</ele>
        <time>2025-10-21T16:42:28.000Z</time>
      </trkpt>
      <trkpt lat="47.948529" lon="8.202966">
        <ele>881.148580</ele>
        <time>2025-10-21T16:42:29.000Z</time>
      </trkpt>
      <trkpt lat="47.948506" lon="8.202965">
        <ele>881.062267</ele>
        <time>2025-10-21T16:42:30.000Z</time>
      </trkpt>
      <trkpt lat="47.948479" lon="8.202964">
        <ele>880.960955</ele>
        <time>2025-10-21T16:42:31.000Z</time>
      </trkpt>
      <trkpt lat="47.948450" lon="8.202958">
        <ele>880.851133</ele>
        <time>2025-10-21T16:42:32.000Z</time>
      </trkpt>
      <trkpt lat="47.948422" lon="8.202961">
        <ele>880.745831</ele>
        <time>2025-10-21T16:42:33.000Z</time>
      </trkpt>
      <trkpt lat="47.948399" lon="8.202964">
        <ele>880.659226</ele>
        <time>2025-10-21T16:42:34.000Z</time>
      </trkpt>
      <trkpt lat="47.948367" lon="8.202961">
        <ele>880.538953</ele>
        <time>2025-10-21T16:42:35.000Z</time>
      </trkpt>
      <trkpt lat="47.948340" lon="8.202955">
        <ele>880.436556</ele>
        <time>2025-10-21T16:42:36.000Z</time>
      </trkpt>
      <trkpt lat="47.948318" lon="8.202954">
        <ele>880.353993</ele>
        <time>2025-10-21T16:42:37.000Z</time>
      </trkpt>
      <trkpt lat="47.948293" lon="8.202950">
        <ele>880.259677</ele>
        <time>2025-10-21T16:42:38.000Z</time>
      </trkpt>
      <trkpt lat="47.948259" lon="8.202939">
        <ele>880.129179</ele>
        <time>2025-10-21T16:42:39.000Z</time>
      </trkpt>
      <trkpt lat="47.948239" lon="8.202938">
        <ele>880.054114</ele>
        <time>2025-10-21T16:42:40.000Z</time>
      </trkpt>
      <trkpt lat="47.948218" lon="8.202940">
        <ele>879.975180</ele>
        <time>2025-10-21T16:42:41.000Z</time>
      </trkpt>
      <trkpt lat="47.948191" lon="8.202937">
        <ele>879.873619</ele>
        <time>2025-10-21T16:42:42.000Z</time>
      </trkpt>
      <trkpt lat="47.948167" lon="8.202932">
        <ele>879.782719</ele>
        <time>2025-10-21T16:42:43.000Z</time>
      </trkpt>
      <trkpt lat="47.948144" lon="8.202934">
        <ele>879.696297</ele>
        <time>2025-10-21T16:42:44.000Z</time>
      </trkpt>
      <trkpt lat="47.948120" lon="8.202933">
        <ele>879.606234</ele>
        <time>2025-10-21T16:42:45.000Z</time>
      </trkpt>
      <trkpt lat="47.948091" lon="8.202927">
        <ele>879.496411</ele>
        <time>2025-10-21T16:42:46.000Z</time>
      </trkpt>
      <trkpt lat="47.948066" lon="8.202930">
        <ele>879.402331</ele>
        <time>2025-10-21T16:42:47.000Z</time>
      </trkpt>
      <trkpt lat="47.948049" lon="8.202930">
        <ele>879.338561</ele>
        <time>2025-10-21T16:42:48.000Z</time>
      </trkpt>
      <trkpt lat="47.948018" lon="8.202930">
        <ele>879.222276</ele>
        <time>2025-10-21T16:42:49.000Z</time>
      </trkpt>
      <trkpt lat="47.947991" lon="8.202919">
        <ele>879.117292</ele>
        <time>2025-10-21T16:42:50.000Z</time>
      </trkpt>
      <trkpt lat="47.947969" lon="8.202907">
        <ele>879.029431</ele>
        <time>2025-10-21T16:42:51.000Z</time>
      </trkpt>
      <trkpt lat="47.947944" lon="8.202906">
        <ele>878.935619</ele>
        <time>2025-10-21T16:42:52.000Z</time>
      </trkpt>
      <trkpt lat="47.947911" lon="8.202897">
        <ele>878.809783</ele>
        <time>2025-10-21T16:42:53.000Z</time>
      </trkpt>
      <trkpt lat="47.947884" lon="8.202892">
        <ele>878.707726</ele>
        <time>2025-10-21T16:42:54.000Z</time>
      </trkpt>
      <trkpt lat="47.947864" lon="8.202884">
        <ele>878.630057</ele>
        <time>2025-10-21T16:42:55.000Z</time>
      </trkpt>
      <trkpt lat="47.947833" lon="8.202877">
        <ele>878.512450</ele>
        <time>2025-10-21T16:42:56.000Z</time>
      </trkpt>
      <trkpt lat="47.947803" lon="8.202870">
        <ele>878.398549</ele>
        <time>2025-10-21T16:42:57.000Z</time>
      </trkpt>
      <trkpt lat="47.947780" lon="8.202866">
        <ele>878.311690</ele>
        <time>2025-10-21T16:42:58.000Z</time>
      </trkpt>
      <trkpt lat="47.947761" lon="8.202864">
        <ele>878.240241</ele>
        <time>2025-10-21T16:42:59.000Z</time>
      </trkpt>
      <trkpt lat="47.947731" lon="8.202848">
        <ele>878.120742</ele>
        <time>2025-10-21T16:43:00.000Z</time>
      </trkpt>
      <trkpt lat="47.947704" lon="8.202837">
        <ele>878.015758</ele>
        <time>2025-10-21T16:43:01.000Z</time>
      </trkpt>
      <trkpt lat="47.947676" lon="8.202832">
        <ele>877.794220</ele>
        <time>2025-10-21T16:43:02.000Z</time>
      </trkpt>
      <trkpt lat="47.947653" lon="8.202823">
        <ele>877.592111</ele>
        <time>2025-10-21T16:43:03.000Z</time>
      </trkpt>
      <trkpt lat="47.947622" lon="8.202805">
        <ele>877.309376</ele>
        <time>2025-10-21T16:43:04.000Z</time>
      </trkpt>
      <trkpt lat="47.947599" lon="8.202794">
        <ele>877.104084</ele>
        <time>2025-10-21T16:43:05.000Z</time>
      </trkpt>
      <trkpt lat="47.947581" lon="8.202783">
        <ele>876.938758</ele>
        <time>2025-10-21T16:43:06.000Z</time>
      </trkpt>
      <trkpt lat="47.947555" lon="8.202769">
        <ele>876.703816</ele>
        <time>2025-10-21T16:43:07.000Z</time>
      </trkpt>
      <trkpt lat="47.947528" lon="8.202742">
        <ele>876.427583</ele>
        <time>2025-10-21T16:43:08.000Z</time>
      </trkpt>
      <trkpt lat="47.947503" lon="8.202729">
        <ele>876.202556</ele>
        <time>2025-10-21T16:43:09.000Z</time>
      </trkpt>
      <trkpt lat="47.947482" lon="8.202718">
        <ele>876.013383</ele>
        <time>2025-10-21T16:43:10.000Z</time>
      </trkpt>
      <trkpt lat="47.947458" lon="8.202700">
        <ele>875.785082</ele>
        <time>2025-10-21T16:43:11.000Z</time>
      </trkpt>
      <trkpt lat="47.947433" lon="8.202675">
        <ele>875.529310</ele>
        <time>2025-10-21T16:43:12.000Z</time>
      </trkpt>
      <trkpt lat="47.947410" lon="8.202653">
        <ele>875.297120</ele>
        <time>2025-10-21T16:43:13.000Z</time>
      </trkpt>
      <trkpt lat="47.947391" lon="8.202640">
        <ele>875.119463</ele>
        <time>2025-10-21T16:43:14.000Z</time>
      </trkpt>
      <trkpt lat="47.947365" lon="8.202617">
        <ele>874.862574</ele>
        <time>2025-10-21T16:43:15.000Z</time>
      </trkpt>
      <trkpt lat="47.947345" lon="8.202591">
        <ele>874.637151</ele>
        <time>2025-10-21T16:43:16.000Z</time>
      </trkpt>
      <trkpt lat="47.947327" lon="8.202569">
        <ele>874.439414</ele>
        <time>2025-10-21T16:43:17.000Z</time>
      </trkpt>
      <trkpt lat="47.947309" lon="8.202552">
        <ele>874.258365</ele>
        <time>2025-10-21T16:43:18.000Z</time>
      </trkpt>
      <trkpt lat="47.947281" lon="8.202525">
        <ele>873.975029</ele>
        <time>2025-10-21T16:43:19.000Z</time>
      </trkpt>
      <trkpt lat="47.947256" lon="8.202500">
        <ele>873.719257</ele>
        <time>2025-10-21T16:43:20.000Z</time>
      </trkpt>
      <trkpt lat="47.947237" lon="8.202482">
        <ele>873.527980</ele>
        <time>2025-10-21T16:43:21.000Z</time>
      </trkpt>
      <trkpt lat="47.947222" lon="8.202461">
        <ele>873.353186</ele>
        <time>2025-10-21T16:43:22.000Z</time>
      </trkpt>
      <trkpt lat="47.947200" lon="8.202435">
        <ele>873.114680</ele>
        <time>2025-10-21T16:43:23.000Z</time>
      </trkpt>
      <trkpt lat="47.947177" lon="8.202414">
        <ele>872.885512</ele>
        <time>2025-10-21T16:43:24.000Z</time>
      </trkpt>
      <trkpt lat="47.947153" lon="8.202399">
        <ele>872.664351</ele>
        <time>2025-10-21T16:43:25.000Z</time>
      </trkpt>
      <trkpt lat="47.947132" lon="8.202385">
        <ele>872.468857</ele>
        <time>2025-10-21T16:43:26.000Z</time>
      </trkpt>
      <trkpt lat="47.947106" lon="8.202357">
        <ele>872.196353</ele>
        <time>2025-10-21T16:43:27.000Z</time>
      </trkpt>
      <trkpt lat="47.947083" lon="8.202338">
        <ele>871.972914</ele>
        <time>2025-10-21T16:43:28.000Z</time>
      </trkpt>
      <trkpt lat="47.947066" lon="8.202329">
        <ele>871.819593</ele>
        <time>2025-10-21T16:43:29.000Z</time>
      </trkpt>
      <trkpt lat="47.947040" lon="8.202312">
        <ele>871.578321</ele>
        <time>2025-10-21T16:43:30.000Z</time>
      </trkpt>
      <trkpt lat="47.947014" lon="8.202288">
        <ele>871.318482</ele>
        <time>2025-10-21T16:43:31.000Z</time>
      </trkpt>
      <trkpt lat="47.946990" lon="8.202284">
        <ele>871.113209</ele>
        <time>2025-10-21T16:43:32.000Z</time>
      </trkpt>
      <trkpt lat="47.946966" lon="8.202281">
        <ele>870.908490</ele>
        <time>2025-10-21T16:43:33.000Z</time>
      </trkpt>
      <trkpt lat="47.946935" lon="8.202264">
        <ele>870.627768</ele>
        <time>2025-10-21T16:43:34.000Z</time>
      </trkpt>
      <trkpt lat="47.946913" lon="8.202247">
        <ele>870.417198</ele>
        <time>2025-10-21T16:43:35.000Z</time>
      </trkpt>
      <trkpt lat="47.946895" lon="8.202241">
        <ele>870.260427</ele>
        <time>2025-10-21T16:43:36.000Z</time>
      </trkpt>
      <trkpt lat="47.946871" lon="8.202229">
        <ele>870.045284</ele>
        <time>2025-10-21T16:43:37.000Z</time>
      </trkpt>
      <trkpt lat="47.946841" lon="8.202209">
        <ele>869.766007</ele>
        <time>2025-10-21T16:43:38.000Z</time>
      </trkpt>
      <trkpt lat="47.946814" lon="8.202202">
        <ele>869.533065</ele>
        <time>2025-10-21T16:43:39.000Z</time>
      </trkpt>
      <trkpt lat="47.946793" lon="8.202203">
        <ele>869.354470</ele>
        <time>2025-10-21T16:43:40.000Z</time>
      </trkpt>
      <trkpt lat="47.946765" lon="8.202196">
        <ele>869.113149</ele>
        <time>2025-10-21T16:43:41.000Z</time>
      </trkpt>
      <trkpt lat="47.946738" lon="8.202187">
        <ele>868.877991</ele>
        <time>2025-10-21T16:43:42.000Z</time>
      </trkpt>
      <trkpt lat="47.946715" lon="8.202186">
        <ele>868.682403</ele>
        <time>2025-10-21T16:43:43.000Z</time>
      </trkpt>
      <trkpt lat="47.946694" lon="8.202180">
        <ele>868.500659</ele>
        <time>2025-10-21T16:43:44.000Z</time>
      </trkpt>
      <trkpt lat="47.946661" lon="8.202170">
        <ele>868.214431</ele>
        <time>2025-10-21T16:43:45.000Z</time>
      </trkpt>
      <trkpt lat="47.946636" lon="8.202163">
        <ele>867.998219</ele>
        <time>2025-10-21T16:43:46.000Z</time>
      </trkpt>
      <trkpt lat="47.946615" lon="8.202166">
        <ele>867.818899</ele>
        <time>2025-10-21T16:43:47.000Z</time>
      </trkpt>
      <trkpt lat="47.946590" lon="8.202168">
        <ele>867.606088</ele>
        <time>2025-10-21T16:43:48.000Z</time>
      </trkpt>
      <trkpt lat="47.946560" lon="8.202152">
        <ele>867.335297</ele>
        <time>2025-10-21T16:43:49.000Z</time>
      </trkpt>
      <trkpt lat="47.946536" lon="8.202145">
        <ele>867.127435</ele>
        <time>2025-10-21T16:43:50.000Z</time>
      </trkpt>
      <trkpt lat="47.946519" lon="8.202145">
        <ele>866.982931</ele>
        <time>2025-10-21T16:43:51.000Z</time>
      </trkpt>
      <trkpt lat="47.946489" lon="8.202141">
        <ele>866.726909</ele>
        <time>2025-10-21T16:43:52.000Z</time>
      </trkpt>
      <trkpt lat="47.946463" lon="8.202129">
        <ele>866.495582</ele>
        <time>2025-10-21T16:43:53.000Z</time>
      </trkpt>
      <trkpt lat="47.946441" lon="8.202121">
        <ele>866.303110</ele>
        <time>2025-10-21T16:43:54.000Z</time>
      </trkpt>
      <trkpt lat="47.946419" lon="8.202119">
        <ele>866.115758</ele>
        <time>2025-10-21T16:43:55.000Z</time>
      </trkpt>
      <trkpt lat="47.946387" lon="8.202112">
        <ele>865.840846</ele>
        <time>2025-10-21T16:43:56.000Z</time>
      </trkpt>
      <trkpt lat="47.946360" lon="8.202112">
        <ele>865.611339</ele>
        <time>2025-10-21T16:43:57.000Z</time>
      </trkpt>
      <trkpt lat="47.946336" lon="8.202108">
        <ele>865.406066</ele>
        <time>2025-10-21T16:43:58.000Z</time>
      </trkpt>
      <trkpt lat="47.946308" lon="8.202106">
        <ele>865.167787</ele>
        <time>2025-10-21T16:43:59.000Z</time>
      </trkpt>
      <trkpt lat="47.946275" lon="8.202098">
        <ele>864.883605</ele>
        <time>2025-10-21T16:44:00.000Z</time>
      </trkpt>
      <trkpt lat="47.946246" lon="8.202094">
        <ele>864.636049</ele>
        <time>2025-10-21T16:44:01.000Z</time>
      </trkpt>
      <trkpt lat="47.946223" lon="8.202092">
        <ele>864.440212</ele>
        <time>2025-10-21T16:44:02.000Z</time>
      </trkpt>
      <trkpt lat="47.946202" lon="8.202088">
        <ele>864.260260</ele>
        <time>2025-10-21T16:44:03.000Z</time>
      </trkpt>
      <trkpt lat="47.946178" lon="8.202080">
        <ele>864.051231</ele>
        <time>2025-10-21T16:44:04.000Z</time>
      </trkpt>
      <trkpt lat="47.946155" lon="8.202074">
        <ele>863.852763</ele>
        <time>2025-10-21T16:44:05.000Z</time>
      </trkpt>
      <trkpt lat="47.946134" lon="8.202072">
        <ele>863.673895</ele>
        <time>2025-10-21T16:44:06.000Z</time>
      </trkpt>
      <trkpt lat="47.946104" lon="8.202074">
        <ele>863.418634</ele>
        <time>2025-10-21T16:44:07.000Z</time>
      </trkpt>
      <trkpt lat="47.946075" lon="8.202068">
        <ele>863.169771</ele>
        <time>2025-10-21T16:44:08.000Z</time>
      </trkpt>
      <trkpt lat="47.946050" lon="8.202070">
        <ele>862.956960</ele>
        <time>2025-10-21T16:44:09.000Z</time>
      </trkpt>
      <trkpt lat="47.946027" lon="8.202073">
        <ele>862.760710</ele>
        <time>2025-10-21T16:44:10.000Z</time>
      </trkpt>
      <trkpt lat="47.946003" lon="8.202067">
        <ele>862.725168</ele>
        <time>2025-10-21T16:44:11.000Z</time>
      </trkpt>
      <trkpt lat="47.945974" lon="8.202063">
        <ele>862.744918</ele>
        <time>2025-10-21T16:44:12.000Z</time>
      </trkpt>
      <trkpt lat="47.945950" lon="8.202067">
        <ele>862.761294</ele>
        <time>2025-10-21T16:44:13.000Z</time>
      </trkpt>
      <trkpt lat="47.945925" lon="8.202068">
        <ele>862.778253</ele>
        <time>2025-10-21T16:44:14.000Z</time>
      </trkpt>
      <trkpt lat="47.945896" lon="8.202075">
        <ele>862.798174</ele>
        <time>2025-10-21T16:44:15.000Z</time>
      </trkpt>
      <trkpt lat="47.945860" lon="8.202071">
        <ele>862.822654</ele>
        <time>2025-10-21T16:44:16.000Z</time>
      </trkpt>
      <trkpt lat="47.945835" lon="8.202075">
        <ele>862.839704</ele>
        <time>2025-10-21T16:44:17.000Z</time>
      </trkpt>
      <trkpt lat="47.945808" lon="8.202079">
        <ele>862.858103</ele>
        <time>2025-10-21T16:44:18.000Z</time>
      </trkpt>
      <trkpt lat="47.945772" lon="8.202080">
        <ele>862.882520</ele>
        <time>2025-10-21T16:44:19.000Z</time>
      </trkpt>
      <trkpt lat="47.945746" lon="8.202083">
        <ele>862.900204</ele>
        <time>2025-10-21T16:44:20.000Z</time>
      </trkpt>
      <trkpt lat="47.945721" lon="8.202090">
        <ele>862.917452</ele>
        <time>2025-10-21T16:44:21.000Z</time>
      </trkpt>
      <trkpt lat="47.945689" lon="8.202090">
        <ele>862.939152</ele>
        <time>2025-10-21T16:44:22.000Z</time>
      </trkpt>
      <trkpt lat="47.945661" lon="8.202094">
        <ele>862.958227</ele>
        <time>2025-10-21T16:44:23.000Z</time>
      </trkpt>
      <trkpt lat="47.945638" lon="8.202097">
        <ele>862.973883</ele>
        <time>2025-10-21T16:44:24.000Z</time>
      </trkpt>
      <trkpt lat="47.945610" lon="8.202104">
        <ele>862.993135</ele>
        <time>2025-10-21T16:44:25.000Z</time>
      </trkpt>
      <trkpt lat="47.945579" lon="8.202103">
        <ele>863.014161</ele>
        <time>2025-10-21T16:44:26.000Z</time>
      </trkpt>
      <trkpt lat="47.945555" lon="8.202109">
        <ele>863.030663</ele>
        <time>2025-10-21T16:44:27.000Z</time>
      </trkpt>
      <trkpt lat="47.945533" lon="8.202117">
        <ele>863.046018</ele>
        <time>2025-10-21T16:44:28.000Z</time>
      </trkpt>
      <trkpt lat="47.945504" lon="8.202116">
        <ele>863.065689</ele>
        <time>2025-10-21T16:44:29.000Z</time>
      </trkpt>
      <trkpt lat="47.945478" lon="8.202118">
        <ele>863.083343</ele>
        <time>2025-10-21T16:44:30.000Z</time>
      </trkpt>
      <trkpt lat="47.945458" lon="8.202125">
        <ele>863.097274</ele>
        <time>2025-10-21T16:44:31.000Z</time>
      </trkpt>
      <trkpt lat="47.945428" lon="8.202121">
        <ele>863.117698</ele>
        <time>2025-10-21T16:44:32.000Z</time>
      </trkpt>
      <trkpt lat="47.945401" lon="8.202119">
        <ele>863.136030</ele>
        <time>2025-10-21T16:44:33.000Z</time>
      </trkpt>
      <trkpt lat="47.945384" lon="8.202113">
        <ele>863.147876</ele>
        <time>2025-10-21T16:44:34.000Z</time>
      </trkpt>
      <trkpt lat="47.945352" lon="8.202113">
        <ele>863.169576</ele>
        <time>2025-10-21T16:44:35.000Z</time>
      </trkpt>
      <trkpt lat="47.945323" lon="8.202107">
        <ele>863.189429</ele>
        <time>2025-10-21T16:44:36.000Z</time>
      </trkpt>
      <trkpt lat="47.945302" lon="8.202114">
        <ele>863.204021</ele>
        <time>2025-10-21T16:44:37.000Z</time>
      </trkpt>
      <trkpt lat="47.945270" lon="8.202125">
        <ele>863.226288</ele>
        <time>2025-10-21T16:44:38.000Z</time>
      </trkpt>
      <trkpt lat="47.945243" lon="8.202133">
        <ele>863.244955</ele>
        <time>2025-10-21T16:44:39.000Z</time>
      </trkpt>
      <trkpt lat="47.945232" lon="8.202149">
        <ele>863.255369</ele>
        <time>2025-10-21T16:44:40.000Z</time>
      </trkpt>
      <trkpt lat="47.945210" lon="8.202180">
        <ele>863.275884</ele>
        <time>2025-10-21T16:44:41.000Z</time>
      </trkpt>
      <trkpt lat="47.945198" lon="8.202212">
        <ele>863.292542</ele>
        <time>2025-10-21T16:44:42.000Z</time>
      </trkpt>
      <trkpt lat="47.945195" lon="8.202241">
        <ele>863.305871</ele>
        <time>2025-10-21T16:44:43.000Z</time>
      </trkpt>
      <trkpt lat="47.945192" lon="8.202288">
        <ele>863.327317</ele>
        <time>2025-10-21T16:44:44.000Z</time>
      </trkpt>
      <trkpt lat="47.945196" lon="8.202328">
        <ele>863.345688</ele>
        <time>2025-10-21T16:44:45.000Z</time>
      </trkpt>
      <trkpt lat="47.945207" lon="8.202355">
        <ele>863.360043</ele>
        <time>2025-10-21T16:44:46.000Z</time>
      </trkpt>
      <trkpt lat="47.945215" lon="8.202395">
        <ele>863.379005</ele>
        <time>2025-10-21T16:44:47.000Z</time>
      </trkpt>
      <trkpt lat="47.945215" lon="8.202432">
        <ele>863.395811</ele>
        <time>2025-10-21T16:44:48.000Z</time>
      </trkpt>
      <trkpt lat="47.945226" lon="8.202460">
        <ele>863.410556</ele>
        <time>2025-10-21T16:44:49.000Z</time>
      </trkpt>
      <trkpt lat="47.945232" lon="8.202501">
        <ele>863.429619</ele>
        <time>2025-10-21T16:44:50.000Z</time>
      </trkpt>
      <trkpt lat="47.945230" lon="8.202541">
        <ele>863.447839</ele>
        <time>2025-10-21T16:44:51.000Z</time>
      </trkpt>
      <trkpt lat="47.945236" lon="8.202568">
        <ele>863.460760</ele>
        <time>2025-10-21T16:44:52.000Z</time>
      </trkpt>
      <trkpt lat="47.945239" lon="8.202605">
        <ele>863.477690</ele>
        <time>2025-10-21T16:44:53.000Z</time>
      </trkpt>
      <trkpt lat="47.945233" lon="8.202645">
        <ele>863.496309</ele>
        <time>2025-10-21T16:44:54.000Z</time>
      </trkpt>
      <trkpt lat="47.945243" lon="8.202669">
        <ele>863.509148</ele>
        <time>2025-10-21T16:44:55.000Z</time>
      </trkpt>
      <trkpt lat="47.945244" lon="8.202700">
        <ele>863.523245</ele>
        <time>2025-10-21T16:44:56.000Z</time>
      </trkpt>
      <trkpt lat="47.945241" lon="8.202745">
        <ele>863.543787</ele>
        <time>2025-10-21T16:44:57.000Z</time>
      </trkpt>
      <trkpt lat="47.945249" lon="8.202774">
        <ele>863.558033</ele>
        <time>2025-10-21T16:44:58.000Z</time>
      </trkpt>
      <trkpt lat="47.945254" lon="8.202805">
        <ele>863.572517</ele>
        <time>2025-10-21T16:44:59.000Z</time>
      </trkpt>
      <trkpt lat="47.945246" lon="8.202847">
        <ele>863.592351</ele>
        <time>2025-10-21T16:45:00.000Z</time>
      </trkpt>
      <trkpt lat="47.945251" lon="8.202879">
        <ele>863.607277</ele>
        <time>2025-10-21T16:45:01.000Z</time>
      </trkpt>
      <trkpt lat="47.945257" lon="8.202904">
        <ele>863.619339</ele>
        <time>2025-10-21T16:45:02.000Z</time>
      </trkpt>
      <trkpt lat="47.945253" lon="8.202948">
        <ele>863.639509</ele>
        <time>2025-10-21T16:45:03.000Z</time>
      </trkpt>
      <trkpt lat="47.945254" lon="8.202982">
        <ele>863.654968</ele>
        <time>2025-10-21T16:45:04.000Z</time>
      </trkpt>
      <trkpt lat="47.945257" lon="8.203003">
        <ele>863.664721</ele>
        <time>2025-10-21T16:45:05.000Z</time>
      </trkpt>
      <trkpt lat="47.945254" lon="8.203043">
        <ele>863.683004</ele>
        <time>2025-10-21T16:45:06.000Z</time>
      </trkpt>
      <trkpt lat="47.945258" lon="8.203074">
        <ele>863.697344</ele>
        <time>2025-10-21T16:45:07.000Z</time>
      </trkpt>
      <trkpt lat="47.945259" lon="8.203102">
        <ele>863.710081</ele>
        <time>2025-10-21T16:45:08.000Z</time>
      </trkpt>
      <trkpt lat="47.945257" lon="8.203144">
        <ele>863.729207</ele>
        <time>2025-10-21T16:45:09.000Z</time>
      </trkpt>
      <trkpt lat="47.945258" lon="8.203174">
        <ele>863.742851</ele>
        <time>2025-10-21T16:45:10.000Z</time>
      </trkpt>
      <trkpt lat="47.945260" lon="8.203200">
        <ele>863.754739</ele>
        <time>2025-10-21T16:45:11.000Z</time>
      </trkpt>
      <trkpt lat="47.945253" lon="8.203236">
        <ele>863.771766</ele>
        <time>2025-10-21T16:45:12.000Z</time>
      </trkpt>
      <trkpt lat="47.945256" lon="8.203262">
        <ele>863.783750</ele>
        <time>2025-10-21T16:45:13.000Z</time>
      </trkpt>
      <trkpt lat="47.945259" lon="8.203284">
        <ele>863.793948</ele>
        <time>2025-10-21T16:45:14.000Z</time>
      </trkpt>
      <trkpt lat="47.945257" lon="8.203327">
        <ele>863.813527</ele>
        <time>2025-10-21T16:45:15.000Z</time>
      </trkpt>
      <trkpt lat="47.945258" lon="8.203354">
        <ele>863.825810</ele>
        <time>2025-10-21T16:45:16.000Z</time>
      </trkpt>
      <trkpt lat="47.945260" lon="8.203374">
        <ele>863.834996</ele>
        <time>2025-10-21T16:45:17.000Z</time>
      </trkpt>
      <trkpt lat="47.945254" lon="8.203412">
        <ele>863.852730</ele>
        <time>2025-10-21T16:45:18.000Z</time>
      </trkpt>
      <trkpt lat="47.945258" lon="8.203441">
        <ele>863.866179</ele>
        <time>2025-10-21T16:45:19.000Z</time>
      </trkpt>
      <trkpt lat="47.945264" lon="8.203464">
        <ele>863.877391</ele>
        <time>2025-10-21T16:45:20.000Z</time>
      </trkpt>
      <trkpt lat="47.945262" lon="8.203500">
        <ele>863.893799</ele>
        <time>2025-10-21T16:45:21.000Z</time>
      </trkpt>
      <trkpt lat="47.945257" lon="8.203536">
        <ele>863.910500</ele>
        <time>2025-10-21T16:45:22.000Z</time>
      </trkpt>
      <trkpt lat="47.945265" lon="8.203555">
        <ele>863.920693</ele>
        <time>2025-10-21T16:45:23.000Z</time>
      </trkpt>
      <trkpt lat="47.945264" lon="8.203587">
        <ele>863.957844</ele>
        <time>2025-10-21T16:45:24.000Z</time>
      </trkpt>
      <trkpt lat="47.945254" lon="8.203625">
        <ele>864.114679</ele>
        <time>2025-10-21T16:45:25.000Z</time>
      </trkpt>
      <trkpt lat="47.945261" lon="8.203649">
        <ele>864.215233</ele>
        <time>2025-10-21T16:45:26.000Z</time>
      </trkpt>
      <trkpt lat="47.945260" lon="8.203680">
        <ele>864.334455</ele>
        <time>2025-10-21T16:45:27.000Z</time>
      </trkpt>
      <trkpt lat="47.945250" lon="8.203720">
        <ele>864.498465</ele>
        <time>2025-10-21T16:45:28.000Z</time>
      </trkpt>
      <trkpt lat="47.945256" lon="8.203746">
        <ele>864.604103</ele>
        <time>2025-10-21T16:45:29.000Z</time>
      </trkpt>
      <trkpt lat="47.945257" lon="8.203778">
        <ele>864.727162</ele>
        <time>2025-10-21T16:45:30.000Z</time>
      </trkpt>
      <trkpt lat="47.945246" lon="8.203821">
        <ele>864.903979</ele>
        <time>2025-10-21T16:45:31.000Z</time>
      </trkpt>
      <trkpt lat="47.945252" lon="8.203847">
        <ele>865.009617</ele>
        <time>2025-10-21T16:45:32.000Z</time>
      </trkpt>
      <trkpt lat="47.945254" lon="8.203877">
        <ele>865.125429</ele>
        <time>2025-10-21T16:45:33.000Z</time>
      </trkpt>
      <trkpt lat="47.945248" lon="8.203918">
        <ele>865.286642</ele>
        <time>2025-10-21T16:45:34.000Z</time>
      </trkpt>
      <trkpt lat="47.945246" lon="8.203950">
        <ele>865.410102</ele>
        <time>2025-10-21T16:45:35.000Z</time>
      </trkpt>
      <trkpt lat="47.945247" lon="8.203977">
        <ele>865.513979</ele>
        <time>2025-10-21T16:45:36.000Z</time>
      </trkpt>
      <trkpt lat="47.945240" lon="8.204019">
        <ele>865.680237</ele>
        <time>2025-10-21T16:45:37.000Z</time>
      </trkpt>
      <trkpt lat="47.945241" lon="8.204051">
        <ele>865.803297</ele>
        <time>2025-10-21T16:45:38.000Z</time>
      </trkpt>
      <trkpt lat="47.945246" lon="8.204071">
        <ele>865.885301</ele>
        <time>2025-10-21T16:45:39.000Z</time>
      </trkpt>
      <trkpt lat="47.945243" lon="8.204108">
        <ele>866.028472</ele>
        <time>2025-10-21T16:45:40.000Z</time>
      </trkpt>
      <trkpt lat="47.945245" lon="8.204141">
        <ele>866.155756</ele>
        <time>2025-10-21T16:45:41.000Z</time>
      </trkpt>
      <trkpt lat="47.945244" lon="8.204164">
        <ele>866.244295</ele>
        <time>2025-10-21T16:45:42.000Z</time>
      </trkpt>
      <trkpt lat="47.945243" lon="8.204201">
        <ele>866.386543</ele>
        <time>2025-10-21T16:45:43.000Z</time>
      </trkpt>
      <trkpt lat="47.945243" lon="8.204234">
        <ele>866.513310</ele>
        <time>2025-10-21T16:45:44.000Z</time>
      </trkpt>
      <trkpt lat="47.945247" lon="8.204257">
        <ele>866.604592</ele>
        <time>2025-10-21T16:45:45.000Z</time>
      </trkpt>
      <trkpt lat="47.945243" lon="8.204297">
        <ele>866.759952</ele>
        <time>2025-10-21T16:45:46.000Z</time>
      </trkpt>
      <trkpt lat="47.945238" lon="8.204334">
        <ele>866.904948</ele>
        <time>2025-10-21T16:45:47.000Z</time>
      </trkpt>
      <trkpt lat="47.945241" lon="8.204362">
        <ele>867.013875</ele>
        <time>2025-10-21T16:45:48.000Z</time>
      </trkpt>
      <trkpt lat="47.945240" lon="8.204398">
        <ele>867.152285</ele>
        <time>2025-10-21T16:45:49.000Z</time>
      </trkpt>
      <trkpt lat="47.945236" lon="8.204431">
        <ele>867.281110</ele>
        <time>2025-10-21T16:45:50.000Z</time>
      </trkpt>
      <trkpt lat="47.945242" lon="8.204452">
        <ele>867.368812</ele>
        <time>2025-10-21T16:45:51.000Z</time>
      </trkpt>
      <trkpt lat="47.945239" lon="8.204490">
        <ele>867.515797</ele>
        <time>2025-10-21T16:45:52.000Z</time>
      </trkpt>
      <trkpt lat="47.945235" lon="8.204524">
        <ele>867.648404</ele>
        <time>2025-10-21T16:45:53.000Z</time>
      </trkpt>
      <trkpt lat="47.945240" lon="8.204549">
        <ele>867.748629</ele>
        <time>2025-10-21T16:45:54.000Z</time>
      </trkpt>
      <trkpt lat="47.945244" lon="8.204581">
        <ele>867.873676</ele>
        <time>2025-10-21T16:45:55.000Z</time>
      </trkpt>
      <trkpt lat="47.945239" lon="8.204617">
        <ele>868.014909</ele>
        <time>2025-10-21T16:45:56.000Z</time>
      </trkpt>
      <trkpt lat="47.945246" lon="8.204642">
        <ele>868.118997</ele>
        <time>2025-10-21T16:45:57.000Z</time>
      </trkpt>
      <trkpt lat="47.945245" lon="8.204678">
        <ele>868.257407</ele>
        <time>2025-10-21T16:45:58.000Z</time>
      </trkpt>
      <trkpt lat="47.945244" lon="8.204720">
        <ele>868.418849</ele>
        <time>2025-10-21T16:45:59.000Z</time>
      </trkpt>
      <trkpt lat="47.945250" lon="8.204748">
        <ele>868.531778</ele>
        <time>2025-10-21T16:46:00.000Z</time>
      </trkpt>
      <trkpt lat="47.945251" lon="8.204775">
        <ele>868.635655</ele>
        <time>2025-10-21T16:46:01.000Z</time>
      </trkpt>
      <trkpt lat="47.945246" lon="8.204811">
        <ele>868.776888</ele>
        <time>2025-10-21T16:46:02.000Z</time>
      </trkpt>
      <trkpt lat="47.945251" lon="8.204839">
        <ele>868.888204</ele>
        <time>2025-10-21T16:46:03.000Z</time>
      </trkpt>
      <trkpt lat="47.945250" lon="8.204869">
        <ele>869.003589</ele>
        <time>2025-10-21T16:46:04.000Z</time>
      </trkpt>
      <trkpt lat="47.945242" lon="8.204902">
        <ele>869.138403</ele>
        <time>2025-10-21T16:46:05.000Z</time>
      </trkpt>
      <trkpt lat="47.945246" lon="8.204938">
        <ele>869.278583</ele>
        <time>2025-10-21T16:46:06.000Z</time>
      </trkpt>
      <trkpt lat="47.945252" lon="8.204959">
        <ele>869.366285</ele>
        <time>2025-10-21T16:46:07.000Z</time>
      </trkpt>
      <trkpt lat="47.945247" lon="8.204998">
        <ele>869.518820</ele>
        <time>2025-10-21T16:46:08.000Z</time>
      </trkpt>
      <trkpt lat="47.945250" lon="8.205030">
        <ele>869.642943</ele>
        <time>2025-10-21T16:46:09.000Z</time>
      </trkpt>
      <trkpt lat="47.945259" lon="8.205052">
        <ele>869.741969</ele>
        <time>2025-10-21T16:46:10.000Z</time>
      </trkpt>
      <trkpt lat="47.945259" lon="8.205095">
        <ele>869.907150</ele>
        <time>2025-10-21T16:46:11.000Z</time>
      </trkpt>
      <trkpt lat="47.945266" lon="8.205126">
        <ele>870.032819</ele>
        <time>2025-10-21T16:46:12.000Z</time>
      </trkpt>
      <trkpt lat="47.945272" lon="8.205151">
        <ele>870.134832</ele>
        <time>2025-10-21T16:46:13.000Z</time>
      </trkpt>
      <trkpt lat="47.945278" lon="8.205193">
        <ele>870.299800</ele>
        <time>2025-10-21T16:46:14.000Z</time>
      </trkpt>
      <trkpt lat="47.945279" lon="8.205227">
        <ele>870.430534</ele>
        <time>2025-10-21T16:46:15.000Z</time>
      </trkpt>
      <trkpt lat="47.945291" lon="8.205248">
        <ele>870.536570</ele>
        <time>2025-10-21T16:46:16.000Z</time>
      </trkpt>
      <trkpt lat="47.945295" lon="8.205290">
        <ele>870.699532</ele>
        <time>2025-10-21T16:46:17.000Z</time>
      </trkpt>
      <trkpt lat="47.945298" lon="8.205334">
        <ele>870.869428</ele>
        <time>2025-10-21T16:46:18.000Z</time>
      </trkpt>
      <trkpt lat="47.945305" lon="8.205364">
        <ele>870.991462</ele>
        <time>2025-10-21T16:46:19.000Z</time>
      </trkpt>
      <trkpt lat="47.945306" lon="8.205404">
        <ele>871.145225</ele>
        <time>2025-10-21T16:46:20.000Z</time>
      </trkpt>
      <trkpt lat="47.945297" lon="8.205448">
        <ele>871.321953</ele>
        <time>2025-10-21T16:46:21.000Z</time>
      </trkpt>
      <trkpt lat="47.945305" lon="8.205479">
        <ele>871.449568</ele>
        <time>2025-10-21T16:46:22.000Z</time>
      </trkpt>
      <trkpt lat="47.945306" lon="8.205506">
        <ele>871.553445</ele>
        <time>2025-10-21T16:46:23.000Z</time>
      </trkpt>
      <trkpt lat="47.945298" lon="8.205552">
        <ele>871.736009</ele>
        <time>2025-10-21T16:46:24.000Z</time>
      </trkpt>
      <trkpt lat="47.945299" lon="8.205585">
        <ele>871.862905</ele>
        <time>2025-10-21T16:46:25.000Z</time>
      </trkpt>
      <trkpt lat="47.945303" lon="8.205609">
        <ele>871.957910</ele>
        <time>2025-10-21T16:46:26.000Z</time>
      </trkpt>
      <trkpt lat="47.945298" lon="8.205655">
        <ele>872.136927</ele>
        <time>2025-10-21T16:46:27.000Z</time>
      </trkpt>
      <trkpt lat="47.945293" lon="8.205691">
        <ele>872.278159</ele>
        <time>2025-10-21T16:46:28.000Z</time>
      </trkpt>
      <trkpt lat="47.945297" lon="8.205719">
        <ele>872.388138</ele>
        <time>2025-10-21T16:46:29.000Z</time>
      </trkpt>
      <trkpt lat="47.945293" lon="8.205755">
        <ele>872.528319</ele>
        <time>2025-10-21T16:46:30.000Z</time>
      </trkpt>
      <trkpt lat="47.945284" lon="8.205796">
        <ele>872.694058</ele>
        <time>2025-10-21T16:46:31.000Z</time>
      </trkpt>
      <trkpt lat="47.945280" lon="8.205814">
        <ele>872.766909</ele>
        <time>2025-10-21T16:46:32.000Z</time>
      </trkpt>
      <trkpt lat="47.945282" lon="8.205842">
        <ele>872.875079</ele>
        <time>2025-10-21T16:46:33.000Z</time>
      </trkpt>
      <trkpt lat="47.945274" lon="8.205885">
        <ele>873.046513</ele>
        <time>2025-10-21T16:46:34.000Z</time>
      </trkpt>
      <trkpt lat="47.945275" lon="8.205917">
        <ele>873.169572</ele>
        <time>2025-10-21T16:46:35.000Z</time>
      </trkpt>
      <trkpt lat="47.945279" lon="8.205937">
        <ele>873.249752</ele>
        <time>2025-10-21T16:46:36.000Z</time>
      </trkpt>
      <trkpt lat="47.945275" lon="8.205976">
        <ele>873.401313</ele>
        <time>2025-10-21T16:46:37.000Z</time>
      </trkpt>
      <trkpt lat="47.945273" lon="8.206011">
        <ele>873.536251</ele>
        <time>2025-10-21T16:46:38.000Z</time>
      </trkpt>
      <trkpt lat="47.945276" lon="8.206034">
        <ele>873.626263</ele>
        <time>2025-10-21T16:46:39.000Z</time>
      </trkpt>
      <trkpt lat="47.945276" lon="8.206068">
        <ele>873.756871</ele>
        <time>2025-10-21T16:46:40.000Z</time>
      </trkpt>
      <trkpt lat="47.945268" lon="8.206102">
        <ele>873.895303</ele>
        <time>2025-10-21T16:46:41.000Z</time>
      </trkpt>
      <trkpt lat="47.945270" lon="8.206132">
        <ele>874.011115</ele>
        <time>2025-10-21T16:46:42.000Z</time>
      </trkpt>
      <trkpt lat="47.945270" lon="8.206159">
        <ele>874.114833</ele>
        <time>2025-10-21T16:46:43.000Z</time>
      </trkpt>
      <trkpt lat="47.945262" lon="8.206204">
        <ele>874.245739</ele>
        <time>2025-10-21T16:46:44.000Z</time>
      </trkpt>
      <trkpt lat="47.945255" lon="8.206236">
        <ele>874.241888</ele>
        <time>2025-10-21T16:46:45.000Z</time>
      </trkpt>
      <trkpt lat="47.945255" lon="8.206263">
        <ele>874.238800</ele>
        <time>2025-10-21T16:46:46.000Z</time>
      </trkpt>
      <trkpt lat="47.945254" lon="8.206300">
        <ele>874.234565</ele>
        <time>2025-10-21T16:46:47.000Z</time>
      </trkpt>
      <trkpt lat="47.945249" lon="8.206340">
        <ele>874.229911</ele>
        <time>2025-10-21T16:46:48.000Z</time>
      </trkpt>
      <trkpt lat="47.945257" lon="8.206365">
        <ele>874.226742</ele>
        <time>2025-10-21T16:46:49.000Z</time>
      </trkpt>
      <trkpt lat="47.945259" lon="8.206395">
        <ele>874.223294</ele>
        <time>2025-10-21T16:46:50.000Z</time>
      </trkpt>
      <trkpt lat="47.945252" lon="8.206434">
        <ele>874.218677</ele>
        <time>2025-10-21T16:46:51.000Z</time>
      </trkpt>
      <trkpt lat="47.945254" lon="8.206465">
        <ele>874.215115</ele>
        <time>2025-10-21T16:46:52.000Z</time>
      </trkpt>
      <trkpt lat="47.945256" lon="8.206490">
        <ele>874.212235</ele>
        <time>2025-10-21T16:46:53.000Z</time>
      </trkpt>
      <trkpt lat="47.945253" lon="8.206531">
        <ele>874.207518</ele>
        <time>2025-10-21T16:46:54.000Z</time>
      </trkpt>
      <trkpt lat="47.945252" lon="8.206570">
        <ele>874.203054</ele>
        <time>2025-10-21T16:46:55.000Z</time>
      </trkpt>
      <trkpt lat="47.945255" lon="8.206598">
        <ele>874.199811</ele>
        <time>2025-10-21T16:46:56.000Z</time>
      </trkpt>
      <trkpt lat="47.945250" lon="8.206636">
        <ele>874.195382</ele>
        <time>2025-10-21T16:46:57.000Z</time>
      </trkpt>
      <trkpt lat="47.945248" lon="8.206678">
        <ele>874.190566</ele>
        <time>2025-10-21T16:46:58.000Z</time>
      </trkpt>
      <trkpt lat="47.945253" lon="8.206704">
        <ele>874.187472</ele>
        <time>2025-10-21T16:46:59.000Z</time>
      </trkpt>
      <trkpt lat="47.945253" lon="8.206738">
        <ele>874.183584</ele>
        <time>2025-10-21T16:47:00.000Z</time>
      </trkpt>
      <trkpt lat="47.945247" lon="8.206777">
        <ele>874.179007</ele>
        <time>2025-10-21T16:47:01.000Z</time>
      </trkpt>
      <trkpt lat="47.945252" lon="8.206803">
        <ele>874.175913</ele>
        <time>2025-10-21T16:47:02.000Z</time>
      </trkpt>
      <trkpt lat="47.945255" lon="8.206832">
        <ele>874.172557</ele>
        <time>2025-10-21T16:47:03.000Z</time>
      </trkpt>
      <trkpt lat="47.945250" lon="8.206880">
        <ele>874.167001</ele>
        <time>2025-10-21T16:47:04.000Z</time>
      </trkpt>
      <trkpt lat="47.945256" lon="8.206914">
        <ele>874.162980</ele>
        <time>2025-10-21T16:47:05.000Z</time>
      </trkpt>
      <trkpt lat="47.945261" lon="8.206937">
        <ele>874.160214</ele>
        <time>2025-10-21T16:47:06.000Z</time>
      </trkpt>
      <trkpt lat="47.945260" lon="8.206977">
        <ele>874.155636</ele>
        <time>2025-10-21T16:47:07.000Z</time>
      </trkpt>
      <trkpt lat="47.945259" lon="8.207014">
        <ele>874.151401</ele>
        <time>2025-10-21T16:47:08.000Z</time>
      </trkpt>
      <trkpt lat="47.945266" lon="8.207039">
        <ele>874.148302</ele>
        <time>2025-10-21T16:47:09.000Z</time>
      </trkpt>
      <trkpt lat="47.945266" lon="8.207068">
        <ele>874.144985</ele>
        <time>2025-10-21T16:47:10.000Z</time>
      </trkpt>
      <trkpt lat="47.945257" lon="8.207112">
        <ele>874.139724</ele>
        <time>2025-10-21T16:47:11.000Z</time>
      </trkpt>
      <trkpt lat="47.945262" lon="8.207143">
        <ele>874.136077</ele>
        <time>2025-10-21T16:47:12.000Z</time>
      </trkpt>
      <trkpt lat="47.945265" lon="8.207173">
        <ele>874.132607</ele>
        <time>2025-10-21T16:47:13.000Z</time>
      </trkpt>
      <trkpt lat="47.945262" lon="8.207220">
        <ele>874.127208</ele>
        <time>2025-10-21T16:47:14.000Z</time>
      </trkpt>
      <trkpt lat="47.945264" lon="8.207254">
        <ele>874.123304</ele>
        <time>2025-10-21T16:47:15.000Z</time>
      </trkpt>
      <trkpt lat="47.945271" lon="8.207276">
        <ele>874.120518</ele>
        <time>2025-10-21T16:47:16.000Z</time>
      </trkpt>
      <trkpt lat="47.945266" lon="8.207323">
        <ele>874.115076</ele>
        <time>2025-10-21T16:47:17.000Z</time>
      </trkpt>
      <trkpt lat="47.945262" lon="8.207360">
        <ele>874.110789</ele>
        <time>2025-10-21T16:47:18.000Z</time>
      </trkpt>
      <trkpt lat="47.945266" lon="8.207389">
        <ele>874.107403</ele>
        <time>2025-10-21T16:47:19.000Z</time>
      </trkpt>
      <trkpt lat="47.945264" lon="8.207427">
        <ele>874.103043</ele>
        <time>2025-10-21T16:47:20.000Z</time>
      </trkpt>
      <trkpt lat="47.945266" lon="8.207465">
        <ele>874.098684</ele>
        <time>2025-10-21T16:47:21.000Z</time>
      </trkpt>
      <trkpt lat="47.945277" lon="8.207487">
        <ele>874.095544</ele>
        <time>2025-10-21T16:47:22.000Z</time>
      </trkpt>
      <trkpt lat="47.945281" lon="8.207521">
        <ele>874.091596</ele>
        <time>2025-10-21T16:47:23.000Z</time>
      </trkpt>
      <trkpt lat="47.945284" lon="8.207561">
        <ele>874.086992</ele>
        <time>2025-10-21T16:47:24.000Z</time>
      </trkpt>
      <trkpt lat="47.945293" lon="8.207582">
        <ele>874.084141</ele>
        <time>2025-10-21T16:47:25.000Z</time>
      </trkpt>
      <trkpt lat="47.945301" lon="8.207613">
        <ele>874.080341</ele>
        <time>2025-10-21T16:47:26.000Z</time>
      </trkpt>
      <trkpt lat="47.945310" lon="8.207655">
        <ele>874.075298</ele>
        <time>2025-10-21T16:47:27.000Z</time>
      </trkpt>
      <trkpt lat="47.945324" lon="8.207677">
        <ele>874.071827</ele>
        <time>2025-10-21T16:47:28.000Z</time>
      </trkpt>
      <trkpt lat="47.945337" lon="8.207712">
        <ele>874.067250</ele>
        <time>2025-10-21T16:47:29.000Z</time>
      </trkpt>
      <trkpt lat="47.945344" lon="8.207754">
        <ele>874.062300</ele>
        <time>2025-10-21T16:47:30.000Z</time>
      </trkpt>
      <trkpt lat="47.945358" lon="8.207777">
        <ele>874.058746</ele>
        <time>2025-10-21T16:47:31.000Z</time>
      </trkpt>
      <trkpt lat="47.945373" lon="8.207807">
        <ele>874.054464</ele>
        <time>2025-10-21T16:47:32.000Z</time>
      </trkpt>
      <trkpt lat="47.945382" lon="8.207846">
        <ele>874.049746</ele>
        <time>2025-10-21T16:47:33.000Z</time>
      </trkpt>
      <trkpt lat="47.945395" lon="8.207870">
        <ele>874.046216</ele>
        <time>2025-10-21T16:47:34.000Z</time>
      </trkpt>
      <trkpt lat="47.945406" lon="8.207884">
        <ele>874.043748</ele>
        <time>2025-10-21T16:47:35.000Z</time>
      </trkpt>
      <trkpt lat="47.945417" lon="8.207924">
        <ele>874.038803</ele>
        <time>2025-10-21T16:47:36.000Z</time>
      </trkpt>
      <trkpt lat="47.945432" lon="8.207955">
        <ele>874.034429</ele>
        <time>2025-10-21T16:47:37.000Z</time>
      </trkpt>
      <trkpt lat="47.945446" lon="8.207970">
        <ele>874.031486</ele>
        <time>2025-10-21T16:47:38.000Z</time>
      </trkpt>
      <trkpt lat="47.945465" lon="8.208004">
        <ele>874.026422</ele>
        <time>2025-10-21T16:47:39.000Z</time>
      </trkpt>
      <trkpt lat="47.945479" lon="8.208038">
        <ele>874.021858</ele>
        <time>2025-10-21T16:47:40.000Z</time>
      </trkpt>
      <trkpt lat="47.945489" lon="8.208056">
        <ele>874.019183</ele>
        <time>2025-10-21T16:47:41.000Z</time>
      </trkpt>
      <trkpt lat="47.945506" lon="8.208080">
        <ele>874.015188</ele>
        <time>2025-10-21T16:47:42.000Z</time>
      </trkpt>
      <trkpt lat="47.945521" lon="8.208112">
        <ele>874.010721</ele>
        <time>2025-10-21T16:47:43.000Z</time>
      </trkpt>
      <trkpt lat="47.945537" lon="8.208135">
        <ele>874.006929</ele>
        <time>2025-10-21T16:47:44.000Z</time>
      </trkpt>
      <trkpt lat="47.945551" lon="8.208154">
        <ele>874.003698</ele>
        <time>2025-10-21T16:47:45.000Z</time>
      </trkpt>
      <trkpt lat="47.945571" lon="8.208186">
        <ele>873.998692</ele>
        <time>2025-10-21T16:47:46.000Z</time>
      </trkpt>
      <trkpt lat="47.945590" lon="8.208210">
        <ele>873.994443</ele>
        <time>2025-10-21T16:47:47.000Z</time>
      </trkpt>
      <trkpt lat="47.945603" lon="8.208222">
        <ele>873.991833</ele>
        <time>2025-10-21T16:47:48.000Z</time>
      </trkpt>
      <trkpt lat="47.945623" lon="8.208248">
        <ele>873.987305</ele>
        <time>2025-10-21T16:47:49.000Z</time>
      </trkpt>
      <trkpt lat="47.945637" lon="8.208267">
        <ele>873.984074</ele>
        <time>2025-10-21T16:47:50.000Z</time>
      </trkpt>
      <trkpt lat="47.945650" lon="8.208278">
        <ele>873.981523</ele>
        <time>2025-10-21T16:47:51.000Z</time>
      </trkpt>
      <trkpt lat="47.945669" lon="8.208309">
        <ele>873.976717</ele>
        <time>2025-10-21T16:47:52.000Z</time>
      </trkpt>
      <trkpt lat="47.945687" lon="8.208338">
        <ele>873.972195</ele>
        <time>2025-10-21T16:47:53.000Z</time>
      </trkpt>
      <trkpt lat="47.945699" lon="8.208349">
        <ele>873.969791</ele>
        <time>2025-10-21T16:47:54.000Z</time>
      </trkpt>
      <trkpt lat="47.945719" lon="8.208369">
        <ele>873.965681</ele>
        <time>2025-10-21T16:47:55.000Z</time>
      </trkpt>
      <trkpt lat="47.945741" lon="8.208389">
        <ele>873.961283</ele>
        <time>2025-10-21T16:47:56.000Z</time>
      </trkpt>
      <trkpt lat="47.945767" lon="8.208412">
        <ele>873.956123</ele>
        <time>2025-10-21T16:47:57.000Z</time>
      </trkpt>
      <trkpt lat="47.945785" lon="8.208421">
        <ele>873.952881</ele>
        <time>2025-10-21T16:47:58.000Z</time>
      </trkpt>
      <trkpt lat="47.945814" lon="8.208443">
        <ele>873.947327</ele>
        <time>2025-10-21T16:47:59.000Z</time>
      </trkpt>
      <trkpt lat="47.945833" lon="8.208462">
        <ele>873.943423</ele>
        <time>2025-10-21T16:48:00.000Z</time>
      </trkpt>
      <trkpt lat="47.945855" lon="8.208474">
        <ele>873.931055</ele>
        <time>2025-10-21T16:48:01.000Z</time>
      </trkpt>
      <trkpt lat="47.945882" lon="8.208497">
        <ele>873.850773</ele>
        <time>2025-10-21T16:48:02.000Z</time>
      </trkpt>
      <trkpt lat="47.945895" lon="8.208527">
        <ele>873.788964</ele>
        <time>2025-10-21T16:48:03.000Z</time>
      </trkpt>
      <trkpt lat="47.945906" lon="8.208547">
        <ele>873.744198</ele>
        <time>2025-10-21T16:48:04.000Z</time>
      </trkpt>
      <trkpt lat="47.945911" lon="8.208580">
        <ele>873.685669</ele>
        <time>2025-10-21T16:48:05.000Z</time>
      </trkpt>
      <trkpt lat="47.945893" lon="8.208624">
        <ele>873.596482</ele>
        <time>2025-10-21T16:48:06.000Z</time>
      </trkpt>
      <trkpt lat="47.945876" lon="8.208660">
        <ele>873.520287</ele>
        <time>2025-10-21T16:48:07.000Z</time>
      </trkpt>
      <trkpt lat="47.945862" lon="8.208686">
        <ele>873.462579</ele>
        <time>2025-10-21T16:48:08.000Z</time>
      </trkpt>
      <trkpt lat="47.945845" lon="8.208712">
        <ele>873.399727</ele>
        <time>2025-10-21T16:48:09.000Z</time>
      </trkpt>
      <trkpt lat="47.945818" lon="8.208737">
        <ele>873.317675</ele>
        <time>2025-10-21T16:48:10.000Z</time>
      </trkpt>
      <trkpt lat="47.945795" lon="8.208757">
        <ele>873.248935</ele>
        <time>2025-10-21T16:48:11.000Z</time>
      </trkpt>
      <trkpt lat="47.945778" lon="8.208776">
        <ele>873.194092</ele>
        <time>2025-10-21T16:48:12.000Z</time>
      </trkpt>
      <trkpt lat="47.945759" lon="8.208790">
        <ele>873.139372</ele>
        <time>2025-10-21T16:48:13.000Z</time>
      </trkpt>
      <trkpt lat="47.945728" lon="8.208809">
        <ele>873.052829</ele>
        <time>2025-10-21T16:48:14.000Z</time>
      </trkpt>
      <trkpt lat="47.945704" lon="8.208825">
        <ele>872.984948</ele>
        <time>2025-10-21T16:48:15.000Z</time>
      </trkpt>
      <trkpt lat="47.945684" lon="8.208836">
        <ele>872.929904</ele>
        <time>2025-10-21T16:48:16.000Z</time>
      </trkpt>
      <trkpt lat="47.945658" lon="8.208851">
        <ele>872.857918</ele>
        <time>2025-10-21T16:48:17.000Z</time>
      </trkpt>
      <trkpt lat="47.945626" lon="8.208869">
        <ele>872.769605</ele>
        <time>2025-10-21T16:48:18.000Z</time>
      </trkpt>
      <trkpt lat="47.945601" lon="8.208886">
        <ele>872.698659</ele>
        <time>2025-10-21T16:48:19.000Z</time>
      </trkpt>
      <trkpt lat="47.945582" lon="8.208902">
        <ele>872.642322</ele>
        <time>2025-10-21T16:48:20.000Z</time>
      </trkpt>
      <trkpt lat="47.945559" lon="8.208917">
        <ele>872.577503</ele>
        <time>2025-10-21T16:48:21.000Z</time>
      </trkpt>
      <trkpt lat="47.945530" lon="8.208928">
        <ele>872.500229</ele>
        <time>2025-10-21T16:48:22.000Z</time>
      </trkpt>
      <trkpt lat="47.945507" lon="8.208940">
        <ele>872.437308</ele>
        <time>2025-10-21T16:48:23.000Z</time>
      </trkpt>
      <trkpt lat="47.945488" lon="8.208944">
        <ele>872.387754</ele>
        <time>2025-10-21T16:48:24.000Z</time>
      </trkpt>
      <trkpt lat="47.945459" lon="8.208965">
        <ele>872.304514</ele>
        <time>2025-10-21T16:48:25.000Z</time>
      </trkpt>
      <trkpt lat="47.945434" lon="8.208979">
        <ele>872.235558</ele>
        <time>2025-10-21T16:48:26.000Z</time>
      </trkpt>
      <trkpt lat="47.945413" lon="8.208996">
        <ele>872.173864</ele>
        <time>2025-10-21T16:48:27.000Z</time>
      </trkpt>
      <trkpt lat="47.945393" lon="8.209010">
        <ele>872.116817</ele>
        <time>2025-10-21T16:48:28.000Z</time>
      </trkpt>
      <trkpt lat="47.945364" lon="8.209026">
        <ele>872.036972</ele>
        <time>2025-10-21T16:48:29.000Z</time>
      </trkpt>
      <trkpt lat="47.945341" lon="8.209043">
        <ele>871.970692</ele>
        <time>2025-10-21T16:48:30.000Z</time>
      </trkpt>
      <trkpt lat="47.945325" lon="8.209058">
        <ele>871.921899</ele>
        <time>2025-10-21T16:48:31.000Z</time>
      </trkpt>
      <trkpt lat="47.945299" lon="8.209075">
        <ele>871.848595</ele>
        <time>2025-10-21T16:48:32.000Z</time>
      </trkpt>
      <trkpt lat="47.945273" lon="8.209089">
        <ele>871.777215</ele>
        <time>2025-10-21T16:48:33.000Z</time>
      </trkpt>
      <trkpt lat="47.945254" lon="8.209107">
        <ele>871.719100</ele>
        <time>2025-10-21T16:48:34.000Z</time>
      </trkpt>
      <trkpt lat="47.945237" lon="8.209123">
        <ele>871.667200</ele>
        <time>2025-10-21T16:48:35.000Z</time>
      </trkpt>
      <trkpt lat="47.945209" lon="8.209143">
        <ele>871.587038</ele>
        <time>2025-10-21T16:48:36.000Z</time>
      </trkpt>
      <trkpt lat="47.945185" lon="8.209160">
        <ele>871.518434</ele>
        <time>2025-10-21T16:48:37.000Z</time>
      </trkpt>
      <trkpt lat="47.945167" lon="8.209172">
        <ele>871.467523</ele>
        <time>2025-10-21T16:48:38.000Z</time>
      </trkpt>
      <trkpt lat="47.945146" lon="8.209187">
        <ele>871.407402</ele>
        <time>2025-10-21T16:48:39.000Z</time>
      </trkpt>
      <trkpt lat="47.945118" lon="8.209203">
        <ele>871.329974</ele>
        <time>2025-10-21T16:48:40.000Z</time>
      </trkpt>
      <trkpt lat="47.945096" lon="8.209220">
        <ele>871.265998</ele>
        <time>2025-10-21T16:48:41.000Z</time>
      </trkpt>
      <trkpt lat="47.945076" lon="8.209233">
        <ele>871.209663</ele>
        <time>2025-10-21T16:48:42.000Z</time>
      </trkpt>
      <trkpt lat="47.945049" lon="8.209258">
        <ele>871.127612</ele>
        <time>2025-10-21T16:48:43.000Z</time>
      </trkpt>
      <trkpt lat="47.945020" lon="8.209271">
        <ele>871.049414</ele>
        <time>2025-10-21T16:48:44.000Z</time>
      </trkpt>
      <trkpt lat="47.945001" lon="8.209288">
        <ele>870.992208</ele>
        <time>2025-10-21T16:48:45.000Z</time>
      </trkpt>
      <trkpt lat="47.944980" lon="8.209305">
        <ele>870.930514</ele>
        <time>2025-10-21T16:48:46.000Z</time>
      </trkpt>
      <trkpt lat="47.944949" lon="8.209324">
        <ele>870.843970</ele>
        <time>2025-10-21T16:48:47.000Z</time>
      </trkpt>
      <trkpt lat="47.944926" lon="8.209344">
        <ele>870.775230</ele>
        <time>2025-10-21T16:48:48.000Z</time>
      </trkpt>
      <trkpt lat="47.944908" lon="8.209363">
        <ele>870.718298</ele>
        <time>2025-10-21T16:48:49.000Z</time>
      </trkpt>
      <trkpt lat="47.944884" lon="8.209389">
        <ele>870.641717</ele>
        <time>2025-10-21T16:48:50.000Z</time>
      </trkpt>
      <trkpt lat="47.944863" lon="8.209413">
        <ele>870.573416</ele>
        <time>2025-10-21T16:48:51.000Z</time>
      </trkpt>
      <trkpt lat="47.944851" lon="8.209439">
        <ele>870.518795</ele>
        <time>2025-10-21T16:48:52.000Z</time>
      </trkpt>
      <trkpt lat="47.944830" lon="8.209471">
        <ele>870.441299</ele>
        <time>2025-10-21T16:48:53.000Z</time>
      </trkpt>
      <trkpt lat="47.944810" lon="8.209496">
        <ele>870.373932</ele>
        <time>2025-10-21T16:48:54.000Z</time>
      </trkpt>
      <trkpt lat="47.944801" lon="8.209516">
        <ele>870.332252</ele>
        <time>2025-10-21T16:48:55.000Z</time>
      </trkpt>
      <trkpt lat="47.944781" lon="8.209547">
        <ele>870.257796</ele>
        <time>2025-10-21T16:48:56.000Z</time>
      </trkpt>
      <trkpt lat="47.944759" lon="8.209571">
        <ele>870.187426</ele>
        <time>2025-10-21T16:48:57.000Z</time>
      </trkpt>
      <trkpt lat="47.944744" lon="8.209590">
        <ele>870.136623</ele>
        <time>2025-10-21T16:48:58.000Z</time>
      </trkpt>
      <trkpt lat="47.944725" lon="8.209622">
        <ele>870.062649</ele>
        <time>2025-10-21T16:48:59.000Z</time>
      </trkpt>
      <trkpt lat="47.944706" lon="8.209652">
        <ele>869.991227</ele>
        <time>2025-10-21T16:49:00.000Z</time>
      </trkpt>
      <trkpt lat="47.944698" lon="8.209675">
        <ele>869.946395</ele>
        <time>2025-10-21T16:49:01.000Z</time>
      </trkpt>
      <trkpt lat="47.944683" lon="8.209713">
        <ele>869.870093</ele>
        <time>2025-10-21T16:49:02.000Z</time>
      </trkpt>
      <trkpt lat="47.944673" lon="8.209748">
        <ele>869.804268</ele>
        <time>2025-10-21T16:49:03.000Z</time>
      </trkpt>
      <trkpt lat="47.944673" lon="8.209774">
        <ele>869.759290</ele>
        <time>2025-10-21T16:49:04.000Z</time>
      </trkpt>
      <trkpt lat="47.944665" lon="8.209813">
        <ele>869.688731</ele>
        <time>2025-10-21T16:49:05.000Z</time>
      </trkpt>
      <trkpt lat="47.944661" lon="8.209851">
        <ele>869.622187</ele>
        <time>2025-10-21T16:49:06.000Z</time>
      </trkpt>
      <trkpt lat="47.944666" lon="8.209882">
        <ele>869.567027</ele>
        <time>2025-10-21T16:49:07.000Z</time>
      </trkpt>
      <trkpt lat="47.944667" lon="8.209921">
        <ele>869.499511</ele>
        <time>2025-10-21T16:49:08.000Z</time>
      </trkpt>
      <trkpt lat="47.944667" lon="8.209959">
        <ele>869.433774</ele>
        <time>2025-10-21T16:49:09.000Z</time>
      </trkpt>
      <trkpt lat="47.944676" lon="8.209983">
        <ele>869.386193</ele>
        <time>2025-10-21T16:49:10.000Z</time>
      </trkpt>
      <trkpt lat="47.944677" lon="8.210021">
        <ele>869.320405</ele>
        <time>2025-10-21T16:49:11.000Z</time>
      </trkpt>
      <trkpt lat="47.944671" lon="8.210063">
        <ele>869.465777</ele>
        <time>2025-10-21T16:49:12.000Z</time>
      </trkpt>
      <trkpt lat="47.944679" lon="8.210092">
        <ele>869.655691</ele>
        <time>2025-10-21T16:49:13.000Z</time>
      </trkpt>
      <trkpt lat="47.944684" lon="8.210125">
        <ele>869.860567</ele>
        <time>2025-10-21T16:49:14.000Z</time>
      </trkpt>
      <trkpt lat="47.944688" lon="8.210166">
        <ele>870.111456</ele>
        <time>2025-10-21T16:49:15.000Z</time>
      </trkpt>
      <trkpt lat="47.944693" lon="8.210196">
        <ele>870.298656</ele>
        <time>2025-10-21T16:49:16.000Z</time>
      </trkpt>
      <trkpt lat="47.944699" lon="8.210220">
        <ele>870.453777</ele>
        <time>2025-10-21T16:49:17.000Z</time>
      </trkpt>
      <trkpt lat="47.944698" lon="8.210261">
        <ele>870.702212</ele>
        <time>2025-10-21T16:49:18.000Z</time>
      </trkpt>
      <trkpt lat="47.944704" lon="8.210290">
        <ele>870.886003</ele>
        <time>2025-10-21T16:49:19.000Z</time>
      </trkpt>
      <trkpt lat="47.944706" lon="8.210314">
        <ele>871.032452</ele>
        <time>2025-10-21T16:49:20.000Z</time>
      </trkpt>
      <trkpt lat="47.944708" lon="8.210356">
        <ele>871.287420</ele>
        <time>2025-10-21T16:49:21.000Z</time>
      </trkpt>
      <trkpt lat="47.944713" lon="8.210391">
        <ele>871.504124</ele>
        <time>2025-10-21T16:49:22.000Z</time>
      </trkpt>
      <trkpt lat="47.944719" lon="8.210418">
        <ele>871.676381</ele>
        <time>2025-10-21T16:49:23.000Z</time>
      </trkpt>
      <trkpt lat="47.944728" lon="8.210452">
        <ele>871.897756</ele>
        <time>2025-10-21T16:49:24.000Z</time>
      </trkpt>
      <trkpt lat="47.944728" lon="8.210488">
        <ele>872.115749</ele>
        <time>2025-10-21T16:49:25.000Z</time>
      </trkpt>
      <trkpt lat="47.944734" lon="8.210509">
        <ele>872.253996</ele>
        <time>2025-10-21T16:49:26.000Z</time>
      </trkpt>
      <trkpt lat="47.944737" lon="8.210539">
        <ele>872.437671</ele>
        <time>2025-10-21T16:49:27.000Z</time>
      </trkpt>
      <trkpt lat="47.944733" lon="8.210577">
        <ele>872.670598</ele>
        <time>2025-10-21T16:49:28.000Z</time>
      </trkpt>
      <trkpt lat="47.944738" lon="8.210601">
        <ele>872.822794</ele>
        <time>2025-10-21T16:49:29.000Z</time>
      </trkpt>
      <trkpt lat="47.944740" lon="8.210639">
        <ele>873.053607</ele>
        <time>2025-10-21T16:49:30.000Z</time>
      </trkpt>
      <trkpt lat="47.944736" lon="8.210678">
        <ele>873.292518</ele>
        <time>2025-10-21T16:49:31.000Z</time>
      </trkpt>
      <trkpt lat="47.944741" lon="8.210700">
        <ele>873.433196</ele>
        <time>2025-10-21T16:49:32.000Z</time>
      </trkpt>
      <trkpt lat="47.944738" lon="8.210731">
        <ele>873.622861</ele>
        <time>2025-10-21T16:49:33.000Z</time>
      </trkpt>
      <trkpt lat="47.944729" lon="8.210768">
        <ele>873.861224</ele>
        <time>2025-10-21T16:49:34.000Z</time>
      </trkpt>
      <trkpt lat="47.944737" lon="8.210791">
        <ele>874.018155</ele>
        <time>2025-10-21T16:49:35.000Z</time>
      </trkpt>
      <trkpt lat="47.944739" lon="8.210820">
        <ele>874.194689</ele>
        <time>2025-10-21T16:49:36.000Z</time>
      </trkpt>
      <trkpt lat="47.944730" lon="8.210862">
        <ele>874.461710</ele>
        <time>2025-10-21T16:49:37.000Z</time>
      </trkpt>
      <trkpt lat="47.944731" lon="8.210887">
        <ele>874.613364</ele>
        <time>2025-10-21T16:49:38.000Z</time>
      </trkpt>
      <trkpt lat="47.944733" lon="8.210911">
        <ele>874.759813</ele>
        <time>2025-10-21T16:49:39.000Z</time>
      </trkpt>
      <trkpt lat="47.944721" lon="8.210955">
        <ele>875.047487</ele>
        <time>2025-10-21T16:49:40.000Z</time>
      </trkpt>
      <trkpt lat="47.944726" lon="8.210974">
        <ele>875.171099</ele>
        <time>2025-10-21T16:49:41.000Z</time>
      </trkpt>
      <trkpt lat="47.944727" lon="8.211001">
        <ele>875.334844</ele>
        <time>2025-10-21T16:49:42.000Z</time>
      </trkpt>
      <trkpt lat="47.944723" lon="8.211033">
        <ele>875.531960</ele>
        <time>2025-10-21T16:49:43.000Z</time>
      </trkpt>
      <trkpt lat="47.944728" lon="8.211056">
        <ele>875.678385</ele>
        <time>2025-10-21T16:49:44.000Z</time>
      </trkpt>
      <trkpt lat="47.944732" lon="8.211077">
        <ele>875.810589</ele>
        <time>2025-10-21T16:49:45.000Z</time>
      </trkpt>
      <trkpt lat="47.944722" lon="8.211114">
        <ele>876.052187</ele>
        <time>2025-10-21T16:49:46.000Z</time>
      </trkpt>
      <trkpt lat="47.944720" lon="8.211139">
        <ele>876.204647</ele>
        <time>2025-10-21T16:49:47.000Z</time>
      </trkpt>
      <trkpt lat="47.944721" lon="8.211161">
        <ele>876.338171</ele>
        <time>2025-10-21T16:49:48.000Z</time>
      </trkpt>
      <trkpt lat="47.944718" lon="8.211196">
        <ele>876.551837</ele>
        <time>2025-10-21T16:49:49.000Z</time>
      </trkpt>
      <trkpt lat="47.944713" lon="8.211224">
        <ele>876.727309</ele>
        <time>2025-10-21T16:49:50.000Z</time>
      </trkpt>
      <trkpt lat="47.944715" lon="8.211250">
        <ele>876.885783</ele>
        <time>2025-10-21T16:49:51.000Z</time>
      </trkpt>
      <trkpt lat="47.944716" lon="8.211284">
        <ele>877.091864</ele>
        <time>2025-10-21T16:49:52.000Z</time>
      </trkpt>
      <trkpt lat="47.944708" lon="8.211318">
        <ele>877.310079</ele>
        <time>2025-10-21T16:49:53.000Z</time>
      </trkpt>
      <trkpt lat="47.944713" lon="8.211341">
        <ele>877.456504</ele>
        <time>2025-10-21T16:49:54.000Z</time>
      </trkpt>
      <trkpt lat="47.944713" lon="8.211376">
        <ele>877.668442</ele>
        <time>2025-10-21T16:49:55.000Z</time>
      </trkpt>
      <trkpt lat="47.944707" lon="8.211411">
        <ele>877.887210</ele>
        <time>2025-10-21T16:49:56.000Z</time>
      </trkpt>
      <trkpt lat="47.944714" lon="8.211432">
        <ele>878.029247</ele>
        <time>2025-10-21T16:49:57.000Z</time>
      </trkpt>
      <trkpt lat="47.944715" lon="8.211462">
        <ele>878.211133</ele>
        <time>2025-10-21T16:49:58.000Z</time>
      </trkpt>
      <trkpt lat="47.944705" lon="8.211499">
        <ele>878.452732</ele>
        <time>2025-10-21T16:49:59.000Z</time>
      </trkpt>
      <trkpt lat="47.944712" lon="8.211524">
        <ele>878.616809</ele>
        <time>2025-10-21T16:50:00.000Z</time>
      </trkpt>
      <trkpt lat="47.944714" lon="8.211549">
        <ele>878.769269</ele>
        <time>2025-10-21T16:50:01.000Z</time>
      </trkpt>
      <trkpt lat="47.944710" lon="8.211588">
        <ele>879.008181</ele>
        <time>2025-10-21T16:50:02.000Z</time>
      </trkpt>
      <trkpt lat="47.944710" lon="8.211619">
        <ele>879.195898</ele>
        <time>2025-10-21T16:50:03.000Z</time>
      </trkpt>
      <trkpt lat="47.944715" lon="8.211643">
        <ele>879.348093</ele>
        <time>2025-10-21T16:50:04.000Z</time>
      </trkpt>
      <trkpt lat="47.944708" lon="8.211679">
        <ele>879.575085</ele>
        <time>2025-10-21T16:50:05.000Z</time>
      </trkpt>
      <trkpt lat="47.944706" lon="8.211705">
        <ele>879.733559</ele>
        <time>2025-10-21T16:50:06.000Z</time>
      </trkpt>
      <trkpt lat="47.944709" lon="8.211727">
        <ele>879.869510</ele>
        <time>2025-10-21T16:50:07.000Z</time>
      </trkpt>
      <trkpt lat="47.944700" lon="8.211772">
        <ele>880.153888</ele>
        <time>2025-10-21T16:50:08.000Z</time>
      </trkpt>
      <trkpt lat="47.944698" lon="8.211800">
        <ele>880.324400</ele>
        <time>2025-10-21T16:50:09.000Z</time>
      </trkpt>
      <trkpt lat="47.944690" lon="8.211830">
        <ele>880.519927</ele>
        <time>2025-10-21T16:50:10.000Z</time>
      </trkpt>
      <trkpt lat="47.944684" lon="8.211865">
        <ele>880.738695</ele>
        <time>2025-10-21T16:50:11.000Z</time>
      </trkpt>
      <trkpt lat="47.944684" lon="8.211892">
        <ele>880.902191</ele>
        <time>2025-10-21T16:50:12.000Z</time>
      </trkpt>
      <trkpt lat="47.944690" lon="8.211913">
        <ele>881.040438</ele>
        <time>2025-10-21T16:50:13.000Z</time>
      </trkpt>
      <trkpt lat="47.944687" lon="8.211951">
        <ele>881.272135</ele>
        <time>2025-10-21T16:50:14.000Z</time>
      </trkpt>
      <trkpt lat="47.944684" lon="8.211982">
        <ele>881.461800</ele>
        <time>2025-10-21T16:50:15.000Z</time>
      </trkpt>
      <trkpt lat="47.944687" lon="8.212006">
        <ele>881.609638</ele>
        <time>2025-10-21T16:50:16.000Z</time>
      </trkpt>
      <trkpt lat="47.944688" lon="8.212037">
        <ele>881.797572</ele>
        <time>2025-10-21T16:50:17.000Z</time>
      </trkpt>
      <trkpt lat="47.944680" lon="8.212071">
        <ele>882.015787</ele>
        <time>2025-10-21T16:50:18.000Z</time>
      </trkpt>
      <trkpt lat="47.944688" lon="8.212090">
        <ele>882.151680</ele>
        <time>2025-10-21T16:50:19.000Z</time>
      </trkpt>
      <trkpt lat="47.944689" lon="8.212118">
        <ele>882.321472</ele>
        <time>2025-10-21T16:50:20.000Z</time>
      </trkpt>
      <trkpt lat="47.944683" lon="8.212155">
        <ele>882.551992</ele>
        <time>2025-10-21T16:50:21.000Z</time>
      </trkpt>
      <trkpt lat="47.944689" lon="8.212180">
        <ele>882.712800</ele>
        <time>2025-10-21T16:50:22.000Z</time>
      </trkpt>
      <trkpt lat="47.944687" lon="8.212206">
        <ele>882.871274</ele>
        <time>2025-10-21T16:50:23.000Z</time>
      </trkpt>
      <trkpt lat="47.944686" lon="8.212244">
        <ele>883.101556</ele>
        <time>2025-10-21T16:50:24.000Z</time>
      </trkpt>
      <trkpt lat="47.944685" lon="8.212272">
        <ele>883.271347</ele>
        <time>2025-10-21T16:50:25.000Z</time>
      </trkpt>
      <trkpt lat="47.944689" lon="8.212291">
        <ele>883.391948</ele>
        <time>2025-10-21T16:50:26.000Z</time>
      </trkpt>
      <trkpt lat="47.944685" lon="8.212325">
        <ele>883.600982</ele>
        <time>2025-10-21T16:50:27.000Z</time>
      </trkpt>
      <trkpt lat="47.944679" lon="8.212357">
        <ele>883.802202</ele>
        <time>2025-10-21T16:50:28.000Z</time>
      </trkpt>
      <trkpt lat="47.944685" lon="8.212379">
        <ele>883.946038</ele>
        <time>2025-10-21T16:50:29.000Z</time>
      </trkpt>
      <trkpt lat="47.944683" lon="8.212409">
        <ele>884.128597</ele>
        <time>2025-10-21T16:50:30.000Z</time>
      </trkpt>
      <trkpt lat="47.944675" lon="8.212438">
        <ele>884.318512</ele>
        <time>2025-10-21T16:50:31.000Z</time>
      </trkpt>
      <trkpt lat="47.944684" lon="8.212456">
        <ele>884.454525</ele>
        <time>2025-10-21T16:50:32.000Z</time>
      </trkpt>
      <trkpt lat="47.944685" lon="8.212484">
        <ele>884.624316</ele>
        <time>2025-10-21T16:50:33.000Z</time>
      </trkpt>
      <trkpt lat="47.944673" lon="8.212523">
        <ele>884.884199</ele>
        <time>2025-10-21T16:50:34.000Z</time>
      </trkpt>
      <trkpt lat="47.944681" lon="8.212545">
        <ele>885.035781</ele>
        <time>2025-10-21T16:50:35.000Z</time>
      </trkpt>
      <trkpt lat="47.944683" lon="8.212572">
        <ele>885.200273</ele>
        <time>2025-10-21T16:50:36.000Z</time>
      </trkpt>
      <trkpt lat="47.944674" lon="8.212614">
        <ele>885.467295</ele>
        <time>2025-10-21T16:50:37.000Z</time>
      </trkpt>
      <trkpt lat="47.944676" lon="8.212637">
        <ele>885.597084</ele>
        <time>2025-10-21T16:50:38.000Z</time>
      </trkpt>
      <trkpt lat="47.944679" lon="8.212656">
        <ele>885.691626</ele>
        <time>2025-10-21T16:50:39.000Z</time>
      </trkpt>
      <trkpt lat="47.944672" lon="8.212685">
        <ele>885.840918</ele>
        <time>2025-10-21T16:50:40.000Z</time>
      </trkpt>
      <trkpt lat="47.944673" lon="8.212710">
        <ele>885.962212</ele>
        <time>2025-10-21T16:50:41.000Z</time>
      </trkpt>
      <trkpt lat="47.944680" lon="8.212727">
        <ele>886.058858</ele>
        <time>2025-10-21T16:50:42.000Z</time>
      </trkpt>
      <trkpt lat="47.944674" lon="8.212758">
        <ele>886.215137</ele>
        <time>2025-10-21T16:50:43.000Z</time>
      </trkpt>
      <trkpt lat="47.944672" lon="8.212785">
        <ele>886.346700</ele>
        <time>2025-10-21T16:50:44.000Z</time>
      </trkpt>
      <trkpt lat="47.944678" lon="8.212802">
        <ele>886.439763</ele>
        <time>2025-10-21T16:50:45.000Z</time>
      </trkpt>
      <trkpt lat="47.944674" lon="8.212838">
        <ele>886.616499</ele>
        <time>2025-10-21T16:50:46.000Z</time>
      </trkpt>
      <trkpt lat="47.944673" lon="8.212865">
        <ele>886.747464</ele>
        <time>2025-10-21T16:50:47.000Z</time>
      </trkpt>
      <trkpt lat="47.944679" lon="8.212887">
        <ele>886.862506</ele>
        <time>2025-10-21T16:50:48.000Z</time>
      </trkpt>
      <trkpt lat="47.944674" lon="8.212921">
        <ele>887.031095</ele>
        <time>2025-10-21T16:50:49.000Z</time>
      </trkpt>
      <trkpt lat="47.944668" lon="8.212950">
        <ele>887.178094</ele>
        <time>2025-10-21T16:50:50.000Z</time>
      </trkpt>
      <trkpt lat="47.944674" lon="8.212971">
        <ele>887.288665</ele>
        <time>2025-10-21T16:50:51.000Z</time>
      </trkpt>
      <trkpt lat="47.944671" lon="8.213007">
        <ele>887.464363</ele>
        <time>2025-10-21T16:50:52.000Z</time>
      </trkpt>
      <trkpt lat="47.944666" lon="8.213040">
        <ele>887.628225</ele>
        <time>2025-10-21T16:50:53.000Z</time>
      </trkpt>
      <trkpt lat="47.944664" lon="8.213059">
        <ele>887.721374</ele>
        <time>2025-10-21T16:50:54.000Z</time>
      </trkpt>
      <trkpt lat="47.944660" lon="8.213094">
        <ele>887.893334</ele>
        <time>2025-10-21T16:50:55.000Z</time>
      </trkpt>
      <trkpt lat="47.944656" lon="8.213126">
        <ele>888.050990</ele>
        <time>2025-10-21T16:50:56.000Z</time>
      </trkpt>
      <trkpt lat="47.944662" lon="8.213146">
        <ele>888.157124</ele>
        <time>2025-10-21T16:50:57.000Z</time>
      </trkpt>
      <trkpt lat="47.944661" lon="8.213178">
        <ele>888.312274</ele>
        <time>2025-10-21T16:50:58.000Z</time>
      </trkpt>
      <trkpt lat="47.944661" lon="8.213207">
        <ele>888.452725</ele>
        <time>2025-10-21T16:50:59.000Z</time>
      </trkpt>
      <trkpt lat="47.944668" lon="8.213222">
        <ele>888.541264</ele>
        <time>2025-10-21T16:51:00.000Z</time>
      </trkpt>
      <trkpt lat="47.944669" lon="8.213253">
        <ele>888.691576</ele>
        <time>2025-10-21T16:51:01.000Z</time>
      </trkpt>
      <trkpt lat="47.944667" lon="8.213289">
        <ele>888.866528</ele>
        <time>2025-10-21T16:51:02.000Z</time>
      </trkpt>
      <trkpt lat="47.944675" lon="8.213306">
        <ele>888.967149</ele>
        <time>2025-10-21T16:51:03.000Z</time>
      </trkpt>
      <trkpt lat="47.944670" lon="8.213338">
        <ele>889.126290</ele>
        <time>2025-10-21T16:51:04.000Z</time>
      </trkpt>
      <trkpt lat="47.944663" lon="8.213371">
        <ele>889.293937</ele>
        <time>2025-10-21T16:51:05.000Z</time>
      </trkpt>
      <trkpt lat="47.944663" lon="8.213390">
        <ele>889.385957</ele>
        <time>2025-10-21T16:51:06.000Z</time>
      </trkpt>
      <trkpt lat="47.944663" lon="8.213416">
        <ele>889.511879</ele>
        <time>2025-10-21T16:51:07.000Z</time>
      </trkpt>
      <trkpt lat="47.944655" lon="8.213452">
        <ele>889.695577</ele>
        <time>2025-10-21T16:51:08.000Z</time>
      </trkpt>
      <trkpt lat="47.944656" lon="8.213471">
        <ele>889.787880</ele>
        <time>2025-10-21T16:51:09.000Z</time>
      </trkpt>
      <trkpt lat="47.944654" lon="8.213496">
        <ele>889.909819</ele>
        <time>2025-10-21T16:51:10.000Z</time>
      </trkpt>
      <trkpt lat="47.944651" lon="8.213524">
        <ele>890.047152</ele>
        <time>2025-10-21T16:51:11.000Z</time>
      </trkpt>
      <trkpt lat="47.944661" lon="8.213537">
        <ele>890.143025</ele>
        <time>2025-10-21T16:51:12.000Z</time>
      </trkpt>
      <trkpt lat="47.944658" lon="8.213568">
        <ele>890.294722</ele>
        <time>2025-10-21T16:51:13.000Z</time>
      </trkpt>
      <trkpt lat="47.944645" lon="8.213591">
        <ele>890.440471</ele>
        <time>2025-10-21T16:51:14.000Z</time>
      </trkpt>
      <trkpt lat="47.944637" lon="8.213611">
        <ele>890.553291</ele>
        <time>2025-10-21T16:51:15.000Z</time>
      </trkpt>
      <trkpt lat="47.944617" lon="8.213628">
        <ele>890.719692</ele>
        <time>2025-10-21T16:51:16.000Z</time>
      </trkpt>
      <trkpt lat="47.944595" lon="8.213615">
        <ele>890.890764</ele>
        <time>2025-10-21T16:51:17.000Z</time>
      </trkpt>
      <trkpt lat="47.944578" lon="8.213599">
        <ele>891.036066</ele>
        <time>2025-10-21T16:51:18.000Z</time>
      </trkpt>
      <trkpt lat="47.944563" lon="8.213588">
        <ele>891.156898</ele>
        <time>2025-10-21T16:51:19.000Z</time>
      </trkpt>
      <trkpt lat="47.944542" lon="8.213563">
        <ele>891.351099</ele>
        <time>2025-10-21T16:51:20.000Z</time>
      </trkpt>
      <trkpt lat="47.944528" lon="8.213533">
        <ele>891.528177</ele>
        <time>2025-10-21T16:51:21.000Z</time>
      </trkpt>
      <trkpt lat="47.944513" lon="8.213521">
        <ele>891.651222</ele>
        <time>2025-10-21T16:51:22.000Z</time>
      </trkpt>
      <trkpt lat="47.944495" lon="8.213508">
        <ele>891.795795</ele>
        <time>2025-10-21T16:51:23.000Z</time>
      </trkpt>
      <trkpt lat="47.944480" lon="8.213480">
        <ele>891.969438</ele>
        <time>2025-10-21T16:51:24.000Z</time>
      </trkpt>
      <trkpt lat="47.944465" lon="8.213462">
        <ele>892.108586</ele>
        <time>2025-10-21T16:51:25.000Z</time>
      </trkpt>
      <trkpt lat="47.944454" lon="8.213447">
        <ele>892.216304</ele>
        <time>2025-10-21T16:51:26.000Z</time>
      </trkpt>
      <trkpt lat="47.944428" lon="8.213420">
        <ele>892.445298</ele>
        <time>2025-10-21T16:51:27.000Z</time>
      </trkpt>
      <trkpt lat="47.944411" lon="8.213396">
        <ele>892.614469</ele>
        <time>2025-10-21T16:51:28.000Z</time>
      </trkpt>
      <trkpt lat="47.944398" lon="8.213388">
        <ele>892.716134</ele>
        <time>2025-10-21T16:51:29.000Z</time>
      </trkpt>
      <trkpt lat="47.944382" lon="8.213355">
        <ele>892.913433</ele>
        <time>2025-10-21T16:51:30.000Z</time>
      </trkpt>
      <trkpt lat="47.944367" lon="8.213332">
        <ele>893.068902</ele>
        <time>2025-10-21T16:51:31.000Z</time>
      </trkpt>
      <trkpt lat="47.944353" lon="8.213316">
        <ele>893.196381</ele>
        <time>2025-10-21T16:51:32.000Z</time>
      </trkpt>
      <trkpt lat="47.944329" lon="8.213286">
        <ele>893.422704</ele>
        <time>2025-10-21T16:51:33.000Z</time>
      </trkpt>
      <trkpt lat="47.944313" lon="8.213260">
        <ele>893.593699</ele>
        <time>2025-10-21T16:51:34.000Z</time>
      </trkpt>
      <trkpt lat="47.944298" lon="8.213248">
        <ele>893.716743</ele>
        <time>2025-10-21T16:51:35.000Z</time>
      </trkpt>
      <trkpt lat="47.944273" lon="8.213219">
        <ele>893.945653</ele>
        <time>2025-10-21T16:51:36.000Z</time>
      </trkpt>
      <trkpt lat="47.944259" lon="8.213195">
        <ele>894.099786</ele>
        <time>2025-10-21T16:51:37.000Z</time>
      </trkpt>
      <trkpt lat="47.944244" lon="8.213180">
        <ele>894.230323</ele>
        <time>2025-10-21T16:51:38.000Z</time>
      </trkpt>
      <trkpt lat="47.944224" lon="8.213153">
        <ele>894.425285</ele>
        <time>2025-10-21T16:51:39.000Z</time>
      </trkpt>
      <trkpt lat="47.944211" lon="8.213128">
        <ele>894.578566</ele>
        <time>2025-10-21T16:51:40.000Z</time>
      </trkpt>
      <trkpt lat="47.944194" lon="8.213117">
        <ele>894.712529</ele>
        <time>2025-10-21T16:51:41.000Z</time>
      </trkpt>
      <trkpt lat="47.944171" lon="8.213092">
        <ele>894.918234</ele>
        <time>2025-10-21T16:51:42.000Z</time>
      </trkpt>
      <trkpt lat="47.944155" lon="8.213065">
        <ele>895.092827</ele>
        <time>2025-10-21T16:51:43.000Z</time>
      </trkpt>
      <trkpt lat="47.944146" lon="8.213047">
        <ele>895.201612</ele>
        <time>2025-10-21T16:51:44.000Z</time>
      </trkpt>
      <trkpt lat="47.944126" lon="8.213020">
        <ele>895.396575</ele>
        <time>2025-10-21T16:51:45.000Z</time>
      </trkpt>
      <trkpt lat="47.944108" lon="8.212995">
        <ele>895.574333</ele>
        <time>2025-10-21T16:51:46.000Z</time>
      </trkpt>
      <trkpt lat="47.944093" lon="8.212985">
        <ele>895.693109</ele>
        <time>2025-10-21T16:51:47.000Z</time>
      </trkpt>
      <trkpt lat="47.944073" lon="8.212965">
        <ele>895.867158</ele>
        <time>2025-10-21T16:51:48.000Z</time>
      </trkpt>
      <trkpt lat="47.944056" lon="8.212936">
        <ele>896.053800</ele>
        <time>2025-10-21T16:51:49.000Z</time>
      </trkpt>
      <trkpt lat="47.944041" lon="8.212924">
        <ele>896.176844</ele>
        <time>2025-10-21T16:51:50.000Z</time>
      </trkpt>
      <trkpt lat="47.944018" lon="8.212908">
        <ele>896.360308</ele>
        <time>2025-10-21T16:51:51.000Z</time>
      </trkpt>
      <trkpt lat="47.943998" lon="8.212881">
        <ele>896.555271</ele>
        <time>2025-10-21T16:51:52.000Z</time>
      </trkpt>
      <trkpt lat="47.943980" lon="8.212866">
        <ele>896.704319</ele>
        <time>2025-10-21T16:51:53.000Z</time>
      </trkpt>
      <trkpt lat="47.943964" lon="8.212852">
        <ele>896.838409</ele>
        <time>2025-10-21T16:51:54.000Z</time>
      </trkpt>
      <trkpt lat="47.943944" lon="8.212822">
        <ele>897.043401</ele>
        <time>2025-10-21T16:51:55.000Z</time>
      </trkpt>
      <trkpt lat="47.943926" lon="8.212804">
        <ele>897.200045</ele>
        <time>2025-10-21T16:51:56.000Z</time>
      </trkpt>
      <trkpt lat="47.943906" lon="8.212786">
        <ele>897.368896</ele>
        <time>2025-10-21T16:51:57.000Z</time>
      </trkpt>
      <trkpt lat="47.943890" lon="8.212755">
        <ele>897.558434</ele>
        <time>2025-10-21T16:51:58.000Z</time>
      </trkpt>
      <trkpt lat="47.943876" lon="8.212736">
        <ele>897.695234</ele>
        <time>2025-10-21T16:51:59.000Z</time>
      </trkpt>
      <trkpt lat="47.943856" lon="8.212722">
        <ele>897.854946</ele>
        <time>2025-10-21T16:52:00.000Z</time>
      </trkpt>
      <trkpt lat="47.943835" lon="8.212694">
        <ele>898.058524</ele>
        <time>2025-10-21T16:52:01.000Z</time>
      </trkpt>
      <trkpt lat="47.943821" lon="8.212673">
        <ele>898.202019</ele>
        <time>2025-10-21T16:52:02.000Z</time>
      </trkpt>
      <trkpt lat="47.943802" lon="8.212661">
        <ele>898.351181</ele>
        <time>2025-10-21T16:52:03.000Z</time>
      </trkpt>
      <trkpt lat="47.943780" lon="8.212635">
        <ele>898.554057</ele>
        <time>2025-10-21T16:52:04.000Z</time>
      </trkpt>
      <trkpt lat="47.943762" lon="8.212612">
        <ele>898.728335</ele>
        <time>2025-10-21T16:52:05.000Z</time>
      </trkpt>
      <trkpt lat="47.943748" lon="8.212599">
        <ele>898.849672</ele>
        <time>2025-10-21T16:52:06.000Z</time>
      </trkpt>
      <trkpt lat="47.943727" lon="8.212573">
        <ele>899.050455</ele>
        <time>2025-10-21T16:52:07.000Z</time>
      </trkpt>
      <trkpt lat="47.943704" lon="8.212547">
        <ele>899.262776</ele>
        <time>2025-10-21T16:52:08.000Z</time>
      </trkpt>
      <trkpt lat="47.943688" lon="8.212534">
        <ele>899.396837</ele>
        <time>2025-10-21T16:52:09.000Z</time>
      </trkpt>
      <trkpt lat="47.943667" lon="8.212518">
        <ele>899.570350</ele>
        <time>2025-10-21T16:52:10.000Z</time>
      </trkpt>
      <trkpt lat="47.943651" lon="8.212485">
        <ele>899.771176</ele>
        <time>2025-10-21T16:52:11.000Z</time>
      </trkpt>
      <trkpt lat="47.943631" lon="8.212465">
        <ele>899.948335</ele>
        <time>2025-10-21T16:52:12.000Z</time>
      </trkpt>
      <trkpt lat="47.943614" lon="8.212447">
        <ele>900.101720</ele>
        <time>2025-10-21T16:52:13.000Z</time>
      </trkpt>
      <trkpt lat="47.943594" lon="8.212415">
        <ele>900.317476</ele>
        <time>2025-10-21T16:52:14.000Z</time>
      </trkpt>
      <trkpt lat="47.943579" lon="8.212393">
        <ele>900.472230</ele>
        <time>2025-10-21T16:52:15.000Z</time>
      </trkpt>
      <trkpt lat="47.943562" lon="8.212378">
        <ele>900.617560</ele>
        <time>2025-10-21T16:52:16.000Z</time>
      </trkpt>
      <trkpt lat="47.943539" lon="8.212352">
        <ele>900.829880</ele>
        <time>2025-10-21T16:52:17.000Z</time>
      </trkpt>
      <trkpt lat="47.943524" lon="8.212322">
        <ele>901.014431</ele>
        <time>2025-10-21T16:52:18.000Z</time>
      </trkpt>
      <trkpt lat="47.943510" lon="8.212309">
        <ele>901.135768</ele>
        <time>2025-10-21T16:52:19.000Z</time>
      </trkpt>
      <trkpt lat="47.943487" lon="8.212283">
        <ele>901.348089</ele>
        <time>2025-10-21T16:52:20.000Z</time>
      </trkpt>
      <trkpt lat="47.943468" lon="8.212253">
        <ele>901.551620</ele>
        <time>2025-10-21T16:52:21.000Z</time>
      </trkpt>
      <trkpt lat="47.943454" lon="8.212237">
        <ele>901.681378</ele>
        <time>2025-10-21T16:52:22.000Z</time>
      </trkpt>
      <trkpt lat="47.943432" lon="8.212214">
        <ele>901.879041</ele>
        <time>2025-10-21T16:52:23.000Z</time>
      </trkpt>
      <trkpt lat="47.943416" lon="8.212177">
        <ele>902.096149</ele>
        <time>2025-10-21T16:52:24.000Z</time>
      </trkpt>
      <trkpt lat="47.943399" lon="8.212156">
        <ele>902.258538</ele>
        <time>2025-10-21T16:52:25.000Z</time>
      </trkpt>
      <trkpt lat="47.943382" lon="8.212140">
        <ele>902.406438</ele>
        <time>2025-10-21T16:52:26.000Z</time>
      </trkpt>
      <trkpt lat="47.943363" lon="8.212110">
        <ele>902.609969</ele>
        <time>2025-10-21T16:52:27.000Z</time>
      </trkpt>
      <trkpt lat="47.943348" lon="8.212087">
        <ele>902.768218</ele>
        <time>2025-10-21T16:52:28.000Z</time>
      </trkpt>
      <trkpt lat="47.943334" lon="8.212067">
        <ele>902.910825</ele>
        <time>2025-10-21T16:52:29.000Z</time>
      </trkpt>
      <trkpt lat="47.943312" lon="8.212038">
        <ele>903.126818</ele>
        <time>2025-10-21T16:52:30.000Z</time>
      </trkpt>
      <trkpt lat="47.943300" lon="8.212005">
        <ele>903.311927</ele>
        <time>2025-10-21T16:52:31.000Z</time>
      </trkpt>
      <trkpt lat="47.943279" lon="8.211993">
        <ele>903.477410</ele>
        <time>2025-10-21T16:52:32.000Z</time>
      </trkpt>
      <trkpt lat="47.943260" lon="8.212000">
        <ele>903.621435</ele>
        <time>2025-10-21T16:52:33.000Z</time>
      </trkpt>
      <trkpt lat="47.943254" lon="8.212011">
        <ele>903.691367</ele>
        <time>2025-10-21T16:52:34.000Z</time>
      </trkpt>
      <trkpt lat="47.943255" lon="8.212044">
        <ele>903.854218</ele>
        <time>2025-10-21T16:52:35.000Z</time>
      </trkpt>
      <trkpt lat="47.943251" lon="8.212085">
        <ele>904.058473</ele>
        <time>2025-10-21T16:52:36.000Z</time>
      </trkpt>
      <trkpt lat="47.943262" lon="8.212110">
        <ele>904.205929</ele>
        <time>2025-10-21T16:52:37.000Z</time>
      </trkpt>
      <trkpt lat="47.943278" lon="8.212137">
        <ele>904.383643</ele>
        <time>2025-10-21T16:52:38.000Z</time>
      </trkpt>
      <trkpt lat="47.943286" lon="8.212178">
        <ele>904.594166</ele>
        <time>2025-10-21T16:52:39.000Z</time>
      </trkpt>
      <trkpt lat="47.943292" lon="8.212203">
        <ele>904.725083</ele>
        <time>2025-10-21T16:52:40.000Z</time>
      </trkpt>
      <trkpt lat="47.943294" lon="8.212225">
        <ele>904.834534</ele>
        <time>2025-10-21T16:52:41.000Z</time>
      </trkpt>
      <trkpt lat="47.943303" lon="8.212255">
        <ele>904.996583</ele>
        <time>2025-10-21T16:52:42.000Z</time>
      </trkpt>
      <trkpt lat="47.943313" lon="8.212282">
        <ele>905.148679</ele>
        <time>2025-10-21T16:52:43.000Z</time>
      </trkpt>
      <trkpt lat="47.943321" lon="8.212298">
        <ele>905.247106</ele>
        <time>2025-10-21T16:52:44.000Z</time>
      </trkpt>
      <trkpt lat="47.943337" lon="8.212330">
        <ele>905.443960</ele>
        <time>2025-10-21T16:52:45.000Z</time>
      </trkpt>
      <trkpt lat="47.943349" lon="8.212363">
        <ele>905.629069</ele>
        <time>2025-10-21T16:52:46.000Z</time>
      </trkpt>
      <trkpt lat="47.943357" lon="8.212385">
        <ele>905.752475</ele>
        <time>2025-10-21T16:52:47.000Z</time>
      </trkpt>
      <trkpt lat="47.943370" lon="8.212409">
        <ele>905.904633</ele>
        <time>2025-10-21T16:52:48.000Z</time>
      </trkpt>
      <trkpt lat="47.943384" lon="8.212438">
        <ele>906.080856</ele>
        <time>2025-10-21T16:52:49.000Z</time>
      </trkpt>
      <trkpt lat="47.943393" lon="8.212459">
        <ele>906.203757</ele>
        <time>2025-10-21T16:52:50.000Z</time>
      </trkpt>
      <trkpt lat="47.943403" lon="8.212482">
        <ele>906.338933</ele>
        <time>2025-10-21T16:52:51.000Z</time>
      </trkpt>
      <trkpt lat="47.943417" lon="8.212518">
        <ele>906.544146</ele>
        <time>2025-10-21T16:52:52.000Z</time>
      </trkpt>
      <trkpt lat="47.943426" lon="8.212543">
        <ele>906.684062</ele>
        <time>2025-10-21T16:52:53.000Z</time>
      </trkpt>
      <trkpt lat="47.943444" lon="8.212557">
        <ele>906.833432</ele>
        <time>2025-10-21T16:52:54.000Z</time>
      </trkpt>
      <trkpt lat="47.943459" lon="8.212594">
        <ele>907.046639</ele>
        <time>2025-10-21T16:52:55.000Z</time>
      </trkpt>
      <trkpt lat="47.943470" lon="8.212620">
        <ele>907.198239</ele>
        <time>2025-10-21T16:52:56.000Z</time>
      </trkpt>
      <trkpt lat="47.943483" lon="8.212643">
        <ele>907.346595</ele>
        <time>2025-10-21T16:52:57.000Z</time>
      </trkpt>
      <trkpt lat="47.943491" lon="8.212679">
        <ele>907.533579</ele>
        <time>2025-10-21T16:52:58.000Z</time>
      </trkpt>
      <trkpt lat="47.943497" lon="8.212707">
        <ele>907.678504</ele>
        <time>2025-10-21T16:52:59.000Z</time>
      </trkpt>
      <trkpt lat="47.943504" lon="8.212723">
        <ele>907.772714</ele>
        <time>2025-10-21T16:53:00.000Z</time>
      </trkpt>
      <trkpt lat="47.943510" lon="8.212757">
        <ele>907.946046</ele>
        <time>2025-10-21T16:53:01.000Z</time>
      </trkpt>
      <trkpt lat="47.943509" lon="8.212783">
        <ele>908.074432</ele>
        <time>2025-10-21T16:53:02.000Z</time>
      </trkpt>
      <trkpt lat="47.943515" lon="8.212803">
        <ele>908.182465</ele>
        <time>2025-10-21T16:53:03.000Z</time>
      </trkpt>
      <trkpt lat="47.943521" lon="8.212837">
        <ele>908.355797</ele>
        <time>2025-10-21T16:53:04.000Z</time>
      </trkpt>
      <trkpt lat="47.943524" lon="8.212863">
        <ele>908.485860</ele>
        <time>2025-10-21T16:53:05.000Z</time>
      </trkpt>
      <trkpt lat="47.943535" lon="8.212877">
        <ele>908.592240</ele>
        <time>2025-10-21T16:53:06.000Z</time>
      </trkpt>
      <trkpt lat="47.943541" lon="8.212914">
        <ele>908.779912</ele>
        <time>2025-10-21T16:53:07.000Z</time>
      </trkpt>
      <trkpt lat="47.943541" lon="8.212947">
        <ele>908.942595</ele>
        <time>2025-10-21T16:53:08.000Z</time>
      </trkpt>
      <trkpt lat="47.943546" lon="8.212963">
        <ele>909.029633</ele>
        <time>2025-10-21T16:53:09.000Z</time>
      </trkpt>
      <trkpt lat="47.943551" lon="8.212989">
        <ele>909.162986</ele>
        <time>2025-10-21T16:53:10.000Z</time>
      </trkpt>
      <trkpt lat="47.943548" lon="8.213023">
        <ele>909.332047</ele>
        <time>2025-10-21T16:53:11.000Z</time>
      </trkpt>
      <trkpt lat="47.943552" lon="8.213044">
        <ele>909.439677</ele>
        <time>2025-10-21T16:53:12.000Z</time>
      </trkpt>
      <trkpt lat="47.943557" lon="8.213063">
        <ele>909.540312</ele>
        <time>2025-10-21T16:53:13.000Z</time>
      </trkpt>
      <trkpt lat="47.943557" lon="8.213099">
        <ele>909.717784</ele>
        <time>2025-10-21T16:53:14.000Z</time>
      </trkpt>
      <trkpt lat="47.943560" lon="8.213124">
        <ele>909.842992</ele>
        <time>2025-10-21T16:53:15.000Z</time>
      </trkpt>
      <trkpt lat="47.943562" lon="8.213141">
        <ele>909.928081</ele>
        <time>2025-10-21T16:53:16.000Z</time>
      </trkpt>
      <trkpt lat="47.943564" lon="8.213175">
        <ele>910.096339</ele>
        <time>2025-10-21T16:53:17.000Z</time>
      </trkpt>
      <trkpt lat="47.943564" lon="8.213200">
        <ele>910.219584</ele>
        <time>2025-10-21T16:53:18.000Z</time>
      </trkpt>
      <trkpt lat="47.943567" lon="8.213217">
        <ele>910.306250</ele>
        <time>2025-10-21T16:53:19.000Z</time>
      </trkpt>
      <trkpt lat="47.943569" lon="8.213252">
        <ele>910.479420</ele>
        <time>2025-10-21T16:53:20.000Z</time>
      </trkpt>
      <trkpt lat="47.943565" lon="8.213284">
        <ele>910.639897</ele>
        <time>2025-10-21T16:53:21.000Z</time>
      </trkpt>
      <trkpt lat="47.943576" lon="8.213302">
        <ele>910.760012</ele>
        <time>2025-10-21T16:53:22.000Z</time>
      </trkpt>
      <trkpt lat="47.943584" lon="8.213334">
        <ele>910.928394</ele>
        <time>2025-10-21T16:53:23.000Z</time>
      </trkpt>
      <trkpt lat="47.943584" lon="8.213368">
        <ele>911.096007</ele>
        <time>2025-10-21T16:53:24.000Z</time>
      </trkpt>
      <trkpt lat="47.943594" lon="8.213384">
        <ele>911.203885</ele>
        <time>2025-10-21T16:53:25.000Z</time>
      </trkpt>
      <trkpt lat="47.943602" lon="8.213413">
        <ele>911.358498</ele>
        <time>2025-10-21T16:53:26.000Z</time>
      </trkpt>
      <trkpt lat="47.943597" lon="8.213445">
        <ele>911.520486</ele>
        <time>2025-10-21T16:53:27.000Z</time>
      </trkpt>
      <trkpt lat="47.943600" lon="8.213465">
        <ele>911.621524</ele>
        <time>2025-10-21T16:53:28.000Z</time>
      </trkpt>
      <trkpt lat="47.943610" lon="8.213491">
        <ele>911.769324</ele>
        <time>2025-10-21T16:53:29.000Z</time>
      </trkpt>
      <trkpt lat="47.943615" lon="8.213524">
        <ele>912.042219</ele>
        <time>2025-10-21T16:53:30.000Z</time>
      </trkpt>
      <trkpt lat="47.943619" lon="8.213543">
        <ele>912.214808</ele>
        <time>2025-10-21T16:53:31.000Z</time>
      </trkpt>
      <trkpt lat="47.943627" lon="8.213565">
        <ele>912.431734</ele>
        <time>2025-10-21T16:53:32.000Z</time>
      </trkpt>
      <trkpt lat="47.943633" lon="8.213599">
        <ele>912.736422</ele>
        <time>2025-10-21T16:53:33.000Z</time>
      </trkpt>
      <trkpt lat="47.943638" lon="8.213623">
        <ele>912.954226</ele>
        <time>2025-10-21T16:53:34.000Z</time>
      </trkpt>
      <trkpt lat="47.943645" lon="8.213644">
        <ele>913.157493</ele>
        <time>2025-10-21T16:53:35.000Z</time>
      </trkpt>
      <trkpt lat="47.943650" lon="8.213678">
        <ele>913.459144</ele>
        <time>2025-10-21T16:53:36.000Z</time>
      </trkpt>
      <trkpt lat="47.943654" lon="8.213705">
        <ele>913.698773</ele>
        <time>2025-10-21T16:53:37.000Z</time>
      </trkpt>
      <trkpt lat="47.943661" lon="8.213723">
        <ele>913.879137</ele>
        <time>2025-10-21T16:53:38.000Z</time>
      </trkpt>
      <trkpt lat="47.943668" lon="8.213752">
        <ele>914.146261</ele>
        <time>2025-10-21T16:53:39.000Z</time>
      </trkpt>
      <trkpt lat="47.943666" lon="8.213785">
        <ele>914.433399</ele>
        <time>2025-10-21T16:53:40.000Z</time>
      </trkpt>
      <trkpt lat="47.943670" lon="8.213803">
        <ele>914.597741</ele>
        <time>2025-10-21T16:53:41.000Z</time>
      </trkpt>
      <trkpt lat="47.943672" lon="8.213828">
        <ele>914.815924</ele>
        <time>2025-10-21T16:53:42.000Z</time>
      </trkpt>
      <trkpt lat="47.943671" lon="8.213862">
        <ele>915.110843</ele>
        <time>2025-10-21T16:53:43.000Z</time>
      </trkpt>
      <trkpt lat="47.943678" lon="8.213881">
        <ele>915.298752</ele>
        <time>2025-10-21T16:53:44.000Z</time>
      </trkpt>
      <trkpt lat="47.943685" lon="8.213902">
        <ele>915.502018</ele>
        <time>2025-10-21T16:53:45.000Z</time>
      </trkpt>
      <trkpt lat="47.943685" lon="8.213938">
        <ele>915.813984</ele>
        <time>2025-10-21T16:53:46.000Z</time>
      </trkpt>
      <trkpt lat="47.943690" lon="8.213960">
        <ele>916.015305</ele>
        <time>2025-10-21T16:53:47.000Z</time>
      </trkpt>
      <trkpt lat="47.943698" lon="8.213977">
        <ele>916.195341</ele>
        <time>2025-10-21T16:53:48.000Z</time>
      </trkpt>
      <trkpt lat="47.943701" lon="8.214009">
        <ele>916.475347</ele>
        <time>2025-10-21T16:53:49.000Z</time>
      </trkpt>
      <trkpt lat="47.943704" lon="8.214036">
        <ele>916.712519</ele>
        <time>2025-10-21T16:53:50.000Z</time>
      </trkpt>
      <trkpt lat="47.943710" lon="8.214058">
        <ele>916.918360</ele>
        <time>2025-10-21T16:53:51.000Z</time>
      </trkpt>
      <trkpt lat="47.943713" lon="8.214096">
        <ele>917.249937</ele>
        <time>2025-10-21T16:53:52.000Z</time>
      </trkpt>
      <trkpt lat="47.943714" lon="8.214128">
        <ele>917.527542</ele>
        <time>2025-10-21T16:53:53.000Z</time>
      </trkpt>
      <trkpt lat="47.943723" lon="8.214151">
        <ele>917.758369</ele>
        <time>2025-10-21T16:53:54.000Z</time>
      </trkpt>
      <trkpt lat="47.943727" lon="8.214183">
        <ele>918.040459</ele>
        <time>2025-10-21T16:53:55.000Z</time>
      </trkpt>
      <trkpt lat="47.943724" lon="8.214214">
        <ele>918.311885</ele>
        <time>2025-10-21T16:53:56.000Z</time>
      </trkpt>
      <trkpt lat="47.943726" lon="8.214242">
        <ele>918.555901</ele>
        <time>2025-10-21T16:53:57.000Z</time>
      </trkpt>
      <trkpt lat="47.943730" lon="8.214263">
        <ele>918.745095</ele>
        <time>2025-10-21T16:53:58.000Z</time>
      </trkpt>
      <trkpt lat="47.943729" lon="8.214299">
        <ele>919.057329</ele>
        <time>2025-10-21T16:53:59.000Z</time>
      </trkpt>
      <trkpt lat="47.943732" lon="8.214323">
        <ele>919.268897</ele>
        <time>2025-10-21T16:54:00.000Z</time>
      </trkpt>
      <trkpt lat="47.943733" lon="8.214350">
        <ele>919.503229</ele>
        <time>2025-10-21T16:54:01.000Z</time>
      </trkpt>
      <trkpt lat="47.943730" lon="8.214380">
        <ele>919.766081</ele>
        <time>2025-10-21T16:54:02.000Z</time>
      </trkpt>
      <trkpt lat="47.943723" lon="8.214405">
        <ele>920.000889</ele>
        <time>2025-10-21T16:54:03.000Z</time>
      </trkpt>
      <trkpt lat="47.943728" lon="8.214425">
        <ele>920.185880</ele>
        <time>2025-10-21T16:54:04.000Z</time>
      </trkpt>
      <trkpt lat="47.943734" lon="8.214457">
        <ele>920.473842</ele>
        <time>2025-10-21T16:54:05.000Z</time>
      </trkpt>
      <trkpt lat="47.943731" lon="8.214488">
        <ele>920.745268</ele>
        <time>2025-10-21T16:54:06.000Z</time>
      </trkpt>
      <trkpt lat="47.943734" lon="8.214508">
        <ele>920.922875</ele>
        <time>2025-10-21T16:54:07.000Z</time>
      </trkpt>
      <trkpt lat="47.943736" lon="8.214531">
        <ele>921.123859</ele>
        <time>2025-10-21T16:54:08.000Z</time>
      </trkpt>
      <trkpt lat="47.943727" lon="8.214567">
        <ele>921.456843</ele>
        <time>2025-10-21T16:54:09.000Z</time>
      </trkpt>
      <trkpt lat="47.943728" lon="8.214592">
        <ele>921.673872</ele>
        <time>2025-10-21T16:54:10.000Z</time>
      </trkpt>
      <trkpt lat="47.943732" lon="8.214614">
        <ele>921.871416</ele>
        <time>2025-10-21T16:54:11.000Z</time>
      </trkpt>
      <trkpt lat="47.943729" lon="8.214645">
        <ele>922.142842</ele>
        <time>2025-10-21T16:54:12.000Z</time>
      </trkpt>
      <trkpt lat="47.943728" lon="8.214673">
        <ele>922.385827</ele>
        <time>2025-10-21T16:54:13.000Z</time>
      </trkpt>
      <trkpt lat="47.943731" lon="8.214692">
        <ele>922.554988</ele>
        <time>2025-10-21T16:54:14.000Z</time>
      </trkpt>
      <trkpt lat="47.943730" lon="8.214723">
        <ele>922.823937</ele>
        <time>2025-10-21T16:54:15.000Z</time>
      </trkpt>
      <trkpt lat="47.943722" lon="8.214755">
        <ele>923.119923</ele>
        <time>2025-10-21T16:54:16.000Z</time>
      </trkpt>
      <trkpt lat="47.943727" lon="8.214776">
        <ele>923.313057</ele>
        <time>2025-10-21T16:54:17.000Z</time>
      </trkpt>
      <trkpt lat="47.943725" lon="8.214807">
        <ele>923.582938</ele>
        <time>2025-10-21T16:54:18.000Z</time>
      </trkpt>
      <trkpt lat="47.943717" lon="8.214840">
        <ele>923.887058</ele>
        <time>2025-10-21T16:54:19.000Z</time>
      </trkpt>
      <trkpt lat="47.943720" lon="8.214864">
        <ele>924.098625</ele>
        <time>2025-10-21T16:54:20.000Z</time>
      </trkpt>
      <trkpt lat="47.943720" lon="8.214892">
        <ele>924.341266</ele>
        <time>2025-10-21T16:54:21.000Z</time>
      </trkpt>
      <trkpt lat="47.943712" lon="8.214927">
        <ele>924.661737</ele>
        <time>2025-10-21T16:54:22.000Z</time>
      </trkpt>
      <trkpt lat="47.943715" lon="8.214950">
        <ele>924.864792</ele>
        <time>2025-10-21T16:54:23.000Z</time>
      </trkpt>
      <trkpt lat="47.943714" lon="8.214975">
        <ele>925.081821</ele>
        <time>2025-10-21T16:54:24.000Z</time>
      </trkpt>
      <trkpt lat="47.943703" lon="8.215005">
        <ele>925.378192</ele>
        <time>2025-10-21T16:54:25.000Z</time>
      </trkpt>
      <trkpt lat="47.943695" lon="8.215028">
        <ele>925.602771</ele>
        <time>2025-10-21T16:54:26.000Z</time>
      </trkpt>
      <trkpt lat="47.943688" lon="8.215047">
        <ele>925.790680</ele>
        <time>2025-10-21T16:54:27.000Z</time>
      </trkpt>
      <trkpt lat="47.943667" lon="8.215063">
        <ele>926.095685</ele>
        <time>2025-10-21T16:54:28.000Z</time>
      </trkpt>
      <trkpt lat="47.943648" lon="8.215066">
        <ele>926.342852</ele>
        <time>2025-10-21T16:54:29.000Z</time>
      </trkpt>
      <trkpt lat="47.943637" lon="8.215070">
        <ele>926.489316</ele>
        <time>2025-10-21T16:54:30.000Z</time>
      </trkpt>
      <trkpt lat="47.943619" lon="8.215076">
        <ele>926.727909</ele>
        <time>2025-10-21T16:54:31.000Z</time>
      </trkpt>
      <trkpt lat="47.943592" lon="8.215070">
        <ele>927.081046</ele>
        <time>2025-10-21T16:54:32.000Z</time>
      </trkpt>
      <trkpt lat="47.943575" lon="8.215068">
        <ele>927.301651</ele>
        <time>2025-10-21T16:54:33.000Z</time>
      </trkpt>
      <trkpt lat="47.943559" lon="8.215070">
        <ele>927.509361</ele>
        <time>2025-10-21T16:54:34.000Z</time>
      </trkpt>
      <trkpt lat="47.943537" lon="8.215058">
        <ele>927.812369</ele>
        <time>2025-10-21T16:54:35.000Z</time>
      </trkpt>
      <trkpt lat="47.943522" lon="8.215053">
        <ele>928.011197</ele>
        <time>2025-10-21T16:54:36.000Z</time>
      </trkpt>
      <trkpt lat="47.943509" lon="8.215047">
        <ele>928.187227</ele>
        <time>2025-10-21T16:54:37.000Z</time>
      </trkpt>
      <trkpt lat="47.943489" lon="8.215033">
        <ele>928.472991</ele>
        <time>2025-10-21T16:54:38.000Z</time>
      </trkpt>
      <trkpt lat="47.943473" lon="8.215019">
        <ele>928.712912</ele>
        <time>2025-10-21T16:54:39.000Z</time>
      </trkpt>
      <trkpt lat="47.943461" lon="8.215014">
        <ele>928.874084</ele>
        <time>2025-10-21T16:54:40.000Z</time>
      </trkpt>
      <trkpt lat="47.943444" lon="8.215005">
        <ele>929.107427</ele>
        <time>2025-10-21T16:54:41.000Z</time>
      </trkpt>
      <trkpt lat="47.943427" lon="8.214990">
        <ele>929.362892</ele>
        <time>2025-10-21T16:54:42.000Z</time>
      </trkpt>
      <trkpt lat="47.943412" lon="8.214979">
        <ele>929.579090</ele>
        <time>2025-10-21T16:54:43.000Z</time>
      </trkpt>
      <trkpt lat="47.943393" lon="8.214971">
        <ele>929.834475</ele>
        <time>2025-10-21T16:54:44.000Z</time>
      </trkpt>
      <trkpt lat="47.943373" lon="8.214954">
        <ele>930.132209</ele>
        <time>2025-10-21T16:54:45.000Z</time>
      </trkpt>
      <trkpt lat="47.943359" lon="8.214942">
        <ele>930.341052</ele>
        <time>2025-10-21T16:54:46.000Z</time>
      </trkpt>
      <trkpt lat="47.943346" lon="8.214928">
        <ele>930.548421</ele>
        <time>2025-10-21T16:54:47.000Z</time>
      </trkpt>
      <trkpt lat="47.943327" lon="8.214915">
        <ele>930.818804</ele>
        <time>2025-10-21T16:54:48.000Z</time>
      </trkpt>
      <trkpt lat="47.943313" lon="8.214901">
        <ele>931.036796</ele>
        <time>2025-10-21T16:54:49.000Z</time>
      </trkpt>
      <trkpt lat="47.943299" lon="8.214892">
        <ele>931.233988</ele>
        <time>2025-10-21T16:54:50.000Z</time>
      </trkpt>
      <trkpt lat="47.943277" lon="8.214874">
        <ele>931.558536</ele>
        <time>2025-10-21T16:54:51.000Z</time>
      </trkpt>
      <trkpt lat="47.943269" lon="8.214859">
        <ele>931.724691</ele>
        <time>2025-10-21T16:54:52.000Z</time>
      </trkpt>
      <trkpt lat="47.943259" lon="8.214852">
        <ele>931.867573</ele>
        <time>2025-10-21T16:54:53.000Z</time>
      </trkpt>
      <trkpt lat="47.943242" lon="8.214838">
        <ele>932.118740</ele>
        <time>2025-10-21T16:54:54.000Z</time>
      </trkpt>
      <trkpt lat="47.943228" lon="8.214823">
        <ele>932.341671</ele>
        <time>2025-10-21T16:54:55.000Z</time>
      </trkpt>
      <trkpt lat="47.943218" lon="8.214816">
        <ele>932.484553</ele>
        <time>2025-10-21T16:54:56.000Z</time>
      </trkpt>
      <trkpt lat="47.943200" lon="8.214809">
        <ele>932.725184</ele>
        <time>2025-10-21T16:54:57.000Z</time>
      </trkpt>
      <trkpt lat="47.943179" lon="8.214795">
        <ele>933.022712</ele>
        <time>2025-10-21T16:54:58.000Z</time>
      </trkpt>
      <trkpt lat="47.943168" lon="8.214779">
        <ele>933.221394</ele>
        <time>2025-10-21T16:54:59.000Z</time>
      </trkpt>
      <trkpt lat="47.943155" lon="8.214771">
        <ele>933.403299</ele>
        <time>2025-10-21T16:55:00.000Z</time>
      </trkpt>
      <trkpt lat="47.943133" lon="8.214754">
        <ele>933.723772</ele>
        <time>2025-10-21T16:55:01.000Z</time>
      </trkpt>
      <trkpt lat="47.943120" lon="8.214742">
        <ele>933.921502</ele>
        <time>2025-10-21T16:55:02.000Z</time>
      </trkpt>
      <trkpt lat="47.943107" lon="8.214746">
        <ele>934.093213</ele>
        <time>2025-10-21T16:55:03.000Z</time>
      </trkpt>
      <trkpt lat="47.943082" lon="8.214736">
        <ele>934.428038</ele>
        <time>2025-10-21T16:55:04.000Z</time>
      </trkpt>
      <trkpt lat="47.943061" lon="8.214718">
        <ele>934.741303</ele>
        <time>2025-10-21T16:55:05.000Z</time>
      </trkpt>
      <trkpt lat="47.943049" lon="8.214709">
        <ele>934.915033</ele>
        <time>2025-10-21T16:55:06.000Z</time>
      </trkpt>
      <trkpt lat="47.943030" lon="8.214700">
        <ele>935.167628</ele>
        <time>2025-10-21T16:55:07.000Z</time>
      </trkpt>
      <trkpt lat="47.943011" lon="8.214689">
        <ele>935.418430</ele>
        <time>2025-10-21T16:55:08.000Z</time>
      </trkpt>
      <trkpt lat="47.943000" lon="8.214682">
        <ele>935.565593</ele>
        <time>2025-10-21T16:55:09.000Z</time>
      </trkpt>
      <trkpt lat="47.942982" lon="8.214673">
        <ele>935.799214</ele>
        <time>2025-10-21T16:55:10.000Z</time>
      </trkpt>
      <trkpt lat="47.942959" lon="8.214660">
        <ele>936.101885</ele>
        <time>2025-10-21T16:55:11.000Z</time>
      </trkpt>
      <trkpt lat="47.942948" lon="8.214655">
        <ele>936.243398</ele>
        <time>2025-10-21T16:55:12.000Z</time>
      </trkpt>
      <trkpt lat="47.942931" lon="8.214651">
        <ele>936.455199</ele>
        <time>2025-10-21T16:55:13.000Z</time>
      </trkpt>
      <trkpt lat="47.942910" lon="8.214642">
        <ele>936.724085</ele>
        <time>2025-10-21T16:55:14.000Z</time>
      </trkpt>
      <trkpt lat="47.942890" lon="8.214633">
        <ele>936.981165</ele>
        <time>2025-10-21T16:55:15.000Z</time>
      </trkpt>
      <trkpt lat="47.942880" lon="8.214629">
        <ele>937.108576</ele>
        <time>2025-10-21T16:55:16.000Z</time>
      </trkpt>
      <trkpt lat="47.942869" lon="8.214624">
        <ele>937.250089</ele>
        <time>2025-10-21T16:55:17.000Z</time>
      </trkpt>
      <trkpt lat="47.942849" lon="8.214612">
        <ele>937.515366</ele>
        <time>2025-10-21T16:55:18.000Z</time>
      </trkpt>
      <trkpt lat="47.942835" lon="8.214608">
        <ele>937.690791</ele>
        <time>2025-10-21T16:55:19.000Z</time>
      </trkpt>
      <trkpt lat="47.942830" lon="8.214606">
        <ele>937.754497</ele>
        <time>2025-10-21T16:55:20.000Z</time>
      </trkpt>
      <trkpt lat="47.942811" lon="8.214595">
        <ele>938.005298</ele>
        <time>2025-10-21T16:55:21.000Z</time>
      </trkpt>
      <trkpt lat="47.942792" lon="8.214588">
        <ele>938.246147</ele>
        <time>2025-10-21T16:55:22.000Z</time>
      </trkpt>
      <trkpt lat="47.942778" lon="8.214591">
        <ele>938.420210</ele>
        <time>2025-10-21T16:55:23.000Z</time>
      </trkpt>
      <trkpt lat="47.942763" lon="8.214588">
        <ele>938.606465</ele>
        <time>2025-10-21T16:55:24.000Z</time>
      </trkpt>
      <trkpt lat="47.942738" lon="8.214580">
        <ele>938.921128</ele>
        <time>2025-10-21T16:55:25.000Z</time>
      </trkpt>
      <trkpt lat="47.942721" lon="8.214578">
        <ele>939.130996</ele>
        <time>2025-10-21T16:55:26.000Z</time>
      </trkpt>
      <trkpt lat="47.942705" lon="8.214577">
        <ele>939.328080</ele>
        <time>2025-10-21T16:55:27.000Z</time>
      </trkpt>
      <trkpt lat="47.942688" lon="8.214569">
        <ele>939.547448</ele>
        <time>2025-10-21T16:55:28.000Z</time>
      </trkpt>
      <trkpt lat="47.942671" lon="8.214568">
        <ele>939.756829</ele>
        <time>2025-10-21T16:55:29.000Z</time>
      </trkpt>
      <trkpt lat="47.942657" lon="8.214566">
        <ele>939.929914</ele>
        <time>2025-10-21T16:55:30.000Z</time>
      </trkpt>
      <trkpt lat="47.942641" lon="8.214564">
        <ele>940.127514</ele>
        <time>2025-10-21T16:55:31.000Z</time>
      </trkpt>
      <trkpt lat="47.942622" lon="8.214555">
        <ele>940.372836</ele>
        <time>2025-10-21T16:55:32.000Z</time>
      </trkpt>
      <trkpt lat="47.942610" lon="8.214555">
        <ele>940.520520</ele>
        <time>2025-10-21T16:55:33.000Z</time>
      </trkpt>
      <trkpt lat="47.942597" lon="8.214551">
        <ele>940.683874</ele>
        <time>2025-10-21T16:55:34.000Z</time>
      </trkpt>
      <trkpt lat="47.942577" lon="8.214543">
        <ele>940.938697</ele>
        <time>2025-10-21T16:55:35.000Z</time>
      </trkpt>
      <trkpt lat="47.942560" lon="8.214534">
        <ele>941.160682</ele>
        <time>2025-10-21T16:55:36.000Z</time>
      </trkpt>
      <trkpt lat="47.942543" lon="8.214530">
        <ele>941.372484</ele>
        <time>2025-10-21T16:55:37.000Z</time>
      </trkpt>
      <trkpt lat="47.942524" lon="8.214528">
        <ele>941.606897</ele>
        <time>2025-10-21T16:55:38.000Z</time>
      </trkpt>
      <trkpt lat="47.942503" lon="8.214514">
        <ele>941.889945</ele>
        <time>2025-10-21T16:55:39.000Z</time>
      </trkpt>
      <trkpt lat="47.942492" lon="8.214507">
        <ele>942.037109</ele>
        <time>2025-10-21T16:55:40.000Z</time>
      </trkpt>
      <trkpt lat="47.942479" lon="8.214506">
        <ele>942.197312</ele>
        <time>2025-10-21T16:55:41.000Z</time>
      </trkpt>
      <trkpt lat="47.942460" lon="8.214492">
        <ele>942.458078</ele>
        <time>2025-10-21T16:55:42.000Z</time>
      </trkpt>
      <trkpt lat="47.942446" lon="8.214483">
        <ele>942.645673</ele>
        <time>2025-10-21T16:55:43.000Z</time>
      </trkpt>
      <trkpt lat="47.942431" lon="8.214479">
        <ele>942.833200</ele>
        <time>2025-10-21T16:55:44.000Z</time>
      </trkpt>
      <trkpt lat="47.942411" lon="8.214474">
        <ele>943.082767</ele>
        <time>2025-10-21T16:55:45.000Z</time>
      </trkpt>
      <trkpt lat="47.942395" lon="8.214468">
        <ele>943.285796</ele>
        <time>2025-10-21T16:55:46.000Z</time>
      </trkpt>
      <trkpt lat="47.942389" lon="8.214468">
        <ele>943.359638</ele>
        <time>2025-10-21T16:55:47.000Z</time>
      </trkpt>
      <trkpt lat="47.942374" lon="8.214464">
        <ele>943.547165</ele>
        <time>2025-10-21T16:55:48.000Z</time>
      </trkpt>
      <trkpt lat="47.942354" lon="8.214449">
        <ele>943.822623</ele>
        <time>2025-10-21T16:55:49.000Z</time>
      </trkpt>
      <trkpt lat="47.942339" lon="8.214440">
        <ele>944.021581</ele>
        <time>2025-10-21T16:55:50.000Z</time>
      </trkpt>
      <trkpt lat="47.942323" lon="8.214436">
        <ele>944.221235</ele>
        <time>2025-10-21T16:55:51.000Z</time>
      </trkpt>
      <trkpt lat="47.942301" lon="8.214424">
        <ele>944.509496</ele>
        <time>2025-10-21T16:55:52.000Z</time>
      </trkpt>
      <trkpt lat="47.942286" lon="8.214415">
        <ele>944.708454</ele>
        <time>2025-10-21T16:55:53.000Z</time>
      </trkpt>
      <trkpt lat="47.942273" lon="8.214412">
        <ele>944.870345</ele>
        <time>2025-10-21T16:55:54.000Z</time>
      </trkpt>
      <trkpt lat="47.942256" lon="8.214402">
        <ele>945.095221</ele>
        <time>2025-10-21T16:55:55.000Z</time>
      </trkpt>
      <trkpt lat="47.942239" lon="8.214386">
        <ele>945.342550</ele>
        <time>2025-10-21T16:55:56.000Z</time>
      </trkpt>
      <trkpt lat="47.942230" lon="8.214383">
        <ele>945.456041</ele>
        <time>2025-10-21T16:55:57.000Z</time>
      </trkpt>
      <trkpt lat="47.942210" lon="8.214372">
        <ele>945.718355</ele>
        <time>2025-10-21T16:55:58.000Z</time>
      </trkpt>
      <trkpt lat="47.942192" lon="8.214351">
        <ele>945.999508</ele>
        <time>2025-10-21T16:55:59.000Z</time>
      </trkpt>
      <trkpt lat="47.942180" lon="8.214343">
        <ele>946.161250</ele>
        <time>2025-10-21T16:56:00.000Z</time>
      </trkpt>
      <trkpt lat="47.942165" lon="8.214329">
        <ele>946.378966</ele>
        <time>2025-10-21T16:56:01.000Z</time>
      </trkpt>
      <trkpt lat="47.942144" lon="8.214317">
        <ele>946.655700</ele>
        <time>2025-10-21T16:56:02.000Z</time>
      </trkpt>
      <trkpt lat="47.942135" lon="8.214310">
        <ele>946.780595</ele>
        <time>2025-10-21T16:56:03.000Z</time>
      </trkpt>
      <trkpt lat="47.942116" lon="8.214301">
        <ele>947.025918</ele>
        <time>2025-10-21T16:56:04.000Z</time>
      </trkpt>
      <trkpt lat="47.942091" lon="8.214296">
        <ele>947.336341</ele>
        <time>2025-10-21T16:56:05.000Z</time>
      </trkpt>
      <trkpt lat="47.942080" lon="8.214298">
        <ele>947.472718</ele>
        <time>2025-10-21T16:56:06.000Z</time>
      </trkpt>
      <trkpt lat="47.942059" lon="8.214302">
        <ele>947.733260</ele>
        <time>2025-10-21T16:56:07.000Z</time>
      </trkpt>
      <trkpt lat="47.942032" lon="8.214290">
        <ele>948.079963</ele>
        <time>2025-10-21T16:56:08.000Z</time>
      </trkpt>
      <trkpt lat="47.942020" lon="8.214282">
        <ele>948.241705</ele>
        <time>2025-10-21T16:56:09.000Z</time>
      </trkpt>
      <trkpt lat="47.942004" lon="8.214275">
        <ele>948.446899</ele>
        <time>2025-10-21T16:56:10.000Z</time>
      </trkpt>
      <trkpt lat="47.941981" lon="8.214262">
        <ele>948.749570</ele>
        <time>2025-10-21T16:56:11.000Z</time>
      </trkpt>
      <trkpt lat="47.941971" lon="8.214254">
        <ele>948.889198</ele>
        <time>2025-10-21T16:56:12.000Z</time>
      </trkpt>
      <trkpt lat="47.941956" lon="8.214248">
        <ele>949.080315</ele>
        <time>2025-10-21T16:56:13.000Z</time>
      </trkpt>
      <trkpt lat="47.941931" lon="8.214240">
        <ele>949.394980</ele>
        <time>2025-10-21T16:56:14.000Z</time>
      </trkpt>
      <trkpt lat="47.941915" lon="8.214235">
        <ele>949.596160</ele>
        <time>2025-10-21T16:56:15.000Z</time>
      </trkpt>
      <trkpt lat="47.941897" lon="8.214235">
        <ele>949.817685</ele>
        <time>2025-10-21T16:56:16.000Z</time>
      </trkpt>
      <trkpt lat="47.941885" lon="8.214227">
        <ele>949.979427</ele>
        <time>2025-10-21T16:56:17.000Z</time>
      </trkpt>
      <trkpt lat="47.941868" lon="8.214221">
        <ele>950.194414</ele>
        <time>2025-10-21T16:56:18.000Z</time>
      </trkpt>
      <trkpt lat="47.941859" lon="8.214221">
        <ele>950.305177</ele>
        <time>2025-10-21T16:56:19.000Z</time>
      </trkpt>
      <trkpt lat="47.941841" lon="8.214222">
        <ele>950.526856</ele>
        <time>2025-10-21T16:56:20.000Z</time>
      </trkpt>
      <trkpt lat="47.941818" lon="8.214212">
        <ele>950.821678</ele>
        <time>2025-10-21T16:56:21.000Z</time>
      </trkpt>
      <trkpt lat="47.941802" lon="8.214204">
        <ele>951.029341</ele>
        <time>2025-10-21T16:56:22.000Z</time>
      </trkpt>
      <trkpt lat="47.941790" lon="8.214205">
        <ele>951.177255</ele>
        <time>2025-10-21T16:56:23.000Z</time>
      </trkpt>
      <trkpt lat="47.941770" lon="8.214195">
        <ele>951.436834</ele>
        <time>2025-10-21T16:56:24.000Z</time>
      </trkpt>
      <trkpt lat="47.941758" lon="8.214186">
        <ele>951.602110</ele>
        <time>2025-10-21T16:56:25.000Z</time>
      </trkpt>
      <trkpt lat="47.941747" lon="8.214188">
        <ele>951.738487</ele>
        <time>2025-10-21T16:56:26.000Z</time>
      </trkpt>
      <trkpt lat="47.941724" lon="8.214181">
        <ele>952.027370</ele>
        <time>2025-10-21T16:56:27.000Z</time>
      </trkpt>
      <trkpt lat="47.941705" lon="8.214177">
        <ele>952.263517</ele>
        <time>2025-10-21T16:56:28.000Z</time>
      </trkpt>
      <trkpt lat="47.941692" lon="8.214174">
        <ele>952.425408</ele>
        <time>2025-10-21T16:56:29.000Z</time>
      </trkpt>
      <trkpt lat="47.941669" lon="8.214167">
        <ele>952.714291</ele>
        <time>2025-10-21T16:56:30.000Z</time>
      </trkpt>
      <trkpt lat="47.941653" lon="8.214157">
        <ele>952.927765</ele>
        <time>2025-10-21T16:56:31.000Z</time>
      </trkpt>
      <trkpt lat="47.941645" lon="8.214156">
        <ele>953.026566</ele>
        <time>2025-10-21T16:56:32.000Z</time>
      </trkpt>
      <trkpt lat="47.941620" lon="8.214154">
        <ele>953.334682</ele>
        <time>2025-10-21T16:56:33.000Z</time>
      </trkpt>
      <trkpt lat="47.941602" lon="8.214146">
        <ele>953.565817</ele>
        <time>2025-10-21T16:56:34.000Z</time>
      </trkpt>
      <trkpt lat="47.941591" lon="8.214138">
        <ele>953.716405</ele>
        <time>2025-10-21T16:56:35.000Z</time>
      </trkpt>
      <trkpt lat="47.941570" lon="8.214137">
        <ele>953.974983</ele>
        <time>2025-10-21T16:56:36.000Z</time>
      </trkpt>
      <trkpt lat="47.941546" lon="8.214128">
        <ele>954.279528</ele>
        <time>2025-10-21T16:56:37.000Z</time>
      </trkpt>
      <trkpt lat="47.941532" lon="8.214118">
        <ele>954.470534</ele>
        <time>2025-10-21T16:56:38.000Z</time>
      </trkpt>
      <trkpt lat="47.941515" lon="8.214120">
        <ele>954.680402</ele>
        <time>2025-10-21T16:56:39.000Z</time>
      </trkpt>
      <trkpt lat="47.941498" lon="8.214113">
        <ele>954.897434</ele>
        <time>2025-10-21T16:56:40.000Z</time>
      </trkpt>
      <trkpt lat="47.941486" lon="8.214112">
        <ele>955.045347</ele>
        <time>2025-10-21T16:56:41.000Z</time>
      </trkpt>
      <trkpt lat="47.941472" lon="8.214115">
        <ele>955.219411</ele>
        <time>2025-10-21T16:56:42.000Z</time>
      </trkpt>
      <trkpt lat="47.941448" lon="8.214103">
        <ele>955.530907</ele>
        <time>2025-10-21T16:56:43.000Z</time>
      </trkpt>
      <trkpt lat="47.941432" lon="8.214097">
        <ele>955.733936</ele>
        <time>2025-10-21T16:56:44.000Z</time>
      </trkpt>
      <trkpt lat="47.941420" lon="8.214093">
        <ele>955.885257</ele>
        <time>2025-10-21T16:56:45.000Z</time>
      </trkpt>
      <trkpt lat="47.941399" lon="8.214084">
        <ele>956.154144</ele>
        <time>2025-10-21T16:56:46.000Z</time>
      </trkpt>
      <trkpt lat="47.941378" lon="8.214075">
        <ele>956.423031</ele>
        <time>2025-10-21T16:56:47.000Z</time>
      </trkpt>
      <trkpt lat="47.941363" lon="8.214064">
        <ele>956.628708</ele>
        <time>2025-10-21T16:56:48.000Z</time>
      </trkpt>
      <trkpt lat="47.941343" lon="8.214048">
        <ele>956.907966</ele>
        <time>2025-10-21T16:56:49.000Z</time>
      </trkpt>
      <trkpt lat="47.941316" lon="8.214030">
        <ele>957.182164</ele>
        <time>2025-10-21T16:56:50.000Z</time>
      </trkpt>
      <trkpt lat="47.941293" lon="8.214014">
        <ele>957.102870</ele>
        <time>2025-10-21T16:56:51.000Z</time>
      </trkpt>
      <trkpt lat="47.941273" lon="8.214004">
        <ele>957.036959</ele>
        <time>2025-10-21T16:56:52.000Z</time>
      </trkpt>
      <trkpt lat="47.941256" lon="8.213992">
        <ele>956.978196</ele>
        <time>2025-10-21T16:56:53.000Z</time>
      </trkpt>
      <trkpt lat="47.941230" lon="8.213975">
        <ele>956.889496</ele>
        <time>2025-10-21T16:56:54.000Z</time>
      </trkpt>
      <trkpt lat="47.941209" lon="8.213958">
        <ele>956.814845</ele>
        <time>2025-10-21T16:56:55.000Z</time>
      </trkpt>
      <trkpt lat="47.941192" lon="8.213952">
        <ele>956.760256</ele>
        <time>2025-10-21T16:56:56.000Z</time>
      </trkpt>
      <trkpt lat="47.941172" lon="8.213943">
        <ele>956.694980</ele>
        <time>2025-10-21T16:56:57.000Z</time>
      </trkpt>
      <trkpt lat="47.941147" lon="8.213930">
        <ele>956.612253</ele>
        <time>2025-10-21T16:56:58.000Z</time>
      </trkpt>
      <trkpt lat="47.941127" lon="8.213924">
        <ele>956.548506</ele>
        <time>2025-10-21T16:56:59.000Z</time>
      </trkpt>
      <trkpt lat="47.941109" lon="8.213915">
        <ele>956.489186</ele>
        <time>2025-10-21T16:57:00.000Z</time>
      </trkpt>
      <trkpt lat="47.941093" lon="8.213906">
        <ele>956.435755</ele>
        <time>2025-10-21T16:57:01.000Z</time>
      </trkpt>
      <trkpt lat="47.941068" lon="8.213895">
        <ele>956.354310</ele>
        <time>2025-10-21T16:57:02.000Z</time>
      </trkpt>
      <trkpt lat="47.941045" lon="8.213891">
        <ele>956.281950</ele>
        <time>2025-10-21T16:57:03.000Z</time>
      </trkpt>
      <trkpt lat="47.941026" lon="8.213882">
        <ele>956.219660</ele>
        <time>2025-10-21T16:57:04.000Z</time>
      </trkpt>
      <trkpt lat="47.941011" lon="8.213880">
        <ele>956.172599</ele>
        <time>2025-10-21T16:57:05.000Z</time>
      </trkpt>
      <trkpt lat="47.940993" lon="8.213869">
        <ele>956.111820</ele>
        <time>2025-10-21T16:57:06.000Z</time>
      </trkpt>
      <trkpt lat="47.940972" lon="8.213848">
        <ele>956.032833</ele>
        <time>2025-10-21T16:57:07.000Z</time>
      </trkpt>
      <trkpt lat="47.940953" lon="8.213827">
        <ele>955.958957</ele>
        <time>2025-10-21T16:57:08.000Z</time>
      </trkpt>
      <trkpt lat="47.940938" lon="8.213815">
        <ele>955.905776</ele>
        <time>2025-10-21T16:57:09.000Z</time>
      </trkpt>
      <trkpt lat="47.940927" lon="8.213803">
        <ele>955.863201</ele>
        <time>2025-10-21T16:57:10.000Z</time>
      </trkpt>
      <trkpt lat="47.940913" lon="8.213778">
        <ele>955.794990</ele>
        <time>2025-10-21T16:57:11.000Z</time>
      </trkpt>
      <trkpt lat="47.940892" lon="8.213756">
        <ele>955.714819</ele>
        <time>2025-10-21T16:57:12.000Z</time>
      </trkpt>
      <trkpt lat="47.940876" lon="8.213738">
        <ele>955.652211</ele>
        <time>2025-10-21T16:57:13.000Z</time>
      </trkpt>
      <trkpt lat="47.940857" lon="8.213724">
        <ele>955.585999</ele>
        <time>2025-10-21T16:57:14.000Z</time>
      </trkpt>
      <trkpt lat="47.940841" lon="8.213708">
        <ele>955.525818</ele>
        <time>2025-10-21T16:57:15.000Z</time>
      </trkpt>
      <trkpt lat="47.940821" lon="8.213678">
        <ele>955.437218</ele>
        <time>2025-10-21T16:57:16.000Z</time>
      </trkpt>
      <trkpt lat="47.940805" lon="8.213655">
        <ele>955.367806</ele>
        <time>2025-10-21T16:57:17.000Z</time>
      </trkpt>
      <trkpt lat="47.940791" lon="8.213638">
        <ele>955.311411</ele>
        <time>2025-10-21T16:57:18.000Z</time>
      </trkpt>
      <trkpt lat="47.940771" lon="8.213619">
        <ele>955.237330</ele>
        <time>2025-10-21T16:57:19.000Z</time>
      </trkpt>
      <trkpt lat="47.940754" lon="8.213595">
        <ele>955.164212</ele>
        <time>2025-10-21T16:57:20.000Z</time>
      </trkpt>
      <trkpt lat="47.940738" lon="8.213573">
        <ele>955.096235</ele>
        <time>2025-10-21T16:57:21.000Z</time>
      </trkpt>
      <trkpt lat="47.940720" lon="8.213557">
        <ele>955.030769</ele>
        <time>2025-10-21T16:57:22.000Z</time>
      </trkpt>
      <trkpt lat="47.940699" lon="8.213540">
        <ele>954.956118</ele>
        <time>2025-10-21T16:57:23.000Z</time>
      </trkpt>
      <trkpt lat="47.940678" lon="8.213514">
        <ele>954.870861</ele>
        <time>2025-10-21T16:57:24.000Z</time>
      </trkpt>
      <trkpt lat="47.940662" lon="8.213491">
        <ele>954.801448</ele>
        <time>2025-10-21T16:57:25.000Z</time>
      </trkpt>
      <trkpt lat="47.940642" lon="8.213479">
        <ele>954.734091</ele>
        <time>2025-10-21T16:57:26.000Z</time>
      </trkpt>
      <trkpt lat="47.940622" lon="8.213459">
        <ele>954.658865</ele>
        <time>2025-10-21T16:57:27.000Z</time>
      </trkpt>
      <trkpt lat="47.940602" lon="8.213433">
        <ele>954.575989</ele>
        <time>2025-10-21T16:57:28.000Z</time>
      </trkpt>
      <trkpt lat="47.940581" lon="8.213415">
        <ele>954.500317</ele>
        <time>2025-10-21T16:57:29.000Z</time>
      </trkpt>
      <trkpt lat="47.940561" lon="8.213400">
        <ele>954.430374</ele>
        <time>2025-10-21T16:57:30.000Z</time>
      </trkpt>
      <trkpt lat="47.940542" lon="8.213381">
        <ele>954.358909</ele>
        <time>2025-10-21T16:57:31.000Z</time>
      </trkpt>
      <trkpt lat="47.940521" lon="8.213354">
        <ele>954.272301</ele>
        <time>2025-10-21T16:57:32.000Z</time>
      </trkpt>
      <trkpt lat="47.940506" lon="8.213336">
        <ele>954.212159</ele>
        <time>2025-10-21T16:57:33.000Z</time>
      </trkpt>
      <trkpt lat="47.940489" lon="8.213324">
        <ele>954.153396</ele>
        <time>2025-10-21T16:57:34.000Z</time>
      </trkpt>
      <trkpt lat="47.940471" lon="8.213307">
        <ele>954.086835</ele>
        <time>2025-10-21T16:57:35.000Z</time>
      </trkpt>
      <trkpt lat="47.940449" lon="8.213287">
        <ele>954.006341</ele>
        <time>2025-10-21T16:57:36.000Z</time>
      </trkpt>
      <trkpt lat="47.940432" lon="8.213265">
        <ele>953.936034</ele>
        <time>2025-10-21T16:57:37.000Z</time>
      </trkpt>
      <trkpt lat="47.940418" lon="8.213249">
        <ele>953.880936</ele>
        <time>2025-10-21T16:57:38.000Z</time>
      </trkpt>
      <trkpt lat="47.940399" lon="8.213223">
        <ele>953.800390</ele>
        <time>2025-10-21T16:57:39.000Z</time>
      </trkpt>
      <trkpt lat="47.940381" lon="8.213193">
        <ele>953.716082</ele>
        <time>2025-10-21T16:57:40.000Z</time>
      </trkpt>
      <trkpt lat="47.940358" lon="8.213172">
        <ele>953.631830</ele>
        <time>2025-10-21T16:57:41.000Z</time>
      </trkpt>
      <trkpt lat="47.940339" lon="8.213158">
        <ele>953.565617</ele>
        <time>2025-10-21T16:57:42.000Z</time>
      </trkpt>
      <trkpt lat="47.940321" lon="8.213135">
        <ele>953.491576</ele>
        <time>2025-10-21T16:57:43.000Z</time>
      </trkpt>
      <trkpt lat="47.940305" lon="8.213104">
        <ele>953.409654</ele>
        <time>2025-10-21T16:57:44.000Z</time>
      </trkpt>
      <trkpt lat="47.940285" lon="8.213086">
        <ele>953.336675</ele>
        <time>2025-10-21T16:57:45.000Z</time>
      </trkpt>
      <trkpt lat="47.940266" lon="8.213075">
        <ele>953.272993</ele>
        <time>2025-10-21T16:57:46.000Z</time>
      </trkpt>
      <trkpt lat="47.940251" lon="8.213055">
        <ele>953.210143</ele>
        <time>2025-10-21T16:57:47.000Z</time>
      </trkpt>
      <trkpt lat="47.940229" lon="8.213033">
        <ele>953.127395</ele>
        <time>2025-10-21T16:57:48.000Z</time>
      </trkpt>
      <trkpt lat="47.940213" lon="8.213017">
        <ele>953.067214</ele>
        <time>2025-10-21T16:57:49.000Z</time>
      </trkpt>
      <trkpt lat="47.940197" lon="8.213007">
        <ele>953.013010</ele>
        <time>2025-10-21T16:57:50.000Z</time>
      </trkpt>
      <trkpt lat="47.940174" lon="8.212989">
        <ele>952.931858</ele>
        <time>2025-10-21T16:57:51.000Z</time>
      </trkpt>
      <trkpt lat="47.940152" lon="8.212968">
        <ele>952.850256</ele>
        <time>2025-10-21T16:57:52.000Z</time>
      </trkpt>
      <trkpt lat="47.940129" lon="8.212966">
        <ele>952.778261</ele>
        <time>2025-10-21T16:57:53.000Z</time>
      </trkpt>
      <trkpt lat="47.940109" lon="8.212954">
        <ele>952.710904</ele>
        <time>2025-10-21T16:57:54.000Z</time>
      </trkpt>
      <trkpt lat="47.940088" lon="8.212932">
        <ele>952.630732</ele>
        <time>2025-10-21T16:57:55.000Z</time>
      </trkpt>
      <trkpt lat="47.940069" lon="8.212913">
        <ele>952.559267</ele>
        <time>2025-10-21T16:57:56.000Z</time>
      </trkpt>
      <trkpt lat="47.940053" lon="8.212905">
        <ele>952.506539</ele>
        <time>2025-10-21T16:57:57.000Z</time>
      </trkpt>
      <trkpt lat="47.940031" lon="8.212887">
        <ele>952.428141</ele>
        <time>2025-10-21T16:57:58.000Z</time>
      </trkpt>
      <trkpt lat="47.940009" lon="8.212860">
        <ele>952.339141</ele>
        <time>2025-10-21T16:57:59.000Z</time>
      </trkpt>
      <trkpt lat="47.939988" lon="8.212843">
        <ele>952.264489</ele>
        <time>2025-10-21T16:58:00.000Z</time>
      </trkpt>
      <trkpt lat="47.939969" lon="8.212826">
        <ele>952.195267</ele>
        <time>2025-10-21T16:58:01.000Z</time>
      </trkpt>
      <trkpt lat="47.939944" lon="8.212803">
        <ele>952.103499</ele>
        <time>2025-10-21T16:58:02.000Z</time>
      </trkpt>
      <trkpt lat="47.939925" lon="8.212784">
        <ele>952.032034</ele>
        <time>2025-10-21T16:58:03.000Z</time>
      </trkpt>
      <trkpt lat="47.939909" lon="8.212779">
        <ele>951.980952</ele>
        <time>2025-10-21T16:58:04.000Z</time>
      </trkpt>
      <trkpt lat="47.939886" lon="8.212766">
        <ele>951.904099</ele>
        <time>2025-10-21T16:58:05.000Z</time>
      </trkpt>
      <trkpt lat="47.939860" lon="8.212749">
        <ele>951.815399</ele>
        <time>2025-10-21T16:58:06.000Z</time>
      </trkpt>
      <trkpt lat="47.939835" lon="8.212736">
        <ele>951.732672</ele>
        <time>2025-10-21T16:58:07.000Z</time>
      </trkpt>
      <trkpt lat="47.939821" lon="8.212728">
        <ele>951.685827</ele>
        <time>2025-10-21T16:58:08.000Z</time>
      </trkpt>
      <trkpt lat="47.939796" lon="8.212711">
        <ele>951.599980</ele>
        <time>2025-10-21T16:58:09.000Z</time>
      </trkpt>
      <trkpt lat="47.939778" lon="8.212687">
        <ele>951.552381</ele>
        <time>2025-10-21T16:58:10.000Z</time>
      </trkpt>
      <trkpt lat="47.939763" lon="8.212677">
        <ele>951.526932</ele>
        <time>2025-10-21T16:58:11.000Z</time>
      </trkpt>
      <trkpt lat="47.939744" lon="8.212663">
        <ele>951.494107</ele>
        <time>2025-10-21T16:58:12.000Z</time>
      </trkpt>
      <trkpt lat="47.939725" lon="8.212635">
        <ele>951.452746</ele>
        <time>2025-10-21T16:58:13.000Z</time>
      </trkpt>
      <trkpt lat="47.939706" lon="8.212617">
        <ele>951.417884</ele>
        <time>2025-10-21T16:58:14.000Z</time>
      </trkpt>
      <trkpt lat="47.939690" lon="8.212609">
        <ele>951.391744</ele>
        <time>2025-10-21T16:58:15.000Z</time>
      </trkpt>
      <trkpt lat="47.939675" lon="8.212591">
        <ele>951.361929</ele>
        <time>2025-10-21T16:58:16.000Z</time>
      </trkpt>
      <trkpt lat="47.939655" lon="8.212562">
        <ele>951.318735</ele>
        <time>2025-10-21T16:58:17.000Z</time>
      </trkpt>
      <trkpt lat="47.939639" lon="8.212543">
        <ele>951.287062</ele>
        <time>2025-10-21T16:58:18.000Z</time>
      </trkpt>
      <trkpt lat="47.939623" lon="8.212526">
        <ele>951.256638</ele>
        <time>2025-10-21T16:58:19.000Z</time>
      </trkpt>
      <trkpt lat="47.939603" lon="8.212505">
        <ele>951.218757</ele>
        <time>2025-10-21T16:58:20.000Z</time>
      </trkpt>
      <trkpt lat="47.939585" lon="8.212479">
        <ele>951.179954</ele>
        <time>2025-10-21T16:58:21.000Z</time>
      </trkpt>
      <trkpt lat="47.939566" lon="8.212459">
        <ele>951.143938</ele>
        <time>2025-10-21T16:58:22.000Z</time>
      </trkpt>
      <trkpt lat="47.939543" lon="8.212423">
        <ele>951.092311</ele>
        <time>2025-10-21T16:58:23.000Z</time>
      </trkpt>
      <trkpt lat="47.939522" lon="8.212388">
        <ele>951.043549</ele>
        <time>2025-10-21T16:58:24.000Z</time>
      </trkpt>
      <trkpt lat="47.939500" lon="8.212368">
        <ele>951.003644</ele>
        <time>2025-10-21T16:58:25.000Z</time>
      </trkpt>
      <trkpt lat="47.939467" lon="8.212330">
        <ele>950.939079</ele>
        <time>2025-10-21T16:58:26.000Z</time>
      </trkpt>
      <trkpt lat="47.939443" lon="8.212301">
        <ele>950.891244</ele>
        <time>2025-10-21T16:58:27.000Z</time>
      </trkpt>
      <trkpt lat="47.939417" lon="8.212281">
        <ele>950.845933</ele>
        <time>2025-10-21T16:58:28.000Z</time>
      </trkpt>
      <trkpt lat="47.939388" lon="8.212253">
        <ele>950.792428</ele>
        <time>2025-10-21T16:58:29.000Z</time>
      </trkpt>
      <trkpt lat="47.939362" lon="8.212224">
        <ele>950.742148</ele>
        <time>2025-10-21T16:58:30.000Z</time>
      </trkpt>
      <trkpt lat="47.939341" lon="8.212202">
        <ele>950.702403</ele>
        <time>2025-10-21T16:58:31.000Z</time>
      </trkpt>
      <trkpt lat="47.939310" lon="8.212170">
        <ele>950.644015</ele>
        <time>2025-10-21T16:58:32.000Z</time>
      </trkpt>
      <trkpt lat="47.939291" lon="8.212139">
        <ele>950.600410</ele>
        <time>2025-10-21T16:58:33.000Z</time>
      </trkpt>
      <trkpt lat="47.939262" lon="8.212125">
        <ele>950.553193</ele>
        <time>2025-10-21T16:58:34.000Z</time>
      </trkpt>
      <trkpt lat="47.939234" lon="8.212099">
        <ele>950.502109</ele>
        <time>2025-10-21T16:58:35.000Z</time>
      </trkpt>
      <trkpt lat="47.939218" lon="8.212056">
        <ele>950.451061</ele>
        <time>2025-10-21T16:58:36.000Z</time>
      </trkpt>
      <trkpt lat="47.939197" lon="8.212037">
        <ele>950.413020</ele>
        <time>2025-10-21T16:58:37.000Z</time>
      </trkpt>
      <trkpt lat="47.939174" lon="8.211998">
        <ele>950.359096</ele>
        <time>2025-10-21T16:58:38.000Z</time>
      </trkpt>
      <trkpt lat="47.939153" lon="8.211966">
        <ele>950.312607</ele>
        <time>2025-10-21T16:58:39.000Z</time>
      </trkpt>
      <trkpt lat="47.939134" lon="8.211949">
        <ele>950.278290</ele>
        <time>2025-10-21T16:58:40.000Z</time>
      </trkpt>
      <trkpt lat="47.939109" lon="8.211925">
        <ele>950.232244</ele>
        <time>2025-10-21T16:58:41.000Z</time>
      </trkpt>
      <trkpt lat="47.939092" lon="8.211885">
        <ele>950.183082</ele>
        <time>2025-10-21T16:58:42.000Z</time>
      </trkpt>
      <trkpt lat="47.939070" lon="8.211867">
        <ele>950.144217</ele>
        <time>2025-10-21T16:58:43.000Z</time>
      </trkpt>
      <trkpt lat="47.939050" lon="8.211830">
        <ele>950.094876</ele>
        <time>2025-10-21T16:58:44.000Z</time>
      </trkpt>
      <trkpt lat="47.939038" lon="8.211804">
        <ele>950.062109</ele>
        <time>2025-10-21T16:58:45.000Z</time>
      </trkpt>
      <trkpt lat="47.939027" lon="8.211732">
        <ele>949.985468</ele>
        <time>2025-10-21T16:59:35.000Z</time>
      </trkpt>
      <trkpt lat="47.939015" lon="8.211706">
        <ele>949.952701</ele>
        <time>2025-10-21T16:59:36.000Z</time>
      </trkpt>
      <trkpt lat="47.938997" lon="8.211670">
        <ele>949.906081</ele>
        <time>2025-10-21T16:59:37.000Z</time>
      </trkpt>
      <trkpt lat="47.938982" lon="8.211641">
        <ele>949.868058</ele>
        <time>2025-10-21T16:59:38.000Z</time>
      </trkpt>
      <trkpt lat="47.938959" lon="8.211607">
        <ele>949.817912</ele>
        <time>2025-10-21T16:59:39.000Z</time>
      </trkpt>
      <trkpt lat="47.938941" lon="8.211574">
        <ele>949.773747</ele>
        <time>2025-10-21T16:59:40.000Z</time>
      </trkpt>
      <trkpt lat="47.938921" lon="8.211546">
        <ele>949.731270</ele>
        <time>2025-10-21T16:59:41.000Z</time>
      </trkpt>
      <trkpt lat="47.938902" lon="8.211513">
        <ele>949.686111</ele>
        <time>2025-10-21T16:59:42.000Z</time>
      </trkpt>
      <trkpt lat="47.938889" lon="8.211482">
        <ele>949.648155</ele>
        <time>2025-10-21T16:59:43.000Z</time>
      </trkpt>
      <trkpt lat="47.938870" lon="8.211447">
        <ele>949.601403</ele>
        <time>2025-10-21T16:59:44.000Z</time>
      </trkpt>
      <trkpt lat="47.938853" lon="8.211410">
        <ele>949.554841</ele>
        <time>2025-10-21T16:59:45.000Z</time>
      </trkpt>
      <trkpt lat="47.938831" lon="8.211384">
        <ele>949.511371</ele>
        <time>2025-10-21T16:59:46.000Z</time>
      </trkpt>
      <trkpt lat="47.938797" lon="8.211351">
        <ele>949.448544</ele>
        <time>2025-10-21T16:59:47.000Z</time>
      </trkpt>
      <trkpt lat="47.938775" lon="8.211324">
        <ele>949.404422</ele>
        <time>2025-10-21T16:59:48.000Z</time>
      </trkpt>
      <trkpt lat="47.938751" lon="8.211300">
        <ele>949.359670</ele>
        <time>2025-10-21T16:59:49.000Z</time>
      </trkpt>
      <trkpt lat="47.938720" lon="8.211262">
        <ele>949.297528</ele>
        <time>2025-10-21T16:59:50.000Z</time>
      </trkpt>
      <trkpt lat="47.938707" lon="8.211237">
        <ele>949.264684</ele>
        <time>2025-10-21T16:59:51.000Z</time>
      </trkpt>
      <trkpt lat="47.938685" lon="8.211203">
        <ele>949.215626</ele>
        <time>2025-10-21T16:59:52.000Z</time>
      </trkpt>
      <trkpt lat="47.938660" lon="8.211155">
        <ele>949.152527</ele>
        <time>2025-10-21T16:59:53.000Z</time>
      </trkpt>
      <trkpt lat="47.938644" lon="8.211132">
        <ele>949.118116</ele>
        <time>2025-10-21T16:59:54.000Z</time>
      </trkpt>
      <trkpt lat="47.938620" lon="8.211095">
        <ele>949.064666</ele>
        <time>2025-10-21T16:59:55.000Z</time>
      </trkpt>
      <trkpt lat="47.938600" lon="8.211054">
        <ele>949.012031</ele>
        <time>2025-10-21T16:59:56.000Z</time>
      </trkpt>
      <trkpt lat="47.938582" lon="8.211034">
        <ele>948.977269</ele>
        <time>2025-10-21T16:59:57.000Z</time>
      </trkpt>
      <trkpt lat="47.938553" lon="8.210999">
        <ele>948.919495</ele>
        <time>2025-10-21T16:59:58.000Z</time>
      </trkpt>
      <trkpt lat="47.938536" lon="8.210971">
        <ele>948.880278</ele>
        <time>2025-10-21T16:59:59.000Z</time>
      </trkpt>
      <trkpt lat="47.938519" lon="8.210949">
        <ele>948.845423</ele>
        <time>2025-10-21T17:00:00.000Z</time>
      </trkpt>
      <trkpt lat="47.938497" lon="8.210908">
        <ele>948.779166</ele>
        <time>2025-10-21T17:00:01.000Z</time>
      </trkpt>
      <trkpt lat="47.938482" lon="8.210881">
        <ele>948.567726</ele>
        <time>2025-10-21T17:00:02.000Z</time>
      </trkpt>
      <trkpt lat="47.938468" lon="8.210853">
        <ele>948.357114</ele>
        <time>2025-10-21T17:00:03.000Z</time>
      </trkpt>
      <trkpt lat="47.938447" lon="8.210808">
        <ele>948.026526</ele>
        <time>2025-10-21T17:00:04.000Z</time>
      </trkpt>
      <trkpt lat="47.938433" lon="8.210776">
        <ele>947.796138</ele>
        <time>2025-10-21T17:00:05.000Z</time>
      </trkpt>
      <trkpt lat="47.938418" lon="8.210737">
        <ele>947.525055</ele>
        <time>2025-10-21T17:00:06.000Z</time>
      </trkpt>
      <trkpt lat="47.938407" lon="8.210696">
        <ele>947.258823</ele>
        <time>2025-10-21T17:00:07.000Z</time>
      </trkpt>
      <trkpt lat="47.938394" lon="8.210667">
        <ele>947.048483</ele>
        <time>2025-10-21T17:00:08.000Z</time>
      </trkpt>
      <trkpt lat="47.938377" lon="8.210621">
        <ele>946.731799</ele>
        <time>2025-10-21T17:00:09.000Z</time>
      </trkpt>
      <trkpt lat="47.938365" lon="8.210589">
        <ele>946.510737</ele>
        <time>2025-10-21T17:00:10.000Z</time>
      </trkpt>
      <trkpt lat="47.938353" lon="8.210560">
        <ele>946.305266</ele>
        <time>2025-10-21T17:00:11.000Z</time>
      </trkpt>
      <trkpt lat="47.938344" lon="8.210517">
        <ele>946.033704</ele>
        <time>2025-10-21T17:00:12.000Z</time>
      </trkpt>
      <trkpt lat="47.938328" lon="8.210481">
        <ele>945.773280</ele>
        <time>2025-10-21T17:00:13.000Z</time>
      </trkpt>
      <trkpt lat="47.938316" lon="8.210451">
        <ele>945.562656</ele>
        <time>2025-10-21T17:00:14.000Z</time>
      </trkpt>
      <trkpt lat="47.938300" lon="8.210418">
        <ele>945.317099</ele>
        <time>2025-10-21T17:00:15.000Z</time>
      </trkpt>
      <trkpt lat="47.938289" lon="8.210381">
        <ele>945.073085</ele>
        <time>2025-10-21T17:00:16.000Z</time>
      </trkpt>
      <trkpt lat="47.938276" lon="8.210356">
        <ele>944.882313</ele>
        <time>2025-10-21T17:00:17.000Z</time>
      </trkpt>
      <trkpt lat="47.938255" lon="8.210321">
        <ele>944.599084</ele>
        <time>2025-10-21T17:00:18.000Z</time>
      </trkpt>
      <trkpt lat="47.938240" lon="8.210282">
        <ele>944.328000</ele>
        <time>2025-10-21T17:00:19.000Z</time>
      </trkpt>
      <trkpt lat="47.938227" lon="8.210254">
        <ele>944.122642</ele>
        <time>2025-10-21T17:00:20.000Z</time>
      </trkpt>
      <trkpt lat="47.938204" lon="8.210219">
        <ele>943.827102</ele>
        <time>2025-10-21T17:00:21.000Z</time>
      </trkpt>
      <trkpt lat="47.938188" lon="8.210178">
        <ele>943.541077</ele>
        <time>2025-10-21T17:00:22.000Z</time>
      </trkpt>
      <trkpt lat="47.938172" lon="8.210150">
        <ele>943.319231</ele>
        <time>2025-10-21T17:00:23.000Z</time>
      </trkpt>
      <trkpt lat="47.938148" lon="8.210120">
        <ele>943.037558</ele>
        <time>2025-10-21T17:00:24.000Z</time>
      </trkpt>
      <trkpt lat="47.938136" lon="8.210081">
        <ele>942.778853</ele>
        <time>2025-10-21T17:00:25.000Z</time>
      </trkpt>
      <trkpt lat="47.938125" lon="8.210051">
        <ele>942.572696</ele>
        <time>2025-10-21T17:00:26.000Z</time>
      </trkpt>
      <trkpt lat="47.938110" lon="8.210022">
        <ele>942.351841</ele>
        <time>2025-10-21T17:00:27.000Z</time>
      </trkpt>
      <trkpt lat="47.938090" lon="8.209977">
        <ele>942.026311</ele>
        <time>2025-10-21T17:00:28.000Z</time>
      </trkpt>
      <trkpt lat="47.938074" lon="8.209944">
        <ele>941.780753</ele>
        <time>2025-10-21T17:00:29.000Z</time>
      </trkpt>
      <trkpt lat="47.938059" lon="8.209920">
        <ele>941.582895</ele>
        <time>2025-10-21T17:00:30.000Z</time>
      </trkpt>
      <trkpt lat="47.938043" lon="8.209887">
        <ele>941.337337</ele>
        <time>2025-10-21T17:00:31.000Z</time>
      </trkpt>
      <trkpt lat="47.938029" lon="8.209848">
        <ele>941.070618</ele>
        <time>2025-10-21T17:00:32.000Z</time>
      </trkpt>
      <trkpt lat="47.938014" lon="8.209827">
        <ele>940.885572</ele>
        <time>2025-10-21T17:00:33.000Z</time>
      </trkpt>
      <trkpt lat="47.937997" lon="8.209803">
        <ele>940.675027</ele>
        <time>2025-10-21T17:00:34.000Z</time>
      </trkpt>
      <trkpt lat="47.937984" lon="8.209768">
        <ele>940.433786</ele>
        <time>2025-10-21T17:00:35.000Z</time>
      </trkpt>
      <trkpt lat="47.937970" lon="8.209736">
        <ele>940.203397</ele>
        <time>2025-10-21T17:00:36.000Z</time>
      </trkpt>
      <trkpt lat="47.937962" lon="8.209704">
        <ele>939.997505</ele>
        <time>2025-10-21T17:00:37.000Z</time>
      </trkpt>
      <trkpt lat="47.937946" lon="8.209665">
        <ele>939.721829</ele>
        <time>2025-10-21T17:00:38.000Z</time>
      </trkpt>
      <trkpt lat="47.937939" lon="8.209648">
        <ele>939.601542</ele>
        <time>2025-10-21T17:00:39.000Z</time>
      </trkpt>
      <trkpt lat="47.937923" lon="8.209615">
        <ele>939.355984</ele>
        <time>2025-10-21T17:00:40.000Z</time>
      </trkpt>
      <trkpt lat="47.937911" lon="8.209575">
        <ele>939.091787</ele>
        <time>2025-10-21T17:00:41.000Z</time>
      </trkpt>
      <trkpt lat="47.937897" lon="8.209550">
        <ele>938.895368</ele>
        <time>2025-10-21T17:00:42.000Z</time>
      </trkpt>
      <trkpt lat="47.937882" lon="8.209517">
        <ele>938.654975</ele>
        <time>2025-10-21T17:00:43.000Z</time>
      </trkpt>
      <trkpt lat="47.937880" lon="8.209471">
        <ele>938.377098</ele>
        <time>2025-10-21T17:00:44.000Z</time>
      </trkpt>
      <trkpt lat="47.937868" lon="8.209444">
        <ele>938.181780</ele>
        <time>2025-10-21T17:00:45.000Z</time>
      </trkpt>
      <trkpt lat="47.937854" lon="8.209417">
        <ele>937.975966</ele>
        <time>2025-10-21T17:00:46.000Z</time>
      </trkpt>
      <trkpt lat="47.937850" lon="8.209375">
        <ele>937.720239</ele>
        <time>2025-10-21T17:00:47.000Z</time>
      </trkpt>
      <trkpt lat="47.937842" lon="8.209340">
        <ele>937.497314</ele>
        <time>2025-10-21T17:00:48.000Z</time>
      </trkpt>
      <trkpt lat="47.937829" lon="8.209312">
        <ele>937.291955</ele>
        <time>2025-10-21T17:00:49.000Z</time>
      </trkpt>
      <trkpt lat="47.937816" lon="8.209273">
        <ele>937.029365</ele>
        <time>2025-10-21T17:00:50.000Z</time>
      </trkpt>
      <trkpt lat="47.937808" lon="8.209239">
        <ele>936.812136</ele>
        <time>2025-10-21T17:00:51.000Z</time>
      </trkpt>
      <trkpt lat="47.937800" lon="8.209213">
        <ele>936.639665</ele>
        <time>2025-10-21T17:00:52.000Z</time>
      </trkpt>
      <trkpt lat="47.937787" lon="8.209180">
        <ele>936.408894</ele>
        <time>2025-10-21T17:00:53.000Z</time>
      </trkpt>
      <trkpt lat="47.937776" lon="8.209139">
        <ele>936.142658</ele>
        <time>2025-10-21T17:00:54.000Z</time>
      </trkpt>
      <trkpt lat="47.937767" lon="8.209114">
        <ele>935.971575</ele>
        <time>2025-10-21T17:00:55.000Z</time>
      </trkpt>
      <trkpt lat="47.937756" lon="8.209085">
        <ele>935.770684</ele>
        <time>2025-10-21T17:00:56.000Z</time>
      </trkpt>
      <trkpt lat="47.937746" lon="8.209041">
        <ele>935.490600</ele>
        <time>2025-10-21T17:00:57.000Z</time>
      </trkpt>
      <trkpt lat="47.937736" lon="8.208999">
        <ele>935.221904</ele>
        <time>2025-10-21T17:00:58.000Z</time>
      </trkpt>
      <trkpt lat="47.937720" lon="8.208969">
        <ele>934.990752</ele>
        <time>2025-10-21T17:00:59.000Z</time>
      </trkpt>
      <trkpt lat="47.937712" lon="8.208932">
        <ele>934.756383</ele>
        <time>2025-10-21T17:01:00.000Z</time>
      </trkpt>
      <trkpt lat="47.937705" lon="8.208894">
        <ele>934.518812</ele>
        <time>2025-10-21T17:01:01.000Z</time>
      </trkpt>
      <trkpt lat="47.937698" lon="8.208866">
        <ele>934.338656</ele>
        <time>2025-10-21T17:01:02.000Z</time>
      </trkpt>
      <trkpt lat="47.937690" lon="8.208818">
        <ele>934.040486</ele>
        <time>2025-10-21T17:01:03.000Z</time>
      </trkpt>
      <trkpt lat="47.937680" lon="8.208774">
        <ele>933.760401</ele>
        <time>2025-10-21T17:01:04.000Z</time>
      </trkpt>
      <trkpt lat="47.937666" lon="8.208743">
        <ele>933.535034</ele>
        <time>2025-10-21T17:01:05.000Z</time>
      </trkpt>
      <trkpt lat="47.937654" lon="8.208697">
        <ele>933.237459</ele>
        <time>2025-10-21T17:01:06.000Z</time>
      </trkpt>
      <trkpt lat="47.937641" lon="8.208664">
        <ele>933.006688</ele>
        <time>2025-10-21T17:01:07.000Z</time>
      </trkpt>
      <trkpt lat="47.937627" lon="8.208625">
        <ele>932.739967</ele>
        <time>2025-10-21T17:01:08.000Z</time>
      </trkpt>
      <trkpt lat="47.937619" lon="8.208600">
        <ele>932.602046</ele>
        <time>2025-10-21T17:01:09.000Z</time>
      </trkpt>
      <trkpt lat="47.937618" lon="8.208545">
        <ele>932.537351</ele>
        <time>2025-10-21T17:01:10.000Z</time>
      </trkpt>
      <trkpt lat="47.937611" lon="8.208506">
        <ele>932.489876</ele>
        <time>2025-10-21T17:01:11.000Z</time>
      </trkpt>
      <trkpt lat="47.937606" lon="8.208466">
        <ele>932.442030</ele>
        <time>2025-10-21T17:01:12.000Z</time>
      </trkpt>
      <trkpt lat="47.937608" lon="8.208415">
        <ele>932.381959</ele>
        <time>2025-10-21T17:01:13.000Z</time>
      </trkpt>
      <trkpt lat="47.937601" lon="8.208381">
        <ele>932.340135</ele>
        <time>2025-10-21T17:01:14.000Z</time>
      </trkpt>
      <trkpt lat="47.937599" lon="8.208341">
        <ele>932.292971</ele>
        <time>2025-10-21T17:01:15.000Z</time>
      </trkpt>
      <trkpt lat="47.937608" lon="8.208292">
        <ele>932.233228</ele>
        <time>2025-10-21T17:01:16.000Z</time>
      </trkpt>
      <trkpt lat="47.937610" lon="8.208253">
        <ele>932.187236</ele>
        <time>2025-10-21T17:01:17.000Z</time>
      </trkpt>
      <trkpt lat="47.937614" lon="8.208219">
        <ele>932.146646</ele>
        <time>2025-10-21T17:01:18.000Z</time>
      </trkpt>
      <trkpt lat="47.937621" lon="8.208175">
        <ele>932.093470</ele>
        <time>2025-10-21T17:01:19.000Z</time>
      </trkpt>
      <trkpt lat="47.937621" lon="8.208144">
        <ele>932.057019</ele>
        <time>2025-10-21T17:01:20.000Z</time>
      </trkpt>
      <trkpt lat="47.937622" lon="8.208103">
        <ele>932.008777</ele>
        <time>2025-10-21T17:01:21.000Z</time>
      </trkpt>
      <trkpt lat="47.937620" lon="8.208058">
        <ele>931.955748</ele>
        <time>2025-10-21T17:01:22.000Z</time>
      </trkpt>
      <trkpt lat="47.937619" lon="8.208021">
        <ele>931.912206</ele>
        <time>2025-10-21T17:01:23.000Z</time>
      </trkpt>
      <trkpt lat="47.937617" lon="8.207989">
        <ele>931.874416</ele>
        <time>2025-10-21T17:01:24.000Z</time>
      </trkpt>
      <trkpt lat="47.937619" lon="8.207942">
        <ele>931.819040</ele>
        <time>2025-10-21T17:01:25.000Z</time>
      </trkpt>
      <trkpt lat="47.937612" lon="8.207903">
        <ele>931.771564</ele>
        <time>2025-10-21T17:01:26.000Z</time>
      </trkpt>
      <trkpt lat="47.937613" lon="8.207863">
        <ele>931.724498</ele>
        <time>2025-10-21T17:01:27.000Z</time>
      </trkpt>
      <trkpt lat="47.937605" lon="8.207823">
        <ele>931.675413</ele>
        <time>2025-10-21T17:01:28.000Z</time>
      </trkpt>
      <trkpt lat="47.937604" lon="8.207795">
        <ele>931.642443</ele>
        <time>2025-10-21T17:01:29.000Z</time>
      </trkpt>
      <trkpt lat="47.937598" lon="8.207747">
        <ele>931.585028</ele>
        <time>2025-10-21T17:01:30.000Z</time>
      </trkpt>
      <trkpt lat="47.937589" lon="8.207707">
        <ele>931.535412</ele>
        <time>2025-10-21T17:01:31.000Z</time>
      </trkpt>
      <trkpt lat="47.937581" lon="8.207683">
        <ele>931.503892</ele>
        <time>2025-10-21T17:01:32.000Z</time>
      </trkpt>
      <trkpt lat="47.937572" lon="8.207641">
        <ele>931.452042</ele>
        <time>2025-10-21T17:01:33.000Z</time>
      </trkpt>
      <trkpt lat="47.937558" lon="8.207610">
        <ele>931.408082</ele>
        <time>2025-10-21T17:01:34.000Z</time>
      </trkpt>
      <trkpt lat="47.937548" lon="8.207571">
        <ele>931.358980</ele>
        <time>2025-10-21T17:01:35.000Z</time>
      </trkpt>
      <trkpt lat="47.937539" lon="8.207525">
        <ele>931.302631</ele>
        <time>2025-10-21T17:01:36.000Z</time>
      </trkpt>
      <trkpt lat="47.937522" lon="8.207488">
        <ele>931.249876</ele>
        <time>2025-10-21T17:01:37.000Z</time>
      </trkpt>
      <trkpt lat="47.937510" lon="8.207450">
        <ele>931.200479</ele>
        <time>2025-10-21T17:01:38.000Z</time>
      </trkpt>
      <trkpt lat="47.937498" lon="8.207414">
        <ele>931.153198</ele>
        <time>2025-10-21T17:01:39.000Z</time>
      </trkpt>
      <trkpt lat="47.937486" lon="8.207385">
        <ele>931.113119</ele>
        <time>2025-10-21T17:01:40.000Z</time>
      </trkpt>
      <trkpt lat="47.937470" lon="8.207345">
        <ele>931.058339</ele>
        <time>2025-10-21T17:01:41.000Z</time>
      </trkpt>
      <trkpt lat="47.937461" lon="8.207311">
        <ele>931.015353</ele>
        <time>2025-10-21T17:01:42.000Z</time>
      </trkpt>
      <trkpt lat="47.937444" lon="8.207281">
        <ele>930.969150</ele>
        <time>2025-10-21T17:01:43.000Z</time>
      </trkpt>
      <trkpt lat="47.937430" lon="8.207237">
        <ele>930.911874</ele>
        <time>2025-10-21T17:01:44.000Z</time>
      </trkpt>
      <trkpt lat="47.937413" lon="8.207213">
        <ele>930.870805</ele>
        <time>2025-10-21T17:01:45.000Z</time>
      </trkpt>
      <trkpt lat="47.937392" lon="8.207180">
        <ele>930.817287</ele>
        <time>2025-10-21T17:01:46.000Z</time>
      </trkpt>
      <trkpt lat="47.937378" lon="8.207134">
        <ele>930.757878</ele>
        <time>2025-10-21T17:01:47.000Z</time>
      </trkpt>
      <trkpt lat="47.937366" lon="8.207117">
        <ele>930.728841</ele>
        <time>2025-10-21T17:01:48.000Z</time>
      </trkpt>
      <trkpt lat="47.937353" lon="8.207088">
        <ele>930.687812</ele>
        <time>2025-10-21T17:01:49.000Z</time>
      </trkpt>
      <trkpt lat="47.937345" lon="8.207041">
        <ele>930.630791</ele>
        <time>2025-10-21T17:01:50.000Z</time>
      </trkpt>
      <trkpt lat="47.937327" lon="8.207020">
        <ele>930.590693</ele>
        <time>2025-10-21T17:01:51.000Z</time>
      </trkpt>
      <trkpt lat="47.937304" lon="8.206995">
        <ele>930.540755</ele>
        <time>2025-10-21T17:01:52.000Z</time>
      </trkpt>
      <trkpt lat="47.937284" lon="8.206966">
        <ele>930.491817</ele>
        <time>2025-10-21T17:01:53.000Z</time>
      </trkpt>
      <trkpt lat="47.937269" lon="8.206942">
        <ele>930.453222</ele>
        <time>2025-10-21T17:01:54.000Z</time>
      </trkpt>
      <trkpt lat="47.937249" lon="8.206923">
        <ele>930.411613</ele>
        <time>2025-10-21T17:01:55.000Z</time>
      </trkpt>
      <trkpt lat="47.937230" lon="8.206894">
        <ele>930.363917</ele>
        <time>2025-10-21T17:01:56.000Z</time>
      </trkpt>
      <trkpt lat="47.937214" lon="8.206873">
        <ele>930.326522</ele>
        <time>2025-10-21T17:01:57.000Z</time>
      </trkpt>
      <trkpt lat="47.937203" lon="8.206851">
        <ele>930.294243</ele>
        <time>2025-10-21T17:01:58.000Z</time>
      </trkpt>
      <trkpt lat="47.937194" lon="8.206824">
        <ele>930.258783</ele>
        <time>2025-10-21T17:01:59.000Z</time>
      </trkpt>
      <trkpt lat="47.937177" lon="8.206800">
        <ele>930.217713</ele>
        <time>2025-10-21T17:02:00.000Z</time>
      </trkpt>
      <trkpt lat="47.937168" lon="8.206778">
        <ele>930.187403</ele>
        <time>2025-10-21T17:02:01.000Z</time>
      </trkpt>
      <trkpt lat="47.937145" lon="8.206743">
        <ele>930.129755</ele>
        <time>2025-10-21T17:02:02.000Z</time>
      </trkpt>
      <trkpt lat="47.937125" lon="8.206718">
        <ele>930.083969</ele>
        <time>2025-10-21T17:02:03.000Z</time>
      </trkpt>
      <trkpt lat="47.937116" lon="8.206694">
        <ele>930.051628</ele>
        <time>2025-10-21T17:02:04.000Z</time>
      </trkpt>
      <trkpt lat="47.937103" lon="8.206651">
        <ele>929.996156</ele>
        <time>2025-10-21T17:02:05.000Z</time>
      </trkpt>
      <trkpt lat="47.937086" lon="8.206627">
        <ele>929.955087</ele>
        <time>2025-10-21T17:02:06.000Z</time>
      </trkpt>
      <trkpt lat="47.937068" lon="8.206605">
        <ele>929.914254</ele>
        <time>2025-10-21T17:02:07.000Z</time>
      </trkpt>
      <trkpt lat="47.937046" lon="8.206572">
        <ele>929.859512</ele>
        <time>2025-10-21T17:02:08.000Z</time>
      </trkpt>
      <trkpt lat="47.937029" lon="8.206551">
        <ele>929.820782</ele>
        <time>2025-10-21T17:02:09.000Z</time>
      </trkpt>
      <trkpt lat="47.937009" lon="8.206533">
        <ele>929.779792</ele>
        <time>2025-10-21T17:02:10.000Z</time>
      </trkpt>
      <trkpt lat="47.936988" lon="8.206502">
        <ele>929.727953</ele>
        <time>2025-10-21T17:02:11.000Z</time>
      </trkpt>
      <trkpt lat="47.936967" lon="8.206479">
        <ele>929.682237</ele>
        <time>2025-10-21T17:02:12.000Z</time>
      </trkpt>
      <trkpt lat="47.936944" lon="8.206448">
        <ele>929.627847</ele>
        <time>2025-10-21T17:02:13.000Z</time>
      </trkpt>
      <trkpt lat="47.936926" lon="8.206426">
        <ele>929.587014</ele>
        <time>2025-10-21T17:02:14.000Z</time>
      </trkpt>
      <trkpt lat="47.936908" lon="8.206402">
        <ele>929.544653</ele>
        <time>2025-10-21T17:02:15.000Z</time>
      </trkpt>
      <trkpt lat="47.936885" lon="8.206369">
        <ele>929.488659</ele>
        <time>2025-10-21T17:02:16.000Z</time>
      </trkpt>
      <trkpt lat="47.936867" lon="8.206348">
        <ele>929.451866</ele>
        <time>2025-10-21T17:02:17.000Z</time>
      </trkpt>
      <trkpt lat="47.936847" lon="8.206324">
        <ele>929.447656</ele>
        <time>2025-10-21T17:02:18.000Z</time>
      </trkpt>
      <trkpt lat="47.936822" lon="8.206298">
        <ele>929.442657</ele>
        <time>2025-10-21T17:02:19.000Z</time>
      </trkpt>
      <trkpt lat="47.936802" lon="8.206278">
        <ele>929.438707</ele>
        <time>2025-10-21T17:02:20.000Z</time>
      </trkpt>
      <trkpt lat="47.936778" lon="8.206249">
        <ele>929.433642</ele>
        <time>2025-10-21T17:02:21.000Z</time>
      </trkpt>
      <trkpt lat="47.936758" lon="8.206223">
        <ele>929.429291</ele>
        <time>2025-10-21T17:02:22.000Z</time>
      </trkpt>
      <trkpt lat="47.936739" lon="8.206202">
        <ele>929.425412</ele>
        <time>2025-10-21T17:02:23.000Z</time>
      </trkpt>
      <trkpt lat="47.936720" lon="8.206166">
        <ele>929.420375</ele>
        <time>2025-10-21T17:02:24.000Z</time>
      </trkpt>
      <trkpt lat="47.936703" lon="8.206143">
        <ele>929.416611</ele>
        <time>2025-10-21T17:02:25.000Z</time>
      </trkpt>
      <trkpt lat="47.936685" lon="8.206120">
        <ele>929.412724</ele>
        <time>2025-10-21T17:02:26.000Z</time>
      </trkpt>
      <trkpt lat="47.936665" lon="8.206081">
        <ele>929.407325</ele>
        <time>2025-10-21T17:02:27.000Z</time>
      </trkpt>
      <trkpt lat="47.936647" lon="8.206057">
        <ele>929.403366</ele>
        <time>2025-10-21T17:02:28.000Z</time>
      </trkpt>
      <trkpt lat="47.936627" lon="8.206033">
        <ele>929.399156</ele>
        <time>2025-10-21T17:02:29.000Z</time>
      </trkpt>
      <trkpt lat="47.936609" lon="8.206004">
        <ele>929.394811</ele>
        <time>2025-10-21T17:02:30.000Z</time>
      </trkpt>
      <trkpt lat="47.936592" lon="8.205982">
        <ele>929.391119</ele>
        <time>2025-10-21T17:02:31.000Z</time>
      </trkpt>
      <trkpt lat="47.936568" lon="8.205961">
        <ele>929.386555</ele>
        <time>2025-10-21T17:02:32.000Z</time>
      </trkpt>
      <trkpt lat="47.936549" lon="8.205928">
        <ele>929.381773</ele>
        <time>2025-10-21T17:02:33.000Z</time>
      </trkpt>
      <trkpt lat="47.936532" lon="8.205901">
        <ele>929.377701</ele>
        <time>2025-10-21T17:02:34.000Z</time>
      </trkpt>
      <trkpt lat="47.936510" lon="8.205873">
        <ele>929.372957</ele>
        <time>2025-10-21T17:02:35.000Z</time>
      </trkpt>
      <trkpt lat="47.936493" lon="8.205841">
        <ele>929.368469</ele>
        <time>2025-10-21T17:02:36.000Z</time>
      </trkpt>
      <trkpt lat="47.936482" lon="8.205815">
        <ele>929.365089</ele>
        <time>2025-10-21T17:02:37.000Z</time>
      </trkpt>
      <trkpt lat="47.936464" lon="8.205788">
        <ele>929.360902</ele>
        <time>2025-10-21T17:02:38.000Z</time>
      </trkpt>
      <trkpt lat="47.936440" lon="8.205759">
        <ele>929.355837</ele>
        <time>2025-10-21T17:02:39.000Z</time>
      </trkpt>
      <trkpt lat="47.936417" lon="8.205739">
        <ele>929.351470</ele>
        <time>2025-10-21T17:02:40.000Z</time>
      </trkpt>
      <trkpt lat="47.936399" lon="8.205719">
        <ele>929.347788</ele>
        <time>2025-10-21T17:02:41.000Z</time>
      </trkpt>
      <trkpt lat="47.936377" lon="8.205697">
        <ele>929.343444</ele>
        <time>2025-10-21T17:02:42.000Z</time>
      </trkpt>
      <trkpt lat="47.936357" lon="8.205673">
        <ele>929.339234</ele>
        <time>2025-10-21T17:02:43.000Z</time>
      </trkpt>
      <trkpt lat="47.936337" lon="8.205655">
        <ele>929.335403</ele>
        <time>2025-10-21T17:02:44.000Z</time>
      </trkpt>
      <trkpt lat="47.936317" lon="8.205634">
        <ele>929.331391</ele>
        <time>2025-10-21T17:02:45.000Z</time>
      </trkpt>
      <trkpt lat="47.936293" lon="8.205606">
        <ele>929.326394</ele>
        <time>2025-10-21T17:02:46.000Z</time>
      </trkpt>
      <trkpt lat="47.936278" lon="8.205587">
        <ele>929.323166</ele>
        <time>2025-10-21T17:02:47.000Z</time>
      </trkpt>
      <trkpt lat="47.936259" lon="8.205568">
        <ele>929.319414</ele>
        <time>2025-10-21T17:02:48.000Z</time>
      </trkpt>
      <trkpt lat="47.936239" lon="8.205542">
        <ele>929.315063</ele>
        <time>2025-10-21T17:02:49.000Z</time>
      </trkpt>
      <trkpt lat="47.936224" lon="8.205524">
        <ele>929.311906</ele>
        <time>2025-10-21T17:02:50.000Z</time>
      </trkpt>
      <trkpt lat="47.936206" lon="8.205511">
        <ele>929.308625</ele>
        <time>2025-10-21T17:02:51.000Z</time>
      </trkpt>
      <trkpt lat="47.936187" lon="8.205488">
        <ele>929.304612</ele>
        <time>2025-10-21T17:02:52.000Z</time>
      </trkpt>
      <trkpt lat="47.936171" lon="8.205469">
        <ele>929.301257</ele>
        <time>2025-10-21T17:02:53.000Z</time>
      </trkpt>
      <trkpt lat="47.936152" lon="8.205448">
        <ele>929.297379</ele>
        <time>2025-10-21T17:02:54.000Z</time>
      </trkpt>
      <trkpt lat="47.936132" lon="8.205426">
        <ele>929.293303</ele>
        <time>2025-10-21T17:02:55.000Z</time>
      </trkpt>
      <trkpt lat="47.936114" lon="8.205403">
        <ele>929.289416</ele>
        <time>2025-10-21T17:02:56.000Z</time>
      </trkpt>
      <trkpt lat="47.936098" lon="8.205387">
        <ele>929.286256</ele>
        <time>2025-10-21T17:02:57.000Z</time>
      </trkpt>
      <trkpt lat="47.936084" lon="8.205360">
        <ele>929.282504</ele>
        <time>2025-10-21T17:02:58.000Z</time>
      </trkpt>
      <trkpt lat="47.936071" lon="8.205327">
        <ele>929.278296</ele>
        <time>2025-10-21T17:02:59.000Z</time>
      </trkpt>
      <trkpt lat="47.936056" lon="8.205303">
        <ele>929.274688</ele>
        <time>2025-10-21T17:03:00.000Z</time>
      </trkpt>
      <trkpt lat="47.936036" lon="8.205270">
        <ele>929.269797</ele>
        <time>2025-10-21T17:03:01.000Z</time>
      </trkpt>
      <trkpt lat="47.936018" lon="8.205241">
        <ele>929.265452</ele>
        <time>2025-10-21T17:03:02.000Z</time>
      </trkpt>
      <trkpt lat="47.936000" lon="8.205212">
        <ele>929.261107</ele>
        <time>2025-10-21T17:03:03.000Z</time>
      </trkpt>
      <trkpt lat="47.935981" lon="8.205183">
        <ele>929.256649</ele>
        <time>2025-10-21T17:03:04.000Z</time>
      </trkpt>
      <trkpt lat="47.935961" lon="8.205148">
        <ele>929.251593</ele>
        <time>2025-10-21T17:03:05.000Z</time>
      </trkpt>
      <trkpt lat="47.935941" lon="8.205127">
        <ele>929.247581</ele>
        <time>2025-10-21T17:03:06.000Z</time>
      </trkpt>
      <trkpt lat="47.935923" lon="8.205106">
        <ele>929.243833</ele>
        <time>2025-10-21T17:03:07.000Z</time>
      </trkpt>
      <trkpt lat="47.935906" lon="8.205082">
        <ele>929.239994</ele>
        <time>2025-10-21T17:03:08.000Z</time>
      </trkpt>
      <trkpt lat="47.935889" lon="8.205058">
        <ele>929.236155</ele>
        <time>2025-10-21T17:03:09.000Z</time>
      </trkpt>
      <trkpt lat="47.935869" lon="8.205029">
        <ele>929.231581</ele>
        <time>2025-10-21T17:03:10.000Z</time>
      </trkpt>
      <trkpt lat="47.935850" lon="8.204998">
        <ele>929.226963</ele>
        <time>2025-10-21T17:03:11.000Z</time>
      </trkpt>
      <trkpt lat="47.935834" lon="8.204973">
        <ele>929.223163</ele>
        <time>2025-10-21T17:03:12.000Z</time>
      </trkpt>
      <trkpt lat="47.935820" lon="8.204952">
        <ele>929.219907</ele>
        <time>2025-10-21T17:03:13.000Z</time>
      </trkpt>
      <trkpt lat="47.935800" lon="8.204920">
        <ele>929.215097</ele>
        <time>2025-10-21T17:03:14.000Z</time>
      </trkpt>
      <trkpt lat="47.935781" lon="8.204896">
        <ele>929.211013</ele>
        <time>2025-10-21T17:03:15.000Z</time>
      </trkpt>
      <trkpt lat="47.935764" lon="8.204878">
        <ele>929.207594</ele>
        <time>2025-10-21T17:03:16.000Z</time>
      </trkpt>
      <trkpt lat="47.935745" lon="8.204849">
        <ele>929.203136</ele>
        <time>2025-10-21T17:03:17.000Z</time>
      </trkpt>
      <trkpt lat="47.935729" lon="8.204824">
        <ele>929.199336</ele>
        <time>2025-10-21T17:03:18.000Z</time>
      </trkpt>
      <trkpt lat="47.935712" lon="8.204798">
        <ele>929.195343</ele>
        <time>2025-10-21T17:03:19.000Z</time>
      </trkpt>
      <trkpt lat="47.935687" lon="8.204769">
        <ele>929.190148</ele>
        <time>2025-10-21T17:03:20.000Z</time>
      </trkpt>
      <trkpt lat="47.935667" lon="8.204744">
        <ele>929.185868</ele>
        <time>2025-10-21T17:03:21.000Z</time>
      </trkpt>
      <trkpt lat="47.935645" lon="8.204729">
        <ele>929.181900</ele>
        <time>2025-10-21T17:03:22.000Z</time>
      </trkpt>
      <trkpt lat="47.935619" lon="8.204706">
        <ele>929.176942</ele>
        <time>2025-10-21T17:03:23.000Z</time>
      </trkpt>
      <trkpt lat="47.935598" lon="8.204688">
        <ele>929.172969</ele>
        <time>2025-10-21T17:03:24.000Z</time>
      </trkpt>
      <trkpt lat="47.935577" lon="8.204667">
        <ele>929.168822</ele>
        <time>2025-10-21T17:03:25.000Z</time>
      </trkpt>
      <trkpt lat="47.935557" lon="8.204647">
        <ele>929.164873</ele>
        <time>2025-10-21T17:03:26.000Z</time>
      </trkpt>
      <trkpt lat="47.935537" lon="8.204628">
        <ele>929.160984</ele>
        <time>2025-10-21T17:03:27.000Z</time>
      </trkpt>
      <trkpt lat="47.935518" lon="8.204612">
        <ele>929.157405</ele>
        <time>2025-10-21T17:03:28.000Z</time>
      </trkpt>
      <trkpt lat="47.935495" lon="8.204586">
        <ele>929.092494</ele>
        <time>2025-10-21T17:03:29.000Z</time>
      </trkpt>
      <trkpt lat="47.935477" lon="8.204563">
        <ele>929.036109</ele>
        <time>2025-10-21T17:03:30.000Z</time>
      </trkpt>
      <trkpt lat="47.935459" lon="8.204533">
        <ele>928.971904</ele>
        <time>2025-10-21T17:03:31.000Z</time>
      </trkpt>
      <trkpt lat="47.935440" lon="8.204501">
        <ele>928.903736</ele>
        <time>2025-10-21T17:03:32.000Z</time>
      </trkpt>
      <trkpt lat="47.935427" lon="8.204476">
        <ele>928.853283</ele>
        <time>2025-10-21T17:03:33.000Z</time>
      </trkpt>
      <trkpt lat="47.935409" lon="8.204450">
        <ele>928.793676</ele>
        <time>2025-10-21T17:03:34.000Z</time>
      </trkpt>
      <trkpt lat="47.935387" lon="8.204425">
        <ele>928.727879</ele>
        <time>2025-10-21T17:03:35.000Z</time>
      </trkpt>
      <trkpt lat="47.935368" lon="8.204412">
        <ele>928.678142</ele>
        <time>2025-10-21T17:03:36.000Z</time>
      </trkpt>
      <trkpt lat="47.935345" lon="8.204394">
        <ele>928.616344</ele>
        <time>2025-10-21T17:03:37.000Z</time>
      </trkpt>
      <trkpt lat="47.935318" lon="8.204371">
        <ele>928.542367</ele>
        <time>2025-10-21T17:03:38.000Z</time>
      </trkpt>
      <trkpt lat="47.935297" lon="8.204354">
        <ele>928.485518</ele>
        <time>2025-10-21T17:03:39.000Z</time>
      </trkpt>
      <trkpt lat="47.935275" lon="8.204341">
        <ele>928.429213</ele>
        <time>2025-10-21T17:03:40.000Z</time>
      </trkpt>
      <trkpt lat="47.935256" lon="8.204322">
        <ele>928.374791</ele>
        <time>2025-10-21T17:03:41.000Z</time>
      </trkpt>
      <trkpt lat="47.935236" lon="8.204310">
        <ele>928.323497</ele>
        <time>2025-10-21T17:03:42.000Z</time>
      </trkpt>
      <trkpt lat="47.935215" lon="8.204302">
        <ele>928.271922</ele>
        <time>2025-10-21T17:03:43.000Z</time>
      </trkpt>
      <trkpt lat="47.935193" lon="8.204287">
        <ele>928.214367</ele>
        <time>2025-10-21T17:03:44.000Z</time>
      </trkpt>
      <trkpt lat="47.935171" lon="8.204272">
        <ele>928.156812</ele>
        <time>2025-10-21T17:03:45.000Z</time>
      </trkpt>
      <trkpt lat="47.935151" lon="8.204256">
        <ele>928.102814</ele>
        <time>2025-10-21T17:03:46.000Z</time>
      </trkpt>
      <trkpt lat="47.935126" lon="8.204238">
        <ele>928.036764</ele>
        <time>2025-10-21T17:03:47.000Z</time>
      </trkpt>
      <trkpt lat="47.935100" lon="8.204219">
        <ele>927.967876</ele>
        <time>2025-10-21T17:03:48.000Z</time>
      </trkpt>
      <trkpt lat="47.935077" lon="8.204204">
        <ele>927.908148</ele>
        <time>2025-10-21T17:03:49.000Z</time>
      </trkpt>
      <trkpt lat="47.935056" lon="8.204191">
        <ele>927.854049</ele>
        <time>2025-10-21T17:03:50.000Z</time>
      </trkpt>
      <trkpt lat="47.935032" lon="8.204178">
        <ele>927.793293</ele>
        <time>2025-10-21T17:03:51.000Z</time>
      </trkpt>
      <trkpt lat="47.935007" lon="8.204170">
        <ele>927.732451</ele>
        <time>2025-10-21T17:03:52.000Z</time>
      </trkpt>
      <trkpt lat="47.934982" lon="8.204162">
        <ele>927.671608</ele>
        <time>2025-10-21T17:03:53.000Z</time>
      </trkpt>
      <trkpt lat="47.934956" lon="8.204149">
        <ele>927.606359</ele>
        <time>2025-10-21T17:03:54.000Z</time>
      </trkpt>
      <trkpt lat="47.934933" lon="8.204139">
        <ele>927.549352</ele>
        <time>2025-10-21T17:03:55.000Z</time>
      </trkpt>
      <trkpt lat="47.934908" lon="8.204131">
        <ele>927.488510</ele>
        <time>2025-10-21T17:03:56.000Z</time>
      </trkpt>
      <trkpt lat="47.934880" lon="8.204122">
        <ele>927.420353</ele>
        <time>2025-10-21T17:03:57.000Z</time>
      </trkpt>
      <trkpt lat="47.934853" lon="8.204112">
        <ele>927.354154</ele>
        <time>2025-10-21T17:03:58.000Z</time>
      </trkpt>
      <trkpt lat="47.934831" lon="8.204101">
        <ele>927.298943</ele>
        <time>2025-10-21T17:03:59.000Z</time>
      </trkpt>
      <trkpt lat="47.934806" lon="8.204092">
        <ele>927.237746</ele>
        <time>2025-10-21T17:04:00.000Z</time>
      </trkpt>
      <trkpt lat="47.934779" lon="8.204078">
        <ele>927.169730</ele>
        <time>2025-10-21T17:04:01.000Z</time>
      </trkpt>
      <trkpt lat="47.934754" lon="8.204070">
        <ele>927.108887</ele>
        <time>2025-10-21T17:04:02.000Z</time>
      </trkpt>
      <trkpt lat="47.934734" lon="8.204069">
        <ele>927.061268</ele>
        <time>2025-10-21T17:04:03.000Z</time>
      </trkpt>
      <trkpt lat="47.934710" lon="8.204062">
        <ele>927.003077</ele>
        <time>2025-10-21T17:04:04.000Z</time>
      </trkpt>
      <trkpt lat="47.934685" lon="8.204046">
        <ele>926.938348</ele>
        <time>2025-10-21T17:04:05.000Z</time>
      </trkpt>
      <trkpt lat="47.934663" lon="8.204039">
        <ele>926.884820</ele>
        <time>2025-10-21T17:04:06.000Z</time>
      </trkpt>
      <trkpt lat="47.934641" lon="8.204030">
        <ele>926.830537</ele>
        <time>2025-10-21T17:04:07.000Z</time>
      </trkpt>
      <trkpt lat="47.934616" lon="8.204012">
        <ele>926.764486</ele>
        <time>2025-10-21T17:04:08.000Z</time>
      </trkpt>
      <trkpt lat="47.934596" lon="8.204004">
        <ele>926.715214</ele>
        <time>2025-10-21T17:04:09.000Z</time>
      </trkpt>
      <trkpt lat="47.934570" lon="8.203996">
        <ele>926.652043</ele>
        <time>2025-10-21T17:04:10.000Z</time>
      </trkpt>
      <trkpt lat="47.934542" lon="8.203988">
        <ele>926.584204</ele>
        <time>2025-10-21T17:04:11.000Z</time>
      </trkpt>
      <trkpt lat="47.934516" lon="8.203982">
        <ele>926.521598</ele>
        <time>2025-10-21T17:04:12.000Z</time>
      </trkpt>
      <trkpt lat="47.934488" lon="8.203969">
        <ele>926.451820</ele>
        <time>2025-10-21T17:04:13.000Z</time>
      </trkpt>
      <trkpt lat="47.934456" lon="8.203953">
        <ele>926.371512</ele>
        <time>2025-10-21T17:04:14.000Z</time>
      </trkpt>
      <trkpt lat="47.934432" lon="8.203940">
        <ele>926.310757</ele>
        <time>2025-10-21T17:04:15.000Z</time>
      </trkpt>
      <trkpt lat="47.934404" lon="8.203931">
        <ele>926.242600</ele>
        <time>2025-10-21T17:04:16.000Z</time>
      </trkpt>
      <trkpt lat="47.934379" lon="8.203917">
        <ele>926.179060</ele>
        <time>2025-10-21T17:04:17.000Z</time>
      </trkpt>
      <trkpt lat="47.934353" lon="8.203906">
        <ele>926.114752</ele>
        <time>2025-10-21T17:04:18.000Z</time>
      </trkpt>
      <trkpt lat="47.934333" lon="8.203897">
        <ele>926.065043</ele>
        <time>2025-10-21T17:04:19.000Z</time>
      </trkpt>
      <trkpt lat="47.934307" lon="8.203885">
        <ele>926.000282</ele>
        <time>2025-10-21T17:04:20.000Z</time>
      </trkpt>
      <trkpt lat="47.934273" lon="8.203867">
        <ele>925.914436</ele>
        <time>2025-10-21T17:04:21.000Z</time>
      </trkpt>
      <trkpt lat="47.934248" lon="8.203862">
        <ele>925.854414</ele>
        <time>2025-10-21T17:04:22.000Z</time>
      </trkpt>
      <trkpt lat="47.934217" lon="8.203851">
        <ele>925.778589</ele>
        <time>2025-10-21T17:04:23.000Z</time>
      </trkpt>
      <trkpt lat="47.934193" lon="8.203839">
        <ele>925.718359</ele>
        <time>2025-10-21T17:04:24.000Z</time>
      </trkpt>
      <trkpt lat="47.934175" lon="8.203832">
        <ele>925.674096</ele>
        <time>2025-10-21T17:04:25.000Z</time>
      </trkpt>
      <trkpt lat="47.934155" lon="8.203823">
        <ele>925.624387</ele>
        <time>2025-10-21T17:04:26.000Z</time>
      </trkpt>
      <trkpt lat="47.934130" lon="8.203809">
        <ele>925.560847</ele>
        <time>2025-10-21T17:04:27.000Z</time>
      </trkpt>
      <trkpt lat="47.934109" lon="8.203798">
        <ele>925.507887</ele>
        <time>2025-10-21T17:04:28.000Z</time>
      </trkpt>
      <trkpt lat="47.934083" lon="8.203788">
        <ele>925.443995</ele>
        <time>2025-10-21T17:04:29.000Z</time>
      </trkpt>
      <trkpt lat="47.934058" lon="8.203770">
        <ele>925.377945</ele>
        <time>2025-10-21T17:04:30.000Z</time>
      </trkpt>
      <trkpt lat="47.934032" lon="8.203758">
        <ele>925.313184</ele>
        <time>2025-10-21T17:04:31.000Z</time>
      </trkpt>
      <trkpt lat="47.934008" lon="8.203749">
        <ele>925.254298</ele>
        <time>2025-10-21T17:04:32.000Z</time>
      </trkpt>
      <trkpt lat="47.933977" lon="8.203731">
        <ele>925.175144</ele>
        <time>2025-10-21T17:04:33.000Z</time>
      </trkpt>
      <trkpt lat="47.933953" lon="8.203716">
        <ele>925.113228</ele>
        <time>2025-10-21T17:04:34.000Z</time>
      </trkpt>
      <trkpt lat="47.933929" lon="8.203710">
        <ele>925.055321</ele>
        <time>2025-10-21T17:04:35.000Z</time>
      </trkpt>
      <trkpt lat="47.933902" lon="8.203689">
        <ele>924.982871</ele>
        <time>2025-10-21T17:04:36.000Z</time>
      </trkpt>
      <trkpt lat="47.933877" lon="8.203670">
        <ele>924.916112</ele>
        <time>2025-10-21T17:04:37.000Z</time>
      </trkpt>
      <trkpt lat="47.933853" lon="8.203653">
        <ele>924.877203</ele>
        <time>2025-10-21T17:04:38.000Z</time>
      </trkpt>
      <trkpt lat="47.933828" lon="8.203634">
        <ele>924.877698</ele>
        <time>2025-10-21T17:04:39.000Z</time>
      </trkpt>
      <trkpt lat="47.933796" lon="8.203604">
        <ele>924.878364</ele>
        <time>2025-10-21T17:04:40.000Z</time>
      </trkpt>
      <trkpt lat="47.933774" lon="8.203584">
        <ele>924.878819</ele>
        <time>2025-10-21T17:04:41.000Z</time>
      </trkpt>
      <trkpt lat="47.933746" lon="8.203558">
        <ele>924.879400</ele>
        <time>2025-10-21T17:04:42.000Z</time>
      </trkpt>
      <trkpt lat="47.933721" lon="8.203528">
        <ele>924.879966</ele>
        <time>2025-10-21T17:04:43.000Z</time>
      </trkpt>
      <trkpt lat="47.933701" lon="8.203502">
        <ele>924.880434</ele>
        <time>2025-10-21T17:04:44.000Z</time>
      </trkpt>
      <trkpt lat="47.933677" lon="8.203476">
        <ele>924.880957</ele>
        <time>2025-10-21T17:04:45.000Z</time>
      </trkpt>
      <trkpt lat="47.933648" lon="8.203442">
        <ele>924.881607</ele>
        <time>2025-10-21T17:04:46.000Z</time>
      </trkpt>
      <trkpt lat="47.933626" lon="8.203420">
        <ele>924.882075</ele>
        <time>2025-10-21T17:04:47.000Z</time>
      </trkpt>
      <trkpt lat="47.933607" lon="8.203401">
        <ele>924.882478</ele>
        <time>2025-10-21T17:04:48.000Z</time>
      </trkpt>
      <trkpt lat="47.933589" lon="8.203373">
        <ele>924.882937</ele>
        <time>2025-10-21T17:04:49.000Z</time>
      </trkpt>
      <trkpt lat="47.933572" lon="8.203347">
        <ele>924.883366</ele>
        <time>2025-10-21T17:04:50.000Z</time>
      </trkpt>
      <trkpt lat="47.933552" lon="8.203328">
        <ele>924.883784</ele>
        <time>2025-10-21T17:04:51.000Z</time>
      </trkpt>
      <trkpt lat="47.933531" lon="8.203301">
        <ele>924.884273</ele>
        <time>2025-10-21T17:04:52.000Z</time>
      </trkpt>
      <trkpt lat="47.933514" lon="8.203278">
        <ele>924.884678</ele>
        <time>2025-10-21T17:04:53.000Z</time>
      </trkpt>
      <trkpt lat="47.933496" lon="8.203254">
        <ele>924.885103</ele>
        <time>2025-10-21T17:04:54.000Z</time>
      </trkpt>
      <trkpt lat="47.933473" lon="8.203225">
        <ele>924.885634</ele>
        <time>2025-10-21T17:04:55.000Z</time>
      </trkpt>
      <trkpt lat="47.933455" lon="8.203190">
        <ele>924.886156</ele>
        <time>2025-10-21T17:04:56.000Z</time>
      </trkpt>
      <trkpt lat="47.933437" lon="8.203164">
        <ele>924.886598</ele>
        <time>2025-10-21T17:04:57.000Z</time>
      </trkpt>
      <trkpt lat="47.933415" lon="8.203129">
        <ele>924.887165</ele>
        <time>2025-10-21T17:04:58.000Z</time>
      </trkpt>
      <trkpt lat="47.933393" lon="8.203097">
        <ele>924.887707</ele>
        <time>2025-10-21T17:04:59.000Z</time>
      </trkpt>
      <trkpt lat="47.933381" lon="8.203060">
        <ele>924.888193</ele>
        <time>2025-10-21T17:05:00.000Z</time>
      </trkpt>
      <trkpt lat="47.933369" lon="8.203031">
        <ele>924.888595</ele>
        <time>2025-10-21T17:05:01.000Z</time>
      </trkpt>
      <trkpt lat="47.933354" lon="8.202993">
        <ele>924.889117</ele>
        <time>2025-10-21T17:05:02.000Z</time>
      </trkpt>
      <trkpt lat="47.933343" lon="8.202961">
        <ele>924.889542</ele>
        <time>2025-10-21T17:05:03.000Z</time>
      </trkpt>
      <trkpt lat="47.933331" lon="8.202931">
        <ele>924.889954</ele>
        <time>2025-10-21T17:05:04.000Z</time>
      </trkpt>
      <trkpt lat="47.933317" lon="8.202894">
        <ele>924.890457</ele>
        <time>2025-10-21T17:05:05.000Z</time>
      </trkpt>
      <trkpt lat="47.933302" lon="8.202860">
        <ele>924.890938</ele>
        <time>2025-10-21T17:05:06.000Z</time>
      </trkpt>
      <trkpt lat="47.933290" lon="8.202829">
        <ele>924.891361</ele>
        <time>2025-10-21T17:05:07.000Z</time>
      </trkpt>
      <trkpt lat="47.933274" lon="8.202790">
        <ele>924.891901</ele>
        <time>2025-10-21T17:05:08.000Z</time>
      </trkpt>
      <trkpt lat="47.933262" lon="8.202750">
        <ele>924.892419</ele>
        <time>2025-10-21T17:05:09.000Z</time>
      </trkpt>
      <trkpt lat="47.933250" lon="8.202716">
        <ele>924.892873</ele>
        <time>2025-10-21T17:05:10.000Z</time>
      </trkpt>
      <trkpt lat="47.933240" lon="8.202681">
        <ele>924.893323</ele>
        <time>2025-10-21T17:05:11.000Z</time>
      </trkpt>
      <trkpt lat="47.933230" lon="8.202637">
        <ele>924.893872</ele>
        <time>2025-10-21T17:05:12.000Z</time>
      </trkpt>
      <trkpt lat="47.933225" lon="8.202599">
        <ele>924.894330</ele>
        <time>2025-10-21T17:05:13.000Z</time>
      </trkpt>
      <trkpt lat="47.933216" lon="8.202563">
        <ele>924.894784</ele>
        <time>2025-10-21T17:05:14.000Z</time>
      </trkpt>
      <trkpt lat="47.933214" lon="8.202518">
        <ele>924.895317</ele>
        <time>2025-10-21T17:05:15.000Z</time>
      </trkpt>
      <trkpt lat="47.933212" lon="8.202481">
        <ele>924.895756</ele>
        <time>2025-10-21T17:05:16.000Z</time>
      </trkpt>
      <trkpt lat="47.933211" lon="8.202445">
        <ele>924.896181</ele>
        <time>2025-10-21T17:05:17.000Z</time>
      </trkpt>
      <trkpt lat="47.933210" lon="8.202402">
        <ele>924.896690</ele>
        <time>2025-10-21T17:05:18.000Z</time>
      </trkpt>
      <trkpt lat="47.933220" lon="8.202366">
        <ele>924.897150</ele>
        <time>2025-10-21T17:05:19.000Z</time>
      </trkpt>
      <trkpt lat="47.933223" lon="8.202332">
        <ele>924.897556</ele>
        <time>2025-10-21T17:05:20.000Z</time>
      </trkpt>
      <trkpt lat="47.933232" lon="8.202293">
        <ele>924.898043</ele>
        <time>2025-10-21T17:05:21.000Z</time>
      </trkpt>
      <trkpt lat="47.933240" lon="8.202254">
        <ele>924.898525</ele>
        <time>2025-10-21T17:05:22.000Z</time>
      </trkpt>
      <trkpt lat="47.933243" lon="8.202220">
        <ele>924.898930</ele>
        <time>2025-10-21T17:05:23.000Z</time>
      </trkpt>
      <trkpt lat="47.933256" lon="8.202185">
        <ele>924.899403</ele>
        <time>2025-10-21T17:05:24.000Z</time>
      </trkpt>
      <trkpt lat="47.933265" lon="8.202148">
        <ele>924.899868</ele>
        <time>2025-10-21T17:05:25.000Z</time>
      </trkpt>
      <trkpt lat="47.933272" lon="8.202124">
        <ele>924.900178</ele>
        <time>2025-10-21T17:05:26.000Z</time>
      </trkpt>
      <trkpt lat="47.933286" lon="8.202087">
        <ele>924.900680</ele>
        <time>2025-10-21T17:05:27.000Z</time>
      </trkpt>
      <trkpt lat="47.933301" lon="8.202050">
        <ele>924.901191</ele>
        <time>2025-10-21T17:05:28.000Z</time>
      </trkpt>
      <trkpt lat="47.933317" lon="8.202023">
        <ele>924.901617</ele>
        <time>2025-10-21T17:05:29.000Z</time>
      </trkpt>
      <trkpt lat="47.933331" lon="8.201999">
        <ele>924.901993</ele>
        <time>2025-10-21T17:05:30.000Z</time>
      </trkpt>
      <trkpt lat="47.933345" lon="8.201971">
        <ele>924.902406</ele>
        <time>2025-10-21T17:05:31.000Z</time>
      </trkpt>
      <trkpt lat="47.933355" lon="8.201949">
        <ele>924.902720</ele>
        <time>2025-10-21T17:05:32.000Z</time>
      </trkpt>
      <trkpt lat="47.933357" lon="8.201924">
        <ele>924.903018</ele>
        <time>2025-10-21T17:05:33.000Z</time>
      </trkpt>
      <trkpt lat="47.933365" lon="8.201888">
        <ele>924.903466</ele>
        <time>2025-10-21T17:05:34.000Z</time>
      </trkpt>
      <trkpt lat="47.933371" lon="8.201854">
        <ele>924.903881</ele>
        <time>2025-10-21T17:05:35.000Z</time>
      </trkpt>
      <trkpt lat="47.933380" lon="8.201827">
        <ele>924.904238</ele>
        <time>2025-10-21T17:05:36.000Z</time>
      </trkpt>
      <trkpt lat="47.933392" lon="8.201788">
        <ele>924.904745</ele>
        <time>2025-10-21T17:05:37.000Z</time>
      </trkpt>
      <trkpt lat="47.933400" lon="8.201752">
        <ele>924.905193</ele>
        <time>2025-10-21T17:05:38.000Z</time>
      </trkpt>
      <trkpt lat="47.933400" lon="8.201716">
        <ele>924.905619</ele>
        <time>2025-10-21T17:05:39.000Z</time>
      </trkpt>
      <trkpt lat="47.933402" lon="8.201684">
        <ele>924.905998</ele>
        <time>2025-10-21T17:05:40.000Z</time>
      </trkpt>
      <trkpt lat="47.933406" lon="8.201650">
        <ele>924.906406</ele>
        <time>2025-10-21T17:05:41.000Z</time>
      </trkpt>
      <trkpt lat="47.933405" lon="8.201625">
        <ele>924.906702</ele>
        <time>2025-10-21T17:05:42.000Z</time>
      </trkpt>
      <trkpt lat="47.933399" lon="8.201591">
        <ele>924.907118</ele>
        <time>2025-10-21T17:05:43.000Z</time>
      </trkpt>
      <trkpt lat="47.933390" lon="8.201558">
        <ele>924.907539</ele>
        <time>2025-10-21T17:05:44.000Z</time>
      </trkpt>
      <trkpt lat="47.933383" lon="8.201531">
        <ele>924.907881</ele>
        <time>2025-10-21T17:05:45.000Z</time>
      </trkpt>
      <trkpt lat="47.933368" lon="8.201498">
        <ele>924.908352</ele>
        <time>2025-10-21T17:05:46.000Z</time>
      </trkpt>
      <trkpt lat="47.933354" lon="8.201465">
        <ele>924.889055</ele>
        <time>2025-10-21T17:05:47.000Z</time>
      </trkpt>
      <trkpt lat="47.933342" lon="8.201438">
        <ele>924.771870</ele>
        <time>2025-10-21T17:05:48.000Z</time>
      </trkpt>
      <trkpt lat="47.933329" lon="8.201412">
        <ele>924.654535</ele>
        <time>2025-10-21T17:05:49.000Z</time>
      </trkpt>
      <trkpt lat="47.933315" lon="8.201382">
        <ele>924.522306</ele>
        <time>2025-10-21T17:05:50.000Z</time>
      </trkpt>
      <trkpt lat="47.933305" lon="8.201357">
        <ele>924.416998</ele>
        <time>2025-10-21T17:05:51.000Z</time>
      </trkpt>
      <trkpt lat="47.933292" lon="8.201339">
        <ele>924.321275</ele>
        <time>2025-10-21T17:05:52.000Z</time>
      </trkpt>
      <trkpt lat="47.933271" lon="8.201306">
        <ele>924.156665</ele>
        <time>2025-10-21T17:05:53.000Z</time>
      </trkpt>
      <trkpt lat="47.933252" lon="8.201279">
        <ele>924.015047</ele>
        <time>2025-10-21T17:05:54.000Z</time>
      </trkpt>
      <trkpt lat="47.933237" lon="8.201259">
        <ele>923.906469</ele>
        <time>2025-10-21T17:05:55.000Z</time>
      </trkpt>
      <trkpt lat="47.933218" lon="8.201234">
        <ele>923.769738</ele>
        <time>2025-10-21T17:05:56.000Z</time>
      </trkpt>
      <trkpt lat="47.933205" lon="8.201207">
        <ele>923.649484</ele>
        <time>2025-10-21T17:05:57.000Z</time>
      </trkpt>
      <trkpt lat="47.933193" lon="8.201181">
        <ele>923.535296</ele>
        <time>2025-10-21T17:05:58.000Z</time>
      </trkpt>
      <trkpt lat="47.933178" lon="8.201155">
        <ele>923.411201</ele>
        <time>2025-10-21T17:05:59.000Z</time>
      </trkpt>
      <trkpt lat="47.933162" lon="8.201123">
        <ele>923.266788</ele>
        <time>2025-10-21T17:06:00.000Z</time>
      </trkpt>
      <trkpt lat="47.933148" lon="8.201099">
        <ele>923.151696</ele>
        <time>2025-10-21T17:06:01.000Z</time>
      </trkpt>
      <trkpt lat="47.933135" lon="8.201073">
        <ele>923.034360</ele>
        <time>2025-10-21T17:06:02.000Z</time>
      </trkpt>
      <trkpt lat="47.933117" lon="8.201044">
        <ele>922.891382</ele>
        <time>2025-10-21T17:06:03.000Z</time>
      </trkpt>
      <trkpt lat="47.933100" lon="8.201018">
        <ele>922.759988</ele>
        <time>2025-10-21T17:06:04.000Z</time>
      </trkpt>
      <trkpt lat="47.933082" lon="8.201003">
        <ele>922.648701</ele>
        <time>2025-10-21T17:06:05.000Z</time>
      </trkpt>
      <trkpt lat="47.933062" lon="8.200981">
        <ele>922.514583</ele>
        <time>2025-10-21T17:06:06.000Z</time>
      </trkpt>
      <trkpt lat="47.933046" lon="8.200957">
        <ele>922.392130</ele>
        <time>2025-10-21T17:06:07.000Z</time>
      </trkpt>
      <trkpt lat="47.933028" lon="8.200937">
        <ele>922.270994</ele>
        <time>2025-10-21T17:06:08.000Z</time>
      </trkpt>
      <trkpt lat="47.933010" lon="8.200916">
        <ele>922.147663</ele>
        <time>2025-10-21T17:06:09.000Z</time>
      </trkpt>
      <trkpt lat="47.932992" lon="8.200888">
        <ele>922.007317</ele>
        <time>2025-10-21T17:06:10.000Z</time>
      </trkpt>
      <trkpt lat="47.932981" lon="8.200868">
        <ele>921.913730</ele>
        <time>2025-10-21T17:06:11.000Z</time>
      </trkpt>
      <trkpt lat="47.932963" lon="8.200845">
        <ele>921.785818</ele>
        <time>2025-10-21T17:06:12.000Z</time>
      </trkpt>
      <trkpt lat="47.932943" lon="8.200820">
        <ele>921.644991</ele>
        <time>2025-10-21T17:06:13.000Z</time>
      </trkpt>
      <trkpt lat="47.932924" lon="8.200798">
        <ele>921.515180</ele>
        <time>2025-10-21T17:06:14.000Z</time>
      </trkpt>
      <trkpt lat="47.932909" lon="8.200779">
        <ele>921.408977</ele>
        <time>2025-10-21T17:06:15.000Z</time>
      </trkpt>
      <trkpt lat="47.932891" lon="8.200755">
        <ele>921.278684</ele>
        <time>2025-10-21T17:06:16.000Z</time>
      </trkpt>
      <trkpt lat="47.932881" lon="8.200732">
        <ele>921.179517</ele>
        <time>2025-10-21T17:06:17.000Z</time>
      </trkpt>
      <trkpt lat="47.932869" lon="8.200710">
        <ele>921.076913</ele>
        <time>2025-10-21T17:06:18.000Z</time>
      </trkpt>
      <trkpt lat="47.932857" lon="8.200682">
        <ele>920.956697</ele>
        <time>2025-10-21T17:06:19.000Z</time>
      </trkpt>
      <trkpt lat="47.932847" lon="8.200652">
        <ele>920.835506</ele>
        <time>2025-10-21T17:06:20.000Z</time>
      </trkpt>
      <trkpt lat="47.932842" lon="8.200621">
        <ele>920.720182</ele>
        <time>2025-10-21T17:06:21.000Z</time>
      </trkpt>
      <trkpt lat="47.932832" lon="8.200581">
        <ele>920.565767</ele>
        <time>2025-10-21T17:06:22.000Z</time>
      </trkpt>
      <trkpt lat="47.932820" lon="8.200548">
        <ele>920.429966</ele>
        <time>2025-10-21T17:06:23.000Z</time>
      </trkpt>
      <trkpt lat="47.932811" lon="8.200517">
        <ele>920.307772</ele>
        <time>2025-10-21T17:06:24.000Z</time>
      </trkpt>
      <trkpt lat="47.932804" lon="8.200486">
        <ele>920.189454</ele>
        <time>2025-10-21T17:06:25.000Z</time>
      </trkpt>
      <trkpt lat="47.932807" lon="8.200444">
        <ele>920.036688</ele>
        <time>2025-10-21T17:06:26.000Z</time>
      </trkpt>
      <trkpt lat="47.932804" lon="8.200406">
        <ele>919.898298</ele>
        <time>2025-10-21T17:06:27.000Z</time>
      </trkpt>
      <trkpt lat="47.932800" lon="8.200374">
        <ele>919.780563</ele>
        <time>2025-10-21T17:06:28.000Z</time>
      </trkpt>
      <trkpt lat="47.932797" lon="8.200341">
        <ele>919.660115</ele>
        <time>2025-10-21T17:06:29.000Z</time>
      </trkpt>
      <trkpt lat="47.932791" lon="8.200305">
        <ele>919.525942</ele>
        <time>2025-10-21T17:06:30.000Z</time>
      </trkpt>
      <trkpt lat="47.932789" lon="8.200263">
        <ele>919.373653</ele>
        <time>2025-10-21T17:06:31.000Z</time>
      </trkpt>
      <trkpt lat="47.932785" lon="8.200229">
        <ele>919.248800</ele>
        <time>2025-10-21T17:06:32.000Z</time>
      </trkpt>
      <trkpt lat="47.932777" lon="8.200194">
        <ele>919.115048</ele>
        <time>2025-10-21T17:06:33.000Z</time>
      </trkpt>
      <trkpt lat="47.932769" lon="8.200157">
        <ele>918.974430</ele>
        <time>2025-10-21T17:06:34.000Z</time>
      </trkpt>
      <trkpt lat="47.932762" lon="8.200114">
        <ele>918.814383</ele>
        <time>2025-10-21T17:06:35.000Z</time>
      </trkpt>
      <trkpt lat="47.932750" lon="8.200081">
        <ele>918.678582</ele>
        <time>2025-10-21T17:06:36.000Z</time>
      </trkpt>
      <trkpt lat="47.932741" lon="8.200054">
        <ele>918.569510</ele>
        <time>2025-10-21T17:06:37.000Z</time>
      </trkpt>
      <trkpt lat="47.932729" lon="8.200024">
        <ele>918.443140</ele>
        <time>2025-10-21T17:06:38.000Z</time>
      </trkpt>
      <trkpt lat="47.932718" lon="8.199997">
        <ele>918.328850</ele>
        <time>2025-10-21T17:06:39.000Z</time>
      </trkpt>
      <trkpt lat="47.932710" lon="8.199971">
        <ele>918.225370</ele>
        <time>2025-10-21T17:06:40.000Z</time>
      </trkpt>
      <trkpt lat="47.932694" lon="8.199943">
        <ele>918.092270</ele>
        <time>2025-10-21T17:06:41.000Z</time>
      </trkpt>
      <trkpt lat="47.932678" lon="8.199917">
        <ele>917.964586</ele>
        <time>2025-10-21T17:06:42.000Z</time>
      </trkpt>
      <trkpt lat="47.932665" lon="8.199892">
        <ele>917.850129</ele>
        <time>2025-10-21T17:06:43.000Z</time>
      </trkpt>
      <trkpt lat="47.932651" lon="8.199873">
        <ele>917.747982</ele>
        <time>2025-10-21T17:06:44.000Z</time>
      </trkpt>
      <trkpt lat="47.932635" lon="8.199851">
        <ele>917.630545</ele>
        <time>2025-10-21T17:06:45.000Z</time>
      </trkpt>
      <trkpt lat="47.932620" lon="8.199826">
        <ele>917.509168</ele>
        <time>2025-10-21T17:06:46.000Z</time>
      </trkpt>
      <trkpt lat="47.932604" lon="8.199799">
        <ele>917.378798</ele>
        <time>2025-10-21T17:06:47.000Z</time>
      </trkpt>
      <trkpt lat="47.932585" lon="8.199774">
        <ele>917.242066</ele>
        <time>2025-10-21T17:06:48.000Z</time>
      </trkpt>
      <trkpt lat="47.932570" lon="8.199758">
        <ele>917.142539</ele>
        <time>2025-10-21T17:06:49.000Z</time>
      </trkpt>
      <trkpt lat="47.932555" lon="8.199730">
        <ele>917.012876</ele>
        <time>2025-10-21T17:06:50.000Z</time>
      </trkpt>
      <trkpt lat="47.932541" lon="8.199700">
        <ele>916.880646</ele>
        <time>2025-10-21T17:06:51.000Z</time>
      </trkpt>
      <trkpt lat="47.932526" lon="8.199675">
        <ele>916.759269</ele>
        <time>2025-10-21T17:06:52.000Z</time>
      </trkpt>
      <trkpt lat="47.932512" lon="8.199647">
        <ele>916.632906</ele>
        <time>2025-10-21T17:06:53.000Z</time>
      </trkpt>
      <trkpt lat="47.932493" lon="8.199631">
        <ele>916.515141</ele>
        <time>2025-10-21T17:06:54.000Z</time>
      </trkpt>
      <trkpt lat="47.932477" lon="8.199606">
        <ele>916.390098</ele>
        <time>2025-10-21T17:06:55.000Z</time>
      </trkpt>
      <trkpt lat="47.932462" lon="8.199586">
        <ele>916.281520</ele>
        <time>2025-10-21T17:06:56.000Z</time>
      </trkpt>
      <trkpt lat="47.932446" lon="8.199573">
        <ele>916.183179</ele>
        <time>2025-10-21T17:06:57.000Z</time>
      </trkpt>
      <trkpt lat="47.932429" lon="8.199560">
        <ele>916.080066</ele>
        <time>2025-10-21T17:06:58.000Z</time>
      </trkpt>
      <trkpt lat="47.932416" lon="8.199534">
        <ele>915.962729</ele>
        <time>2025-10-21T17:06:59.000Z</time>
      </trkpt>
      <trkpt lat="47.932400" lon="8.199504">
        <ele>915.824045</ele>
        <time>2025-10-21T17:07:00.000Z</time>
      </trkpt>
      <trkpt lat="47.932388" lon="8.199489">
        <ele>915.739549</ele>
        <time>2025-10-21T17:07:01.000Z</time>
      </trkpt>
      <trkpt lat="47.932373" lon="8.199466">
        <ele>915.623460</ele>
        <time>2025-10-21T17:07:02.000Z</time>
      </trkpt>
      <trkpt lat="47.932355" lon="8.199439">
        <ele>915.485699</ele>
        <time>2025-10-21T17:07:03.000Z</time>
      </trkpt>
      <trkpt lat="47.932337" lon="8.199420">
        <ele>915.366686</ele>
        <time>2025-10-21T17:07:04.000Z</time>
      </trkpt>
      <trkpt lat="47.932321" lon="8.199400">
        <ele>915.254025</ele>
        <time>2025-10-21T17:07:05.000Z</time>
      </trkpt>
      <trkpt lat="47.932308" lon="8.199376">
        <ele>915.069848</ele>
        <time>2025-10-21T17:07:06.000Z</time>
      </trkpt>
      <trkpt lat="47.932289" lon="8.199346">
        <ele>914.730162</ele>
        <time>2025-10-21T17:07:07.000Z</time>
      </trkpt>
      <trkpt lat="47.932274" lon="8.199320">
        <ele>914.447837</ele>
        <time>2025-10-21T17:07:08.000Z</time>
      </trkpt>
      <trkpt lat="47.932260" lon="8.199296">
        <ele>914.185993</ele>
        <time>2025-10-21T17:07:09.000Z</time>
      </trkpt>
      <trkpt lat="47.932246" lon="8.199270">
        <ele>913.911524</ele>
        <time>2025-10-21T17:07:10.000Z</time>
      </trkpt>
      <trkpt lat="47.932228" lon="8.199247">
        <ele>913.620515</ele>
        <time>2025-10-21T17:07:11.000Z</time>
      </trkpt>
      <trkpt lat="47.932213" lon="8.199224">
        <ele>913.356405</ele>
        <time>2025-10-21T17:07:12.000Z</time>
      </trkpt>
      <trkpt lat="47.932199" lon="8.199208">
        <ele>913.139851</ele>
        <time>2025-10-21T17:07:13.000Z</time>
      </trkpt>
      <trkpt lat="47.932182" lon="8.199185">
        <ele>912.858058</ele>
        <time>2025-10-21T17:07:14.000Z</time>
      </trkpt>
      <trkpt lat="47.932164" lon="8.199161">
        <ele>912.561631</ele>
        <time>2025-10-21T17:07:15.000Z</time>
      </trkpt>
      <trkpt lat="47.932149" lon="8.199148">
        <ele>912.348608</ele>
        <time>2025-10-21T17:07:16.000Z</time>
      </trkpt>
      <trkpt lat="47.932132" lon="8.199125">
        <ele>912.066815</ele>
        <time>2025-10-21T17:07:17.000Z</time>
      </trkpt>
      <trkpt lat="47.932117" lon="8.199101">
        <ele>911.796747</ele>
        <time>2025-10-21T17:07:18.000Z</time>
      </trkpt>
      <trkpt lat="47.932103" lon="8.199076">
        <ele>911.528642</ele>
        <time>2025-10-21T17:07:19.000Z</time>
      </trkpt>
      <trkpt lat="47.932092" lon="8.199062">
        <ele>911.351100</ele>
        <time>2025-10-21T17:07:20.000Z</time>
      </trkpt>
      <trkpt lat="47.932077" lon="8.199038">
        <ele>911.081032</ele>
        <time>2025-10-21T17:07:21.000Z</time>
      </trkpt>
      <trkpt lat="47.932062" lon="8.199010">
        <ele>910.786040</ele>
        <time>2025-10-21T17:07:22.000Z</time>
      </trkpt>
      <trkpt lat="47.932048" lon="8.198987">
        <ele>910.530344</ele>
        <time>2025-10-21T17:07:23.000Z</time>
      </trkpt>
      <trkpt lat="47.932033" lon="8.198968">
        <ele>910.288726</ele>
        <time>2025-10-21T17:07:24.000Z</time>
      </trkpt>
      <trkpt lat="47.932018" lon="8.198941">
        <ele>910.000115</ele>
        <time>2025-10-21T17:07:25.000Z</time>
      </trkpt>
      <trkpt lat="47.932004" lon="8.198917">
        <ele>909.738270</ele>
        <time>2025-10-21T17:07:26.000Z</time>
      </trkpt>
      <trkpt lat="47.931982" lon="8.198899">
        <ele>909.430149</ele>
        <time>2025-10-21T17:07:27.000Z</time>
      </trkpt>
      <trkpt lat="47.931964" lon="8.198879">
        <ele>909.154555</ele>
        <time>2025-10-21T17:07:28.000Z</time>
      </trkpt>
      <trkpt lat="47.931939" lon="8.198848">
        <ele>908.755385</ele>
        <time>2025-10-21T17:07:29.000Z</time>
      </trkpt>
      <trkpt lat="47.931926" lon="8.198815">
        <ele>908.440384</ele>
        <time>2025-10-21T17:07:30.000Z</time>
      </trkpt>
      <trkpt lat="47.931911" lon="8.198788">
        <ele>908.151773</ele>
        <time>2025-10-21T17:07:31.000Z</time>
      </trkpt>
      <trkpt lat="47.931895" lon="8.198760">
        <ele>907.848959</ele>
        <time>2025-10-21T17:07:32.000Z</time>
      </trkpt>
      <trkpt lat="47.931880" lon="8.198729">
        <ele>907.534308</ele>
        <time>2025-10-21T17:07:33.000Z</time>
      </trkpt>
      <trkpt lat="47.931870" lon="8.198694">
        <ele>907.221216</ele>
        <time>2025-10-21T17:07:34.000Z</time>
      </trkpt>
      <trkpt lat="47.931861" lon="8.198669">
        <ele>906.987687</ele>
        <time>2025-10-21T17:07:35.000Z</time>
      </trkpt>
      <trkpt lat="47.931849" lon="8.198638">
        <ele>906.693089</ele>
        <time>2025-10-21T17:07:36.000Z</time>
      </trkpt>
      <trkpt lat="47.931834" lon="8.198604">
        <ele>906.358113</ele>
        <time>2025-10-21T17:07:37.000Z</time>
      </trkpt>
      <trkpt lat="47.931826" lon="8.198572">
        <ele>906.077066</ele>
        <time>2025-10-21T17:07:38.000Z</time>
      </trkpt>
      <trkpt lat="47.931812" lon="8.198543">
        <ele>905.782947</ele>
        <time>2025-10-21T17:07:39.000Z</time>
      </trkpt>
      <trkpt lat="47.931801" lon="8.198515">
        <ele>905.515861</ele>
        <time>2025-10-21T17:07:40.000Z</time>
      </trkpt>
      <trkpt lat="47.931793" lon="8.198481">
        <ele>905.219339</ele>
        <time>2025-10-21T17:07:41.000Z</time>
      </trkpt>
      <trkpt lat="47.931784" lon="8.198444">
        <ele>904.895438</ele>
        <time>2025-10-21T17:07:42.000Z</time>
      </trkpt>
      <trkpt lat="47.931776" lon="8.198414">
        <ele>904.629747</ele>
        <time>2025-10-21T17:07:43.000Z</time>
      </trkpt>
      <trkpt lat="47.931764" lon="8.198387">
        <ele>904.363139</ele>
        <time>2025-10-21T17:07:44.000Z</time>
      </trkpt>
      <trkpt lat="47.931752" lon="8.198349">
        <ele>904.017463</ele>
        <time>2025-10-21T17:07:45.000Z</time>
      </trkpt>
      <trkpt lat="47.931745" lon="8.198310">
        <ele>903.685232</ele>
        <time>2025-10-21T17:07:46.000Z</time>
      </trkpt>
      <trkpt lat="47.931736" lon="8.198283">
        <ele>903.437084</ele>
        <time>2025-10-21T17:07:47.000Z</time>
      </trkpt>
      <trkpt lat="47.931723" lon="8.198252">
        <ele>903.136153</ele>
        <time>2025-10-21T17:07:48.000Z</time>
      </trkpt>
      <trkpt lat="47.931715" lon="8.198209">
        <ele>902.768936</ele>
        <time>2025-10-21T17:07:49.000Z</time>
      </trkpt>
      <trkpt lat="47.931700" lon="8.198174">
        <ele>902.427057</ele>
        <time>2025-10-21T17:07:50.000Z</time>
      </trkpt>
      <trkpt lat="47.931681" lon="8.198147">
        <ele>902.104862</ele>
        <time>2025-10-21T17:07:51.000Z</time>
      </trkpt>
      <trkpt lat="47.931663" lon="8.198121">
        <ele>901.797225</ele>
        <time>2025-10-21T17:07:52.000Z</time>
      </trkpt>
      <trkpt lat="47.931648" lon="8.198091">
        <ele>901.489207</ele>
        <time>2025-10-21T17:07:53.000Z</time>
      </trkpt>
      <trkpt lat="47.931634" lon="8.198072">
        <ele>901.256816</ele>
        <time>2025-10-21T17:07:54.000Z</time>
      </trkpt>
      <trkpt lat="47.931624" lon="8.198048">
        <ele>901.024256</ele>
        <time>2025-10-21T17:07:55.000Z</time>
      </trkpt>
      <trkpt lat="47.931615" lon="8.198015">
        <ele>900.731078</ele>
        <time>2025-10-21T17:07:56.000Z</time>
      </trkpt>
      <trkpt lat="47.931607" lon="8.197980">
        <ele>900.426779</ele>
        <time>2025-10-21T17:07:57.000Z</time>
      </trkpt>
      <trkpt lat="47.931597" lon="8.197951">
        <ele>900.158400</ele>
        <time>2025-10-21T17:07:58.000Z</time>
      </trkpt>
      <trkpt lat="47.931584" lon="8.197923">
        <ele>899.878088</ele>
        <time>2025-10-21T17:07:59.000Z</time>
      </trkpt>
      <trkpt lat="47.931568" lon="8.197893">
        <ele>899.562570</ele>
        <time>2025-10-21T17:08:00.000Z</time>
      </trkpt>
      <trkpt lat="47.931557" lon="8.197858">
        <ele>899.244458</ele>
        <time>2025-10-21T17:08:01.000Z</time>
      </trkpt>
      <trkpt lat="47.931552" lon="8.197829">
        <ele>898.998054</ele>
        <time>2025-10-21T17:08:02.000Z</time>
      </trkpt>
      <trkpt lat="47.931542" lon="8.197800">
        <ele>898.729675</ele>
        <time>2025-10-21T17:08:03.000Z</time>
      </trkpt>
      <trkpt lat="47.931529" lon="8.197767">
        <ele>898.414672</ele>
        <time>2025-10-21T17:08:04.000Z</time>
      </trkpt>
      <trkpt lat="47.931522" lon="8.197735">
        <ele>898.137678</ele>
        <time>2025-10-21T17:08:05.000Z</time>
      </trkpt>
      <trkpt lat="47.931514" lon="8.197700">
        <ele>897.833378</ele>
        <time>2025-10-21T17:08:06.000Z</time>
      </trkpt>
      <trkpt lat="47.931503" lon="8.197673">
        <ele>897.573356</ele>
        <time>2025-10-21T17:08:07.000Z</time>
      </trkpt>
      <trkpt lat="47.931492" lon="8.197635">
        <ele>897.232733</ele>
        <time>2025-10-21T17:08:08.000Z</time>
      </trkpt>
      <trkpt lat="47.931482" lon="8.197602">
        <ele>896.934707</ele>
        <time>2025-10-21T17:08:09.000Z</time>
      </trkpt>
      <trkpt lat="47.931474" lon="8.197577">
        <ele>896.706733</ele>
        <time>2025-10-21T17:08:10.000Z</time>
      </trkpt>
      <trkpt lat="47.931464" lon="8.197547">
        <ele>896.431012</ele>
        <time>2025-10-21T17:08:11.000Z</time>
      </trkpt>
      <trkpt lat="47.931456" lon="8.197521">
        <ele>896.195586</ele>
        <time>2025-10-21T17:08:12.000Z</time>
      </trkpt>
      <trkpt lat="47.931462" lon="8.197393">
        <ele>895.139744</ele>
        <time>2025-10-21T17:08:30.000Z</time>
      </trkpt>
      <trkpt lat="47.931450" lon="8.197379">
        <ele>894.952687</ele>
        <time>2025-10-21T17:08:31.000Z</time>
      </trkpt>
      <trkpt lat="47.931443" lon="8.197364">
        <ele>894.802269</ele>
        <time>2025-10-21T17:08:32.000Z</time>
      </trkpt>
      <trkpt lat="47.931427" lon="8.197342">
        <ele>894.535091</ele>
        <time>2025-10-21T17:08:33.000Z</time>
      </trkpt>
      <trkpt lat="47.931406" lon="8.197320">
        <ele>894.219993</ele>
        <time>2025-10-21T17:08:34.000Z</time>
      </trkpt>
      <trkpt lat="47.931387" lon="8.197298">
        <ele>893.924661</ele>
        <time>2025-10-21T17:08:35.000Z</time>
      </trkpt>
      <trkpt lat="47.931367" lon="8.197274">
        <ele>893.609490</ele>
        <time>2025-10-21T17:08:36.000Z</time>
      </trkpt>
      <trkpt lat="47.931345" lon="8.197250">
        <ele>893.274822</ele>
        <time>2025-10-21T17:08:37.000Z</time>
      </trkpt>
      <trkpt lat="47.931325" lon="8.197229">
        <ele>893.090773</ele>
        <time>2025-10-21T17:08:38.000Z</time>
      </trkpt>
      <trkpt lat="47.931304" lon="8.197215">
        <ele>893.051073</ele>
        <time>2025-10-21T17:08:39.000Z</time>
      </trkpt>
      <trkpt lat="47.931284" lon="8.197192">
        <ele>893.007491</ele>
        <time>2025-10-21T17:08:40.000Z</time>
      </trkpt>
      <trkpt lat="47.931261" lon="8.197165">
        <ele>892.956981</ele>
        <time>2025-10-21T17:08:41.000Z</time>
      </trkpt>
      <trkpt lat="47.931243" lon="8.197147">
        <ele>892.919581</ele>
        <time>2025-10-21T17:08:42.000Z</time>
      </trkpt>
      <trkpt lat="47.931222" lon="8.197137">
        <ele>892.881533</ele>
        <time>2025-10-21T17:08:43.000Z</time>
      </trkpt>
      <trkpt lat="47.931196" lon="8.197119">
        <ele>892.832060</ele>
        <time>2025-10-21T17:08:44.000Z</time>
      </trkpt>
      <trkpt lat="47.931175" lon="8.197106">
        <ele>892.792817</ele>
        <time>2025-10-21T17:08:45.000Z</time>
      </trkpt>
      <trkpt lat="47.931159" lon="8.197097">
        <ele>892.763303</ele>
        <time>2025-10-21T17:08:46.000Z</time>
      </trkpt>
      <trkpt lat="47.931136" lon="8.197083">
        <ele>892.720428</ele>
        <time>2025-10-21T17:08:47.000Z</time>
      </trkpt>
      <trkpt lat="47.931113" lon="8.197073">
        <ele>892.679076</ele>
        <time>2025-10-21T17:08:48.000Z</time>
      </trkpt>
      <trkpt lat="47.931083" lon="8.197060">
        <ele>892.625154</ele>
        <time>2025-10-21T17:08:49.000Z</time>
      </trkpt>
      <trkpt lat="47.931062" lon="8.197064">
        <ele>892.588612</ele>
        <time>2025-10-21T17:08:50.000Z</time>
      </trkpt>
      <trkpt lat="47.931034" lon="8.197060">
        <ele>892.540060</ele>
        <time>2025-10-21T17:08:51.000Z</time>
      </trkpt>
      <trkpt lat="47.931008" lon="8.197053">
        <ele>892.494456</ele>
        <time>2025-10-21T17:08:52.000Z</time>
      </trkpt>
      <trkpt lat="47.930986" lon="8.197051">
        <ele>892.456411</ele>
        <time>2025-10-21T17:08:53.000Z</time>
      </trkpt>
      <trkpt lat="47.930969" lon="8.197055">
        <ele>892.426705</ele>
        <time>2025-10-21T17:08:54.000Z</time>
      </trkpt>
      <trkpt lat="47.930938" lon="8.197055">
        <ele>892.373195</ele>
        <time>2025-10-21T17:08:55.000Z</time>
      </trkpt>
      <trkpt lat="47.930913" lon="8.197057">
        <ele>892.329980</ele>
        <time>2025-10-21T17:08:56.000Z</time>
      </trkpt>
      <trkpt lat="47.930897" lon="8.197067">
        <ele>892.300038</ele>
        <time>2025-10-21T17:08:57.000Z</time>
      </trkpt>
      <trkpt lat="47.930872" lon="8.197072">
        <ele>892.256500</ele>
        <time>2025-10-21T17:08:58.000Z</time>
      </trkpt>
      <trkpt lat="47.930848" lon="8.197084">
        <ele>892.212810</ele>
        <time>2025-10-21T17:08:59.000Z</time>
      </trkpt>
      <trkpt lat="47.930826" lon="8.197082">
        <ele>892.174765</ele>
        <time>2025-10-21T17:09:00.000Z</time>
      </trkpt>
      <trkpt lat="47.930809" lon="8.197090">
        <ele>892.143997</ele>
        <time>2025-10-21T17:09:01.000Z</time>
      </trkpt>
      <trkpt lat="47.930781" lon="8.197089">
        <ele>892.095651</ele>
        <time>2025-10-21T17:09:02.000Z</time>
      </trkpt>
      <trkpt lat="47.930755" lon="8.197089">
        <ele>892.050772</ele>
        <time>2025-10-21T17:09:03.000Z</time>
      </trkpt>
      <trkpt lat="47.930738" lon="8.197094">
        <ele>892.020864</ele>
        <time>2025-10-21T17:09:04.000Z</time>
      </trkpt>
      <trkpt lat="47.930716" lon="8.197103">
        <ele>891.981488</ele>
        <time>2025-10-21T17:09:05.000Z</time>
      </trkpt>
      <trkpt lat="47.930700" lon="8.197119">
        <ele>891.948244</ele>
        <time>2025-10-21T17:09:06.000Z</time>
      </trkpt>
      <trkpt lat="47.930675" lon="8.197141">
        <ele>891.898149</ele>
        <time>2025-10-21T17:09:07.000Z</time>
      </trkpt>
      <trkpt lat="47.930655" lon="8.197151">
        <ele>891.861740</ele>
        <time>2025-10-21T17:09:08.000Z</time>
      </trkpt>
      <trkpt lat="47.930635" lon="8.197166">
        <ele>891.823104</ele>
        <time>2025-10-21T17:09:09.000Z</time>
      </trkpt>
      <trkpt lat="47.930610" lon="8.197177">
        <ele>891.778115</ele>
        <time>2025-10-21T17:09:10.000Z</time>
      </trkpt>
      <trkpt lat="47.930595" lon="8.197194">
        <ele>891.745604</ele>
        <time>2025-10-21T17:09:11.000Z</time>
      </trkpt>
      <trkpt lat="47.930573" lon="8.197207">
        <ele>891.704761</ele>
        <time>2025-10-21T17:09:12.000Z</time>
      </trkpt>
      <trkpt lat="47.930551" lon="8.197225">
        <ele>891.661455</ele>
        <time>2025-10-21T17:09:13.000Z</time>
      </trkpt>
      <trkpt lat="47.930533" lon="8.197237">
        <ele>891.627426</ele>
        <time>2025-10-21T17:09:14.000Z</time>
      </trkpt>
      <trkpt lat="47.930520" lon="8.197262">
        <ele>891.590826</ele>
        <time>2025-10-21T17:09:15.000Z</time>
      </trkpt>
      <trkpt lat="47.930496" lon="8.197291">
        <ele>891.537524</ele>
        <time>2025-10-21T17:09:16.000Z</time>
      </trkpt>
      <trkpt lat="47.930477" lon="8.197313">
        <ele>891.496015</ele>
        <time>2025-10-21T17:09:17.000Z</time>
      </trkpt>
      <trkpt lat="47.930452" lon="8.197326">
        <ele>891.450317</ele>
        <time>2025-10-21T17:09:18.000Z</time>
      </trkpt>
      <trkpt lat="47.930431" lon="8.197348">
        <ele>891.406030</ele>
        <time>2025-10-21T17:09:19.000Z</time>
      </trkpt>
      <trkpt lat="47.930415" lon="8.197375">
        <ele>891.364342</ele>
        <time>2025-10-21T17:09:20.000Z</time>
      </trkpt>
      <trkpt lat="47.930401" lon="8.197397">
        <ele>891.329251</ele>
        <time>2025-10-21T17:09:21.000Z</time>
      </trkpt>
      <trkpt lat="47.930380" lon="8.197421">
        <ele>891.283596</ele>
        <time>2025-10-21T17:09:22.000Z</time>
      </trkpt>
      <trkpt lat="47.930364" lon="8.197449">
        <ele>891.241035</ele>
        <time>2025-10-21T17:09:23.000Z</time>
      </trkpt>
      <trkpt lat="47.930352" lon="8.197468">
        <ele>891.210836</ele>
        <time>2025-10-21T17:09:24.000Z</time>
      </trkpt>
      <trkpt lat="47.930335" lon="8.197493">
        <ele>891.169641</ele>
        <time>2025-10-21T17:09:25.000Z</time>
      </trkpt>
      <trkpt lat="47.930323" lon="8.197530">
        <ele>891.122098</ele>
        <time>2025-10-21T17:09:26.000Z</time>
      </trkpt>
      <trkpt lat="47.930313" lon="8.197549">
        <ele>891.094155</ele>
        <time>2025-10-21T17:09:27.000Z</time>
      </trkpt>
      <trkpt lat="47.930304" lon="8.197578">
        <ele>891.057192</ele>
        <time>2025-10-21T17:09:28.000Z</time>
      </trkpt>
      <trkpt lat="47.930282" lon="8.197607">
        <ele>891.006526</ele>
        <time>2025-10-21T17:09:29.000Z</time>
      </trkpt>
      <trkpt lat="47.930267" lon="8.197631">
        <ele>890.968567</ele>
        <time>2025-10-21T17:09:30.000Z</time>
      </trkpt>
      <trkpt lat="47.930253" lon="8.197654">
        <ele>890.932629</ele>
        <time>2025-10-21T17:09:31.000Z</time>
      </trkpt>
      <trkpt lat="47.930233" lon="8.197676">
        <ele>890.889743</ele>
        <time>2025-10-21T17:09:32.000Z</time>
      </trkpt>
      <trkpt lat="47.930218" lon="8.197696">
        <ele>890.855023</ele>
        <time>2025-10-21T17:09:33.000Z</time>
      </trkpt>
      <trkpt lat="47.930203" lon="8.197710">
        <ele>890.824485</ele>
        <time>2025-10-21T17:09:34.000Z</time>
      </trkpt>
      <trkpt lat="47.930177" lon="8.197729">
        <ele>890.774515</ele>
        <time>2025-10-21T17:09:35.000Z</time>
      </trkpt>
      <trkpt lat="47.930159" lon="8.197752">
        <ele>890.733613</ele>
        <time>2025-10-21T17:09:36.000Z</time>
      </trkpt>
      <trkpt lat="47.930145" lon="8.197770">
        <ele>890.701717</ele>
        <time>2025-10-21T17:09:37.000Z</time>
      </trkpt>
      <trkpt lat="47.930120" lon="8.197798">
        <ele>890.647764</ele>
        <time>2025-10-21T17:09:38.000Z</time>
      </trkpt>
      <trkpt lat="47.930103" lon="8.197813">
        <ele>890.613676</ele>
        <time>2025-10-21T17:09:39.000Z</time>
      </trkpt>
      <trkpt lat="47.930081" lon="8.197810">
        <ele>890.575543</ele>
        <time>2025-10-21T17:09:40.000Z</time>
      </trkpt>
      <trkpt lat="47.930057" lon="8.197823">
        <ele>890.531472</ele>
        <time>2025-10-21T17:09:41.000Z</time>
      </trkpt>
      <trkpt lat="47.930035" lon="8.197842">
        <ele>890.487598</ele>
        <time>2025-10-21T17:09:42.000Z</time>
      </trkpt>
      <trkpt lat="47.930018" lon="8.197857">
        <ele>890.453509</ele>
        <time>2025-10-21T17:09:43.000Z</time>
      </trkpt>
      <trkpt lat="47.929998" lon="8.197878">
        <ele>890.411299</ele>
        <time>2025-10-21T17:09:44.000Z</time>
      </trkpt>
      <trkpt lat="47.929970" lon="8.197897">
        <ele>890.358206</ele>
        <time>2025-10-21T17:09:45.000Z</time>
      </trkpt>
      <trkpt lat="47.929948" lon="8.197910">
        <ele>890.317363</ele>
        <time>2025-10-21T17:09:46.000Z</time>
      </trkpt>
      <trkpt lat="47.929928" lon="8.197924">
        <ele>890.279232</ele>
        <time>2025-10-21T17:09:47.000Z</time>
      </trkpt>
      <trkpt lat="47.929902" lon="8.197944">
        <ele>890.228743</ele>
        <time>2025-10-21T17:09:48.000Z</time>
      </trkpt>
      <trkpt lat="47.929881" lon="8.197964">
        <ele>890.185743</ele>
        <time>2025-10-21T17:09:49.000Z</time>
      </trkpt>
      <trkpt lat="47.929862" lon="8.197984">
        <ele>890.145610</ele>
        <time>2025-10-21T17:09:50.000Z</time>
      </trkpt>
      <trkpt lat="47.929835" lon="8.197997">
        <ele>890.096639</ele>
        <time>2025-10-21T17:09:51.000Z</time>
      </trkpt>
      <trkpt lat="47.929817" lon="8.198015">
        <ele>890.059239</ele>
        <time>2025-10-21T17:09:52.000Z</time>
      </trkpt>
      <trkpt lat="47.929805" lon="8.198038">
        <ele>890.025525</ele>
        <time>2025-10-21T17:09:53.000Z</time>
      </trkpt>
      <trkpt lat="47.929782" lon="8.198069">
        <ele>889.942987</ele>
        <time>2025-10-21T17:09:54.000Z</time>
      </trkpt>
      <trkpt lat="47.929762" lon="8.198089">
        <ele>889.864950</ele>
        <time>2025-10-21T17:09:55.000Z</time>
      </trkpt>
      <trkpt lat="47.929749" lon="8.198112">
        <ele>889.799596</ele>
        <time>2025-10-21T17:09:56.000Z</time>
      </trkpt>
      <trkpt lat="47.929731" lon="8.198140">
        <ele>889.715318</ele>
        <time>2025-10-21T17:09:57.000Z</time>
      </trkpt>
      <trkpt lat="47.929712" lon="8.198166">
        <ele>889.631760</ele>
        <time>2025-10-21T17:09:58.000Z</time>
      </trkpt>
      <trkpt lat="47.929701" lon="8.198185">
        <ele>889.577223</ele>
        <time>2025-10-21T17:09:59.000Z</time>
      </trkpt>
      <trkpt lat="47.929682" lon="8.198199">
        <ele>889.508538</ele>
        <time>2025-10-21T17:10:00.000Z</time>
      </trkpt>
      <trkpt lat="47.929658" lon="8.198225">
        <ele>889.412407</ele>
        <time>2025-10-21T17:10:01.000Z</time>
      </trkpt>
      <trkpt lat="47.929641" lon="8.198227">
        <ele>889.357131</ele>
        <time>2025-10-21T17:10:02.000Z</time>
      </trkpt>
      <trkpt lat="47.929621" lon="8.198255">
        <ele>889.268243</ele>
        <time>2025-10-21T17:10:03.000Z</time>
      </trkpt>
      <trkpt lat="47.929599" lon="8.198275">
        <ele>889.184742</ele>
        <time>2025-10-21T17:10:04.000Z</time>
      </trkpt>
      <trkpt lat="47.929581" lon="8.198281">
        <ele>889.124957</ele>
        <time>2025-10-21T17:10:05.000Z</time>
      </trkpt>
      <trkpt lat="47.929563" lon="8.198295">
        <ele>889.059163</ele>
        <time>2025-10-21T17:10:06.000Z</time>
      </trkpt>
      <trkpt lat="47.929536" lon="8.198309">
        <ele>888.966511</ele>
        <time>2025-10-21T17:10:07.000Z</time>
      </trkpt>
      <trkpt lat="47.929513" lon="8.198326">
        <ele>888.883315</ele>
        <time>2025-10-21T17:10:08.000Z</time>
      </trkpt>
      <trkpt lat="47.929496" lon="8.198354">
        <ele>888.801248</ele>
        <time>2025-10-21T17:10:09.000Z</time>
      </trkpt>
      <trkpt lat="47.929467" lon="8.198375">
        <ele>888.696765</ele>
        <time>2025-10-21T17:10:10.000Z</time>
      </trkpt>
      <trkpt lat="47.929447" lon="8.198393">
        <ele>888.621059</ele>
        <time>2025-10-21T17:10:11.000Z</time>
      </trkpt>
      <trkpt lat="47.929429" lon="8.198413">
        <ele>888.548318</ele>
        <time>2025-10-21T17:10:12.000Z</time>
      </trkpt>
      <trkpt lat="47.929406" lon="8.198440">
        <ele>888.453465</ele>
        <time>2025-10-21T17:10:13.000Z</time>
      </trkpt>
      <trkpt lat="47.929390" lon="8.198469">
        <ele>888.371873</ele>
        <time>2025-10-21T17:10:14.000Z</time>
      </trkpt>
      <trkpt lat="47.929374" lon="8.198487">
        <ele>888.306925</ele>
        <time>2025-10-21T17:10:15.000Z</time>
      </trkpt>
      <trkpt lat="47.929363" lon="8.198504">
        <ele>888.255596</ele>
        <time>2025-10-21T17:10:16.000Z</time>
      </trkpt>
      <trkpt lat="47.929344" lon="8.198522">
        <ele>888.182648</ele>
        <time>2025-10-21T17:10:17.000Z</time>
      </trkpt>
      <trkpt lat="47.929325" lon="8.198538">
        <ele>888.111932</ele>
        <time>2025-10-21T17:10:18.000Z</time>
      </trkpt>
      <trkpt lat="47.929311" lon="8.198547">
        <ele>888.062520</ele>
        <time>2025-10-21T17:10:19.000Z</time>
      </trkpt>
      <trkpt lat="47.929289" lon="8.198565">
        <ele>887.981194</ele>
        <time>2025-10-21T17:10:20.000Z</time>
      </trkpt>
      <trkpt lat="47.929269" lon="8.198588">
        <ele>887.899351</ele>
        <time>2025-10-21T17:10:21.000Z</time>
      </trkpt>
      <trkpt lat="47.929245" lon="8.198601">
        <ele>887.816590</ele>
        <time>2025-10-21T17:10:22.000Z</time>
      </trkpt>
      <trkpt lat="47.929220" lon="8.198614">
        <ele>887.730775</ele>
        <time>2025-10-21T17:10:23.000Z</time>
      </trkpt>
      <trkpt lat="47.929182" lon="8.198628">
        <ele>887.603901</ele>
        <time>2025-10-21T17:10:24.000Z</time>
      </trkpt>
      <trkpt lat="47.929161" lon="8.198640">
        <ele>887.531011</ele>
        <time>2025-10-21T17:10:25.000Z</time>
      </trkpt>
      <trkpt lat="47.929141" lon="8.198649">
        <ele>887.463298</ele>
        <time>2025-10-21T17:10:26.000Z</time>
      </trkpt>
      <trkpt lat="47.929118" lon="8.198663">
        <ele>887.382782</ele>
        <time>2025-10-21T17:10:27.000Z</time>
      </trkpt>
      <trkpt lat="47.929095" lon="8.198685">
        <ele>887.294229</ele>
        <time>2025-10-21T17:10:28.000Z</time>
      </trkpt>
      <trkpt lat="47.929072" lon="8.198700">
        <ele>887.212868</ele>
        <time>2025-10-21T17:10:29.000Z</time>
      </trkpt>
      <trkpt lat="47.929056" lon="8.198719">
        <ele>887.146589</ele>
        <time>2025-10-21T17:10:30.000Z</time>
      </trkpt>
      <trkpt lat="47.929031" lon="8.198736">
        <ele>887.057537</ele>
        <time>2025-10-21T17:10:31.000Z</time>
      </trkpt>
      <trkpt lat="47.929005" lon="8.198754">
        <ele>886.964632</ele>
        <time>2025-10-21T17:10:32.000Z</time>
      </trkpt>
      <trkpt lat="47.928986" lon="8.198777">
        <ele>886.885332</ele>
        <time>2025-10-21T17:10:33.000Z</time>
      </trkpt>
      <trkpt lat="47.928967" lon="8.198791">
        <ele>886.816646</ele>
        <time>2025-10-21T17:10:34.000Z</time>
      </trkpt>
      <trkpt lat="47.928935" lon="8.198797">
        <ele>886.712103</ele>
        <time>2025-10-21T17:10:35.000Z</time>
      </trkpt>
      <trkpt lat="47.928911" lon="8.198811">
        <ele>886.628576</ele>
        <time>2025-10-21T17:10:36.000Z</time>
      </trkpt>
      <trkpt lat="47.928888" lon="8.198823">
        <ele>886.549598</ele>
        <time>2025-10-21T17:10:37.000Z</time>
      </trkpt>
      <trkpt lat="47.928865" lon="8.198840">
        <ele>886.466402</ele>
        <time>2025-10-21T17:10:38.000Z</time>
      </trkpt>
      <trkpt lat="47.928840" lon="8.198859">
        <ele>886.375462</ele>
        <time>2025-10-21T17:10:39.000Z</time>
      </trkpt>
      <trkpt lat="47.928815" lon="8.198883">
        <ele>886.279107</ele>
        <time>2025-10-21T17:10:40.000Z</time>
      </trkpt>
      <trkpt lat="47.928794" lon="8.198894">
        <ele>886.206965</ele>
        <time>2025-10-21T17:10:41.000Z</time>
      </trkpt>
      <trkpt lat="47.928769" lon="8.198907">
        <ele>886.121150</ele>
        <time>2025-10-21T17:10:42.000Z</time>
      </trkpt>
      <trkpt lat="47.928747" lon="8.198922">
        <ele>886.042748</ele>
        <time>2025-10-21T17:10:43.000Z</time>
      </trkpt>
      <trkpt lat="47.928726" lon="8.198944">
        <ele>885.959580</ele>
        <time>2025-10-21T17:10:44.000Z</time>
      </trkpt>
      <trkpt lat="47.928705" lon="8.198958">
        <ele>885.885026</ele>
        <time>2025-10-21T17:10:45.000Z</time>
      </trkpt>
      <trkpt lat="47.928684" lon="8.198977">
        <ele>885.805423</ele>
        <time>2025-10-21T17:10:46.000Z</time>
      </trkpt>
      <trkpt lat="47.928657" lon="8.198993">
        <ele>885.711256</ele>
        <time>2025-10-21T17:10:47.000Z</time>
      </trkpt>
      <trkpt lat="47.928637" lon="8.199014">
        <ele>885.631989</ele>
        <time>2025-10-21T17:10:48.000Z</time>
      </trkpt>
      <trkpt lat="47.928617" lon="8.199028">
        <ele>885.560382</ele>
        <time>2025-10-21T17:10:49.000Z</time>
      </trkpt>
      <trkpt lat="47.928599" lon="8.199041">
        <ele>885.495563</ele>
        <time>2025-10-21T17:10:50.000Z</time>
      </trkpt>
      <trkpt lat="47.928573" lon="8.199059">
        <ele>885.402658</ele>
        <time>2025-10-21T17:10:51.000Z</time>
      </trkpt>
      <trkpt lat="47.928552" lon="8.199080">
        <ele>885.320718</ele>
        <time>2025-10-21T17:10:52.000Z</time>
      </trkpt>
      <trkpt lat="47.928534" lon="8.199095">
        <ele>885.253892</ele>
        <time>2025-10-21T17:10:53.000Z</time>
      </trkpt>
      <trkpt lat="47.928516" lon="8.199115">
        <ele>885.181150</ele>
        <time>2025-10-21T17:10:54.000Z</time>
      </trkpt>
      <trkpt lat="47.928490" lon="8.199138">
        <ele>885.083179</ele>
        <time>2025-10-21T17:10:55.000Z</time>
      </trkpt>
      <trkpt lat="47.928468" lon="8.199154">
        <ele>885.003850</ele>
        <time>2025-10-21T17:10:56.000Z</time>
      </trkpt>
      <trkpt lat="47.928455" lon="8.199170">
        <ele>884.949229</ele>
        <time>2025-10-21T17:10:57.000Z</time>
      </trkpt>
      <trkpt lat="47.928437" lon="8.199191">
        <ele>884.875170</ele>
        <time>2025-10-21T17:10:58.000Z</time>
      </trkpt>
      <trkpt lat="47.928410" lon="8.199209">
        <ele>884.779315</ele>
        <time>2025-10-21T17:10:59.000Z</time>
      </trkpt>
      <trkpt lat="47.928387" lon="8.199227">
        <ele>884.695132</ele>
        <time>2025-10-21T17:11:00.000Z</time>
      </trkpt>
      <trkpt lat="47.928375" lon="8.199248">
        <ele>884.635186</ele>
        <time>2025-10-21T17:11:01.000Z</time>
      </trkpt>
      <trkpt lat="47.928350" lon="8.199268">
        <ele>884.543241</ele>
        <time>2025-10-21T17:11:02.000Z</time>
      </trkpt>
      <trkpt lat="47.928326" lon="8.199292">
        <ele>884.449596</ele>
        <time>2025-10-21T17:11:03.000Z</time>
      </trkpt>
      <trkpt lat="47.928304" lon="8.199311">
        <ele>884.367203</ele>
        <time>2025-10-21T17:11:04.000Z</time>
      </trkpt>
      <trkpt lat="47.928290" lon="8.199330">
        <ele>884.305865</ele>
        <time>2025-10-21T17:11:05.000Z</time>
      </trkpt>
      <trkpt lat="47.928269" lon="8.199355">
        <ele>884.218789</ele>
        <time>2025-10-21T17:11:06.000Z</time>
      </trkpt>
      <trkpt lat="47.928245" lon="8.199380">
        <ele>884.250149</ele>
        <time>2025-10-21T17:11:07.000Z</time>
      </trkpt>
      <trkpt lat="47.928224" lon="8.199397">
        <ele>884.364641</ele>
        <time>2025-10-21T17:11:08.000Z</time>
      </trkpt>
      <trkpt lat="47.928205" lon="8.199418">
        <ele>884.477948</ele>
        <time>2025-10-21T17:11:09.000Z</time>
      </trkpt>
      <trkpt lat="47.928181" lon="8.199438">
        <ele>884.609682</ele>
        <time>2025-10-21T17:11:10.000Z</time>
      </trkpt>
      <trkpt lat="47.928158" lon="8.199466">
        <ele>884.751928</ele>
        <time>2025-10-21T17:11:11.000Z</time>
      </trkpt>
      <trkpt lat="47.928140" lon="8.199478">
        <ele>884.846406</ele>
        <time>2025-10-21T17:11:12.000Z</time>
      </trkpt>
      <trkpt lat="47.928119" lon="8.199503">
        <ele>884.975144</ele>
        <time>2025-10-21T17:11:13.000Z</time>
      </trkpt>
      <trkpt lat="47.928093" lon="8.199523">
        <ele>885.115324</ele>
        <time>2025-10-21T17:11:14.000Z</time>
      </trkpt>
      <trkpt lat="47.928068" lon="8.199547">
        <ele>885.257780</ele>
        <time>2025-10-21T17:11:15.000Z</time>
      </trkpt>
      <trkpt lat="47.928052" lon="8.199569">
        <ele>885.362042</ele>
        <time>2025-10-21T17:11:16.000Z</time>
      </trkpt>
      <trkpt lat="47.928030" lon="8.199585">
        <ele>885.479327</ele>
        <time>2025-10-21T17:11:17.000Z</time>
      </trkpt>
      <trkpt lat="47.928004" lon="8.199617">
        <ele>885.640836</ele>
        <time>2025-10-21T17:11:18.000Z</time>
      </trkpt>
      <trkpt lat="47.927988" lon="8.199648">
        <ele>885.766491</ele>
        <time>2025-10-21T17:11:19.000Z</time>
      </trkpt>
      <trkpt lat="47.927974" lon="8.199667">
        <ele>885.857177</ele>
        <time>2025-10-21T17:11:20.000Z</time>
      </trkpt>
      <trkpt lat="47.927957" lon="8.199693">
        <ele>885.973832</ele>
        <time>2025-10-21T17:11:21.000Z</time>
      </trkpt>
      <trkpt lat="47.927937" lon="8.199720">
        <ele>886.103076</ele>
        <time>2025-10-21T17:11:22.000Z</time>
      </trkpt>
      <trkpt lat="47.927915" lon="8.199740">
        <ele>886.226530</ele>
        <time>2025-10-21T17:11:23.000Z</time>
      </trkpt>
      <trkpt lat="47.927898" lon="8.199755">
        <ele>886.321175</ele>
        <time>2025-10-21T17:11:24.000Z</time>
      </trkpt>
      <trkpt lat="47.927869" lon="8.199778">
        <ele>886.478560</ele>
        <time>2025-10-21T17:11:25.000Z</time>
      </trkpt>
      <trkpt lat="47.927847" lon="8.199785">
        <ele>886.586362</ele>
        <time>2025-10-21T17:11:26.000Z</time>
      </trkpt>
      <trkpt lat="47.927827" lon="8.199791">
        <ele>886.684127</ele>
        <time>2025-10-21T17:11:27.000Z</time>
      </trkpt>
      <trkpt lat="47.927804" lon="8.199794">
        <ele>886.794772</ele>
        <time>2025-10-21T17:11:28.000Z</time>
      </trkpt>
      <trkpt lat="47.927781" lon="8.199793">
        <ele>886.905044</ele>
        <time>2025-10-21T17:11:29.000Z</time>
      </trkpt>
      <trkpt lat="47.927765" lon="8.199798">
        <ele>886.983385</ele>
        <time>2025-10-21T17:11:30.000Z</time>
      </trkpt>
      <trkpt lat="47.927746" lon="8.199806">
        <ele>887.077995</ele>
        <time>2025-10-21T17:11:31.000Z</time>
      </trkpt>
      <trkpt lat="47.927723" lon="8.199815">
        <ele>887.191946</ele>
        <time>2025-10-21T17:11:32.000Z</time>
      </trkpt>
      <trkpt lat="47.927702" lon="8.199830">
        <ele>887.303519</ele>
        <time>2025-10-21T17:11:33.000Z</time>
      </trkpt>
      <trkpt lat="47.927681" lon="8.199843">
        <ele>887.412474</ele>
        <time>2025-10-21T17:11:34.000Z</time>
      </trkpt>
      <trkpt lat="47.927656" lon="8.199855">
        <ele>887.538328</ele>
        <time>2025-10-21T17:11:35.000Z</time>
      </trkpt>
      <trkpt lat="47.927639" lon="8.199870">
        <ele>887.632973</ele>
        <time>2025-10-21T17:11:36.000Z</time>
      </trkpt>
      <trkpt lat="47.927624" lon="8.199881">
        <ele>887.713069</ele>
        <time>2025-10-21T17:11:37.000Z</time>
      </trkpt>
      <trkpt lat="47.927598" lon="8.199891">
        <ele>887.841742</ele>
        <time>2025-10-21T17:11:38.000Z</time>
      </trkpt>
      <trkpt lat="47.927576" lon="8.199900">
        <ele>887.951064</ele>
        <time>2025-10-21T17:11:39.000Z</time>
      </trkpt>
      <trkpt lat="47.927561" lon="8.199905">
        <ele>888.024721</ele>
        <time>2025-10-21T17:11:40.000Z</time>
      </trkpt>
      <trkpt lat="47.927540" lon="8.199910">
        <ele>888.126634</ele>
        <time>2025-10-21T17:11:41.000Z</time>
      </trkpt>
      <trkpt lat="47.927522" lon="8.199918">
        <ele>888.216641</ele>
        <time>2025-10-21T17:11:42.000Z</time>
      </trkpt>
      <trkpt lat="47.927507" lon="8.199927">
        <ele>888.294119</ele>
        <time>2025-10-21T17:11:43.000Z</time>
      </trkpt>
      <trkpt lat="47.927486" lon="8.199939">
        <ele>888.401884</ele>
        <time>2025-10-21T17:11:44.000Z</time>
      </trkpt>
      <trkpt lat="47.927467" lon="8.199951">
        <ele>888.500758</ele>
        <time>2025-10-21T17:11:45.000Z</time>
      </trkpt>
      <trkpt lat="47.927453" lon="8.199956">
        <ele>888.569746</ele>
        <time>2025-10-21T17:11:46.000Z</time>
      </trkpt>
      <trkpt lat="47.927433" lon="8.199965">
        <ele>888.669856</ele>
        <time>2025-10-21T17:11:47.000Z</time>
      </trkpt>
      <trkpt lat="47.927406" lon="8.199975">
        <ele>888.803176</ele>
        <time>2025-10-21T17:11:48.000Z</time>
      </trkpt>
      <trkpt lat="47.927383" lon="8.199983">
        <ele>888.916355</ele>
        <time>2025-10-21T17:11:49.000Z</time>
      </trkpt>
      <trkpt lat="47.927374" lon="8.199994">
        <ele>888.972105</ele>
        <time>2025-10-21T17:11:50.000Z</time>
      </trkpt>
      <trkpt lat="47.927348" lon="8.200003">
        <ele>889.100015</ele>
        <time>2025-10-21T17:11:51.000Z</time>
      </trkpt>
      <trkpt lat="47.927325" lon="8.200009">
        <ele>889.211911</ele>
        <time>2025-10-21T17:11:52.000Z</time>
      </trkpt>
      <trkpt lat="47.927318" lon="8.200014">
        <ele>889.249102</ele>
        <time>2025-10-21T17:11:53.000Z</time>
      </trkpt>
      <trkpt lat="47.927293" lon="8.200016">
        <ele>889.369084</ele>
        <time>2025-10-21T17:11:54.000Z</time>
      </trkpt>
      <trkpt lat="47.927278" lon="8.200020">
        <ele>889.442108</ele>
        <time>2025-10-21T17:11:55.000Z</time>
      </trkpt>
      <trkpt lat="47.927273" lon="8.200026">
        <ele>889.472856</ele>
        <time>2025-10-21T17:11:56.000Z</time>
      </trkpt>
      <trkpt lat="47.927246" lon="8.200031">
        <ele>889.603242</ele>
        <time>2025-10-21T17:11:57.000Z</time>
      </trkpt>
      <trkpt lat="47.927228" lon="8.200036">
        <ele>889.690987</ele>
        <time>2025-10-21T17:11:58.000Z</time>
      </trkpt>
      <trkpt lat="47.927220" lon="8.200036">
        <ele>889.729326</ele>
        <time>2025-10-21T17:11:59.000Z</time>
      </trkpt>
      <trkpt lat="47.927195" lon="8.200038">
        <ele>889.849308</ele>
        <time>2025-10-21T17:12:00.000Z</time>
      </trkpt>
      <trkpt lat="47.927171" lon="8.200038">
        <ele>889.964325</ele>
        <time>2025-10-21T17:12:01.000Z</time>
      </trkpt>
      <trkpt lat="47.927155" lon="8.200043">
        <ele>890.042666</ele>
        <time>2025-10-21T17:12:02.000Z</time>
      </trkpt>
      <trkpt lat="47.927129" lon="8.200045">
        <ele>890.167434</ele>
        <time>2025-10-21T17:12:03.000Z</time>
      </trkpt>
      <trkpt lat="47.927111" lon="8.200040">
        <ele>890.255178</ele>
        <time>2025-10-21T17:12:04.000Z</time>
      </trkpt>
      <trkpt lat="47.927092" lon="8.200037">
        <ele>890.346742</ele>
        <time>2025-10-21T17:12:05.000Z</time>
      </trkpt>
      <trkpt lat="47.927072" lon="8.200036">
        <ele>890.442643</ele>
        <time>2025-10-21T17:12:06.000Z</time>
      </trkpt>
      <trkpt lat="47.927053" lon="8.200024">
        <ele>890.541517</ele>
        <time>2025-10-21T17:12:07.000Z</time>
      </trkpt>
      <trkpt lat="47.927032" lon="8.200023">
        <ele>890.642208</ele>
        <time>2025-10-21T17:12:08.000Z</time>
      </trkpt>
      <trkpt lat="47.927014" lon="8.200017">
        <ele>890.730597</ele>
        <time>2025-10-21T17:12:09.000Z</time>
      </trkpt>
      <trkpt lat="47.926990" lon="8.200006">
        <ele>890.850916</ele>
        <time>2025-10-21T17:12:10.000Z</time>
      </trkpt>
      <trkpt lat="47.926972" lon="8.200008">
        <ele>890.937418</ele>
        <time>2025-10-21T17:12:11.000Z</time>
      </trkpt>
      <trkpt lat="47.926955" lon="8.200008">
        <ele>891.018888</ele>
        <time>2025-10-21T17:12:12.000Z</time>
      </trkpt>
      <trkpt lat="47.926932" lon="8.199998">
        <ele>891.133696</ele>
        <time>2025-10-21T17:12:13.000Z</time>
      </trkpt>
      <trkpt lat="47.926909" lon="8.199991">
        <ele>891.246189</ele>
        <time>2025-10-21T17:12:14.000Z</time>
      </trkpt>
      <trkpt lat="47.926894" lon="8.199986">
        <ele>891.319847</ele>
        <time>2025-10-21T17:12:15.000Z</time>
      </trkpt>
      <trkpt lat="47.926867" lon="8.199978">
        <ele>891.451767</ele>
        <time>2025-10-21T17:12:16.000Z</time>
      </trkpt>
      <trkpt lat="47.926847" lon="8.199968">
        <ele>891.552851</ele>
        <time>2025-10-21T17:12:17.000Z</time>
      </trkpt>
      <trkpt lat="47.926828" lon="8.199965">
        <ele>891.644414</ele>
        <time>2025-10-21T17:12:18.000Z</time>
      </trkpt>
      <trkpt lat="47.926809" lon="8.199958">
        <ele>891.738203</ele>
        <time>2025-10-21T17:12:19.000Z</time>
      </trkpt>
      <trkpt lat="47.926790" lon="8.199942">
        <ele>891.842755</ele>
        <time>2025-10-21T17:12:20.000Z</time>
      </trkpt>
      <trkpt lat="47.926775" lon="8.199937">
        <ele>891.916412</ele>
        <time>2025-10-21T17:12:21.000Z</time>
      </trkpt>
      <trkpt lat="47.926755" lon="8.199927">
        <ele>892.017496</ele>
        <time>2025-10-21T17:12:22.000Z</time>
      </trkpt>
      <trkpt lat="47.926733" lon="8.199907">
        <ele>892.140950</ele>
        <time>2025-10-21T17:12:23.000Z</time>
      </trkpt>
      <trkpt lat="47.926719" lon="8.199897">
        <ele>892.215333</ele>
        <time>2025-10-21T17:12:24.000Z</time>
      </trkpt>
      <trkpt lat="47.926703" lon="8.199892">
        <ele>892.293674</ele>
        <time>2025-10-21T17:12:25.000Z</time>
      </trkpt>
      <trkpt lat="47.926684" lon="8.199877">
        <ele>892.396686</ele>
        <time>2025-10-21T17:12:26.000Z</time>
      </trkpt>
      <trkpt lat="47.926666" lon="8.199871">
        <ele>892.485074</ele>
        <time>2025-10-21T17:12:27.000Z</time>
      </trkpt>
      <trkpt lat="47.926648" lon="8.199864">
        <ele>892.574218</ele>
        <time>2025-10-21T17:12:28.000Z</time>
      </trkpt>
      <trkpt lat="47.926628" lon="8.199836">
        <ele>892.705640</ele>
        <time>2025-10-21T17:12:29.000Z</time>
      </trkpt>
      <trkpt lat="47.926614" lon="8.199818">
        <ele>892.794199</ele>
        <time>2025-10-21T17:12:30.000Z</time>
      </trkpt>
      <trkpt lat="47.926597" lon="8.199803">
        <ele>892.939423</ele>
        <time>2025-10-21T17:12:31.000Z</time>
      </trkpt>
      <trkpt lat="47.926579" lon="8.199780">
        <ele>893.113960</ele>
        <time>2025-10-21T17:12:32.000Z</time>
      </trkpt>
      <trkpt lat="47.926567" lon="8.199768">
        <ele>893.220354</ele>
        <time>2025-10-21T17:12:33.000Z</time>
      </trkpt>
      <trkpt lat="47.926557" lon="8.199751">
        <ele>893.332000</ele>
        <time>2025-10-21T17:12:34.000Z</time>
      </trkpt>
      <trkpt lat="47.926541" lon="8.199719">
        <ele>893.529057</ele>
        <time>2025-10-21T17:12:35.000Z</time>
      </trkpt>
      <trkpt lat="47.926532" lon="8.199698">
        <ele>893.652088</ele>
        <time>2025-10-21T17:12:36.000Z</time>
      </trkpt>
      <trkpt lat="47.926516" lon="8.199679">
        <ele>893.802692</ele>
        <time>2025-10-21T17:12:37.000Z</time>
      </trkpt>
      <trkpt lat="47.926498" lon="8.199653">
        <ele>893.987202</ele>
        <time>2025-10-21T17:12:38.000Z</time>
      </trkpt>
      <trkpt lat="47.926486" lon="8.199634">
        <ele>894.116065</ele>
        <time>2025-10-21T17:12:39.000Z</time>
      </trkpt>
      <trkpt lat="47.926476" lon="8.199624">
        <ele>894.204726</ele>
        <time>2025-10-21T17:12:40.000Z</time>
      </trkpt>
      <trkpt lat="47.926469" lon="8.199605">
        <ele>894.311740</ele>
        <time>2025-10-21T17:12:41.000Z</time>
      </trkpt>
      <trkpt lat="47.926456" lon="8.199588">
        <ele>894.439051</ele>
        <time>2025-10-21T17:12:42.000Z</time>
      </trkpt>
      <trkpt lat="47.926445" lon="8.199573">
        <ele>894.548801</ele>
        <time>2025-10-21T17:12:43.000Z</time>
      </trkpt>
      <trkpt lat="47.926426" lon="8.199544">
        <ele>894.748976</ele>
        <time>2025-10-21T17:12:44.000Z</time>
      </trkpt>
      <trkpt lat="47.926412" lon="8.199524">
        <ele>894.891723</ele>
        <time>2025-10-21T17:12:45.000Z</time>
      </trkpt>
      <trkpt lat="47.926400" lon="8.199511">
        <ele>895.000942</ele>
        <time>2025-10-21T17:12:46.000Z</time>
      </trkpt>
      <trkpt lat="47.926381" lon="8.199481">
        <ele>895.204676</ele>
        <time>2025-10-21T17:12:47.000Z</time>
      </trkpt>
      <trkpt lat="47.926370" lon="8.199455">
        <ele>895.356436</ele>
        <time>2025-10-21T17:12:48.000Z</time>
      </trkpt>
      <trkpt lat="47.926357" lon="8.199446">
        <ele>895.461989</ele>
        <time>2025-10-21T17:12:49.000Z</time>
      </trkpt>
      <trkpt lat="47.926341" lon="8.199426">
        <ele>895.615715</ele>
        <time>2025-10-21T17:12:50.000Z</time>
      </trkpt>
      <trkpt lat="47.926333" lon="8.199396">
        <ele>895.775074</ele>
        <time>2025-10-21T17:12:51.000Z</time>
      </trkpt>
      <trkpt lat="47.926319" lon="8.199382">
        <ele>895.899200</ele>
        <time>2025-10-21T17:12:52.000Z</time>
      </trkpt>
      <trkpt lat="47.926307" lon="8.199364">
        <ele>896.024518</ele>
        <time>2025-10-21T17:12:53.000Z</time>
      </trkpt>
      <trkpt lat="47.926297" lon="8.199330">
        <ele>896.207778</ele>
        <time>2025-10-21T17:12:54.000Z</time>
      </trkpt>
      <trkpt lat="47.926284" lon="8.199305">
        <ele>896.363959</ele>
        <time>2025-10-21T17:12:55.000Z</time>
      </trkpt>
      <trkpt lat="47.926275" lon="8.199284">
        <ele>896.486991</ele>
        <time>2025-10-21T17:12:56.000Z</time>
      </trkpt>
      <trkpt lat="47.926260" lon="8.199252">
        <ele>896.679734</ele>
        <time>2025-10-21T17:12:57.000Z</time>
      </trkpt>
      <trkpt lat="47.926252" lon="8.199226">
        <ele>896.820939</ele>
        <time>2025-10-21T17:12:58.000Z</time>
      </trkpt>
      <trkpt lat="47.926239" lon="8.199201">
        <ele>896.977121</ele>
        <time>2025-10-21T17:12:59.000Z</time>
      </trkpt>
      <trkpt lat="47.926224" lon="8.199170">
        <ele>897.165842</ele>
        <time>2025-10-21T17:13:00.000Z</time>
      </trkpt>
      <trkpt lat="47.926218" lon="8.199142">
        <ele>897.310931</ele>
        <time>2025-10-21T17:13:01.000Z</time>
      </trkpt>
      <trkpt lat="47.926209" lon="8.199125">
        <ele>897.417861</ele>
        <time>2025-10-21T17:13:02.000Z</time>
      </trkpt>
      <trkpt lat="47.926196" lon="8.199096">
        <ele>897.590066</ele>
        <time>2025-10-21T17:13:03.000Z</time>
      </trkpt>
      <trkpt lat="47.926190" lon="8.199061">
        <ele>897.768372</ele>
        <time>2025-10-21T17:13:04.000Z</time>
      </trkpt>
      <trkpt lat="47.926180" lon="8.199040">
        <ele>897.895523</ele>
        <time>2025-10-21T17:13:05.000Z</time>
      </trkpt>
      <trkpt lat="47.926174" lon="8.199007">
        <ele>898.064284</ele>
        <time>2025-10-21T17:13:06.000Z</time>
      </trkpt>
      <trkpt lat="47.926176" lon="8.198971">
        <ele>898.242573</ele>
        <time>2025-10-21T17:13:07.000Z</time>
      </trkpt>
      <trkpt lat="47.926172" lon="8.198946">
        <ele>898.369429</ele>
        <time>2025-10-21T17:13:08.000Z</time>
      </trkpt>
      <trkpt lat="47.926172" lon="8.198912">
        <ele>898.537237</ele>
        <time>2025-10-21T17:13:09.000Z</time>
      </trkpt>
      <trkpt lat="47.926173" lon="8.198870">
        <ele>898.744659</ele>
        <time>2025-10-21T17:13:10.000Z</time>
      </trkpt>
      <trkpt lat="47.926169" lon="8.198835">
        <ele>898.919896</ele>
        <time>2025-10-21T17:13:11.000Z</time>
      </trkpt>
      <trkpt lat="47.926162" lon="8.198805">
        <ele>899.076682</ele>
        <time>2025-10-21T17:13:12.000Z</time>
      </trkpt>
      <trkpt lat="47.926158" lon="8.198772">
        <ele>899.242197</ele>
        <time>2025-10-21T17:13:13.000Z</time>
      </trkpt>
      <trkpt lat="47.926155" lon="8.198750">
        <ele>899.353004</ele>
        <time>2025-10-21T17:13:14.000Z</time>
      </trkpt>
      <trkpt lat="47.926147" lon="8.198724">
        <ele>899.494209</ele>
        <time>2025-10-21T17:13:15.000Z</time>
      </trkpt>
      <trkpt lat="47.926144" lon="8.198687">
        <ele>899.678155</ele>
        <time>2025-10-21T17:13:16.000Z</time>
      </trkpt>
      <trkpt lat="47.926144" lon="8.198659">
        <ele>899.816350</ele>
        <time>2025-10-21T17:13:17.000Z</time>
      </trkpt>
      <trkpt lat="47.926138" lon="8.198634">
        <ele>899.947413</ele>
        <time>2025-10-21T17:13:18.000Z</time>
      </trkpt>
      <trkpt lat="47.926139" lon="8.198597">
        <ele>900.130176</ele>
        <time>2025-10-21T17:13:19.000Z</time>
      </trkpt>
      <trkpt lat="47.926136" lon="8.198569">
        <ele>900.270126</ele>
        <time>2025-10-21T17:13:20.000Z</time>
      </trkpt>
      <trkpt lat="47.926132" lon="8.198541">
        <ele>900.411426</ele>
        <time>2025-10-21T17:13:21.000Z</time>
      </trkpt>
      <trkpt lat="47.926130" lon="8.198499">
        <ele>900.619240</ele>
        <time>2025-10-21T17:13:22.000Z</time>
      </trkpt>
      <trkpt lat="47.926127" lon="8.198471">
        <ele>900.759190</ele>
        <time>2025-10-21T17:13:23.000Z</time>
      </trkpt>
      <trkpt lat="47.926121" lon="8.198442">
        <ele>900.908988</ele>
        <time>2025-10-21T17:13:24.000Z</time>
      </trkpt>
      <trkpt lat="47.926118" lon="8.198399">
        <ele>901.122362</ele>
        <time>2025-10-21T17:13:25.000Z</time>
      </trkpt>
      <trkpt lat="47.926115" lon="8.198372">
        <ele>901.257441</ele>
        <time>2025-10-21T17:13:26.000Z</time>
      </trkpt>
      <trkpt lat="47.926111" lon="8.198346">
        <ele>901.389103</ele>
        <time>2025-10-21T17:13:27.000Z</time>
      </trkpt>
      <trkpt lat="47.926112" lon="8.198308">
        <ele>901.576797</ele>
        <time>2025-10-21T17:13:28.000Z</time>
      </trkpt>
      <trkpt lat="47.926109" lon="8.198275">
        <ele>901.741161</ele>
        <time>2025-10-21T17:13:29.000Z</time>
      </trkpt>
      <trkpt lat="47.926099" lon="8.198254">
        <ele>901.868313</ele>
        <time>2025-10-21T17:13:30.000Z</time>
      </trkpt>
      <trkpt lat="47.926098" lon="8.198218">
        <ele>902.046144</ele>
        <time>2025-10-21T17:13:31.000Z</time>
      </trkpt>
      <trkpt lat="47.926096" lon="8.198188">
        <ele>902.194941</ele>
        <time>2025-10-21T17:13:32.000Z</time>
      </trkpt>
      <trkpt lat="47.926090" lon="8.198165">
        <ele>902.316757</ele>
        <time>2025-10-21T17:13:33.000Z</time>
      </trkpt>
      <trkpt lat="47.926085" lon="8.198134">
        <ele>902.474128</ele>
        <time>2025-10-21T17:13:34.000Z</time>
      </trkpt>
      <trkpt lat="47.926079" lon="8.198099">
        <ele>902.652435</ele>
        <time>2025-10-21T17:13:35.000Z</time>
      </trkpt>
      <trkpt lat="47.926071" lon="8.198077">
        <ele>902.775974</ele>
        <time>2025-10-21T17:13:36.000Z</time>
      </trkpt>
      <trkpt lat="47.926064" lon="8.198044">
        <ele>902.946812</ele>
        <time>2025-10-21T17:13:37.000Z</time>
      </trkpt>
      <trkpt lat="47.926056" lon="8.198012">
        <ele>903.115383</ele>
        <time>2025-10-21T17:13:38.000Z</time>
      </trkpt>
      <trkpt lat="47.926051" lon="8.197980">
        <ele>903.277556</ele>
        <time>2025-10-21T17:13:39.000Z</time>
      </trkpt>
      <trkpt lat="47.926043" lon="8.197944">
        <ele>903.464751</ele>
        <time>2025-10-21T17:13:40.000Z</time>
      </trkpt>
      <trkpt lat="47.926036" lon="8.197909">
        <ele>903.645025</ele>
        <time>2025-10-21T17:13:41.000Z</time>
      </trkpt>
      <trkpt lat="47.926027" lon="8.197882">
        <ele>903.793861</ele>
        <time>2025-10-21T17:13:42.000Z</time>
      </trkpt>
      <trkpt lat="47.926017" lon="8.197853">
        <ele>903.954831</ele>
        <time>2025-10-21T17:13:43.000Z</time>
      </trkpt>
      <trkpt lat="47.926006" lon="8.197820">
        <ele>904.136742</ele>
        <time>2025-10-21T17:13:44.000Z</time>
      </trkpt>
      <trkpt lat="47.925998" lon="8.197786">
        <ele>904.314595</ele>
        <time>2025-10-21T17:13:45.000Z</time>
      </trkpt>
      <trkpt lat="47.925989" lon="8.197762">
        <ele>904.450335</ele>
        <time>2025-10-21T17:13:46.000Z</time>
      </trkpt>
      <trkpt lat="47.925981" lon="8.197727">
        <ele>904.632852</ele>
        <time>2025-10-21T17:13:47.000Z</time>
      </trkpt>
      <trkpt lat="47.925975" lon="8.197695">
        <ele>904.796855</ele>
        <time>2025-10-21T17:13:48.000Z</time>
      </trkpt>
      <trkpt lat="47.925966" lon="8.197670">
        <ele>904.936923</ele>
        <time>2025-10-21T17:13:49.000Z</time>
      </trkpt>
      <trkpt lat="47.925953" lon="8.197640">
        <ele>905.113252</ele>
        <time>2025-10-21T17:13:50.000Z</time>
      </trkpt>
      <trkpt lat="47.925947" lon="8.197604">
        <ele>905.296344</ele>
        <time>2025-10-21T17:13:51.000Z</time>
      </trkpt>
      <trkpt lat="47.925936" lon="8.197581">
        <ele>905.435809</ele>
        <time>2025-10-21T17:13:52.000Z</time>
      </trkpt>
      <trkpt lat="47.925925" lon="8.197553">
        <ele>905.596003</ele>
        <time>2025-10-21T17:13:53.000Z</time>
      </trkpt>
      <trkpt lat="47.925913" lon="8.197518">
        <ele>905.790046</ele>
        <time>2025-10-21T17:13:54.000Z</time>
      </trkpt>
      <trkpt lat="47.925903" lon="8.197493">
        <ele>905.933746</ele>
        <time>2025-10-21T17:13:55.000Z</time>
      </trkpt>
      <trkpt lat="47.925889" lon="8.197468">
        <ele>906.054587</ele>
        <time>2025-10-21T17:13:56.000Z</time>
      </trkpt>
      <trkpt lat="47.925877" lon="8.197435">
        <ele>906.097604</ele>
        <time>2025-10-21T17:13:57.000Z</time>
      </trkpt>
      <trkpt lat="47.925867" lon="8.197411">
        <ele>906.129984</ele>
        <time>2025-10-21T17:13:58.000Z</time>
      </trkpt>
      <trkpt lat="47.925856" lon="8.197383">
        <ele>906.167171</ele>
        <time>2025-10-21T17:13:59.000Z</time>
      </trkpt>
      <trkpt lat="47.925841" lon="8.197346">
        <ele>906.216717</ele>
        <time>2025-10-21T17:14:00.000Z</time>
      </trkpt>
      <trkpt lat="47.925829" lon="8.197325">
        <ele>906.248338</ele>
        <time>2025-10-21T17:14:01.000Z</time>
      </trkpt>
      <trkpt lat="47.925812" lon="8.197304">
        <ele>906.286070</ele>
        <time>2025-10-21T17:14:02.000Z</time>
      </trkpt>
      <trkpt lat="47.925792" lon="8.197275">
        <ele>906.333750</ele>
        <time>2025-10-21T17:14:03.000Z</time>
      </trkpt>
      <trkpt lat="47.925775" lon="8.197256">
        <ele>906.370065</ele>
        <time>2025-10-21T17:14:04.000Z</time>
      </trkpt>
      <trkpt lat="47.925755" lon="8.197242">
        <ele>906.407836</ele>
        <time>2025-10-21T17:14:05.000Z</time>
      </trkpt>
      <trkpt lat="47.925738" lon="8.197211">
        <ele>906.453731</ele>
        <time>2025-10-21T17:14:06.000Z</time>
      </trkpt>
      <trkpt lat="47.925722" lon="8.197190">
        <ele>906.490163</ele>
        <time>2025-10-21T17:14:07.000Z</time>
      </trkpt>
      <trkpt lat="47.925704" lon="8.197173">
        <ele>906.526585</ele>
        <time>2025-10-21T17:14:08.000Z</time>
      </trkpt>
      <trkpt lat="47.925684" lon="8.197143">
        <ele>906.575070</ele>
        <time>2025-10-21T17:14:09.000Z</time>
      </trkpt>
      <trkpt lat="47.925671" lon="8.197112">
        <ele>906.616969</ele>
        <time>2025-10-21T17:14:10.000Z</time>
      </trkpt>
      <trkpt lat="47.925653" lon="8.197093">
        <ele>906.654666</ele>
        <time>2025-10-21T17:14:11.000Z</time>
      </trkpt>
      <trkpt lat="47.925635" lon="8.197067">
        <ele>906.697498</ele>
        <time>2025-10-21T17:14:12.000Z</time>
      </trkpt>
      <trkpt lat="47.925622" lon="8.197037">
        <ele>906.738431</ele>
        <time>2025-10-21T17:14:13.000Z</time>
      </trkpt>
      <trkpt lat="47.925605" lon="8.197024">
        <ele>906.771091</ele>
        <time>2025-10-21T17:14:14.000Z</time>
      </trkpt>
      <trkpt lat="47.925587" lon="8.197002">
        <ele>906.810873</ele>
        <time>2025-10-21T17:14:15.000Z</time>
      </trkpt>
      <trkpt lat="47.925576" lon="8.196972">
        <ele>906.850054</ele>
        <time>2025-10-21T17:14:16.000Z</time>
      </trkpt>
      <trkpt lat="47.925562" lon="8.196952">
        <ele>906.883191</ele>
        <time>2025-10-21T17:14:17.000Z</time>
      </trkpt>
      <trkpt lat="47.925547" lon="8.196926">
        <ele>906.922499</ele>
        <time>2025-10-21T17:14:18.000Z</time>
      </trkpt>
      <trkpt lat="47.925544" lon="8.196886">
        <ele>906.968615</ele>
        <time>2025-10-21T17:14:19.000Z</time>
      </trkpt>
      <trkpt lat="47.925536" lon="8.196850">
        <ele>907.012070</ele>
        <time>2025-10-21T17:14:20.000Z</time>
      </trkpt>
      <trkpt lat="47.925524" lon="8.196821">
        <ele>907.051121</ele>
        <time>2025-10-21T17:14:21.000Z</time>
      </trkpt>
      <trkpt lat="47.925516" lon="8.196781">
        <ele>907.098948</ele>
        <time>2025-10-21T17:14:22.000Z</time>
      </trkpt>
      <trkpt lat="47.925508" lon="8.196755">
        <ele>907.131727</ele>
        <time>2025-10-21T17:14:23.000Z</time>
      </trkpt>
      <trkpt lat="47.925502" lon="8.196729">
        <ele>907.163233</ele>
        <time>2025-10-21T17:14:24.000Z</time>
      </trkpt>
      <trkpt lat="47.925495" lon="8.196689">
        <ele>907.210599</ele>
        <time>2025-10-21T17:14:25.000Z</time>
      </trkpt>
      <trkpt lat="47.925489" lon="8.196654">
        <ele>907.251991</ele>
        <time>2025-10-21T17:14:26.000Z</time>
      </trkpt>
      <trkpt lat="47.925481" lon="8.196626">
        <ele>907.286866</ele>
        <time>2025-10-21T17:14:27.000Z</time>
      </trkpt>
      <trkpt lat="47.925477" lon="8.196591">
        <ele>907.327546</ele>
        <time>2025-10-21T17:14:28.000Z</time>
      </trkpt>
      <trkpt lat="47.925473" lon="8.196555">
        <ele>907.369356</ele>
        <time>2025-10-21T17:14:29.000Z</time>
      </trkpt>
      <trkpt lat="47.925466" lon="8.196532">
        <ele>907.398298</ele>
        <time>2025-10-21T17:14:30.000Z</time>
      </trkpt>
      <trkpt lat="47.925465" lon="8.196497">
        <ele>907.438435</ele>
        <time>2025-10-21T17:14:31.000Z</time>
      </trkpt>
      <trkpt lat="47.925470" lon="8.196455">
        <ele>907.487309</ele>
        <time>2025-10-21T17:14:32.000Z</time>
      </trkpt>
      <trkpt lat="47.925468" lon="8.196431">
        <ele>907.515019</ele>
        <time>2025-10-21T17:14:33.000Z</time>
      </trkpt>
      <trkpt lat="47.925463" lon="8.196400">
        <ele>907.551551</ele>
        <time>2025-10-21T17:14:34.000Z</time>
      </trkpt>
      <trkpt lat="47.925470" lon="8.196355">
        <ele>907.604480</ele>
        <time>2025-10-21T17:14:35.000Z</time>
      </trkpt>
      <trkpt lat="47.925466" lon="8.196322">
        <ele>907.642903</ele>
        <time>2025-10-21T17:14:36.000Z</time>
      </trkpt>
      <trkpt lat="47.925463" lon="8.196291">
        <ele>907.678789</ele>
        <time>2025-10-21T17:14:37.000Z</time>
      </trkpt>
      <trkpt lat="47.925464" lon="8.196247">
        <ele>907.729230</ele>
        <time>2025-10-21T17:14:38.000Z</time>
      </trkpt>
      <trkpt lat="47.925464" lon="8.196215">
        <ele>907.765893</ele>
        <time>2025-10-21T17:14:39.000Z</time>
      </trkpt>
      <trkpt lat="47.925461" lon="8.196188">
        <ele>907.797251</ele>
        <time>2025-10-21T17:14:40.000Z</time>
      </trkpt>
      <trkpt lat="47.925460" lon="8.196147">
        <ele>907.844257</ele>
        <time>2025-10-21T17:14:41.000Z</time>
      </trkpt>
      <trkpt lat="47.925459" lon="8.196113">
        <ele>907.883249</ele>
        <time>2025-10-21T17:14:42.000Z</time>
      </trkpt>
      <trkpt lat="47.925457" lon="8.196087">
        <ele>907.913234</ele>
        <time>2025-10-21T17:14:43.000Z</time>
      </trkpt>
      <trkpt lat="47.925457" lon="8.196051">
        <ele>907.954480</ele>
        <time>2025-10-21T17:14:44.000Z</time>
      </trkpt>
      <trkpt lat="47.925463" lon="8.196019">
        <ele>907.992552</ele>
        <time>2025-10-21T17:14:45.000Z</time>
      </trkpt>
      <trkpt lat="47.925460" lon="8.196000">
        <ele>908.014917</ele>
        <time>2025-10-21T17:14:46.000Z</time>
      </trkpt>
      <trkpt lat="47.925459" lon="8.195965">
        <ele>908.055054</ele>
        <time>2025-10-21T17:14:47.000Z</time>
      </trkpt>
      <trkpt lat="47.925464" lon="8.195928">
        <ele>908.098300</ele>
        <time>2025-10-21T17:14:48.000Z</time>
      </trkpt>
      <trkpt lat="47.925461" lon="8.195900">
        <ele>908.130788</ele>
        <time>2025-10-21T17:14:49.000Z</time>
      </trkpt>
      <trkpt lat="47.925461" lon="8.195867">
        <ele>908.168597</ele>
        <time>2025-10-21T17:14:50.000Z</time>
      </trkpt>
      <trkpt lat="47.925469" lon="8.195829">
        <ele>908.214233</ele>
        <time>2025-10-21T17:14:51.000Z</time>
      </trkpt>
      <trkpt lat="47.925467" lon="8.195800">
        <ele>908.247635</ele>
        <time>2025-10-21T17:14:52.000Z</time>
      </trkpt>
      <trkpt lat="47.925463" lon="8.195772">
        <ele>908.280436</ele>
        <time>2025-10-21T17:14:53.000Z</time>
      </trkpt>
      <trkpt lat="47.925464" lon="8.195731">
        <ele>908.327442</ele>
        <time>2025-10-21T17:14:54.000Z</time>
      </trkpt>
      <trkpt lat="47.925461" lon="8.195699">
        <ele>908.364463</ele>
        <time>2025-10-21T17:14:55.000Z</time>
      </trkpt>
      <trkpt lat="47.925455" lon="8.195667">
        <ele>908.402534</ele>
        <time>2025-10-21T17:14:56.000Z</time>
      </trkpt>
      <trkpt lat="47.925452" lon="8.195626">
        <ele>908.449789</ele>
        <time>2025-10-21T17:14:57.000Z</time>
      </trkpt>
      <trkpt lat="47.925454" lon="8.195590">
        <ele>908.491177</ele>
        <time>2025-10-21T17:14:58.000Z</time>
      </trkpt>
      <trkpt lat="47.925450" lon="8.195561">
        <ele>908.525099</ele>
        <time>2025-10-21T17:14:59.000Z</time>
      </trkpt>
      <trkpt lat="47.925445" lon="8.195530">
        <ele>908.561632</ele>
        <time>2025-10-21T17:15:00.000Z</time>
      </trkpt>
      <trkpt lat="47.925443" lon="8.195492">
        <ele>908.605304</ele>
        <time>2025-10-21T17:15:01.000Z</time>
      </trkpt>
      <trkpt lat="47.925438" lon="8.195469">
        <ele>908.633007</ele>
        <time>2025-10-21T17:15:02.000Z</time>
      </trkpt>
      <trkpt lat="47.925434" lon="8.195442">
        <ele>908.664689</ele>
        <time>2025-10-21T17:15:03.000Z</time>
      </trkpt>
      <trkpt lat="47.925427" lon="8.195406">
        <ele>908.707637</ele>
        <time>2025-10-21T17:15:04.000Z</time>
      </trkpt>
      <trkpt lat="47.925420" lon="8.195373">
        <ele>908.747295</ele>
        <time>2025-10-21T17:15:05.000Z</time>
      </trkpt>
      <trkpt lat="47.925415" lon="8.195346">
        <ele>908.779390</ele>
        <time>2025-10-21T17:15:06.000Z</time>
      </trkpt>
      <trkpt lat="47.925409" lon="8.195309">
        <ele>908.823006</ele>
        <time>2025-10-21T17:15:07.000Z</time>
      </trkpt>
      <trkpt lat="47.925407" lon="8.195277">
        <ele>908.859828</ele>
        <time>2025-10-21T17:15:08.000Z</time>
      </trkpt>
      <trkpt lat="47.925403" lon="8.195252">
        <ele>908.889277</ele>
        <time>2025-10-21T17:15:09.000Z</time>
      </trkpt>
      <trkpt lat="47.925397" lon="8.195219">
        <ele>908.928453</ele>
        <time>2025-10-21T17:15:10.000Z</time>
      </trkpt>
      <trkpt lat="47.925399" lon="8.195180">
        <ele>908.973267</ele>
        <time>2025-10-21T17:15:11.000Z</time>
      </trkpt>
      <trkpt lat="47.925403" lon="8.195146">
        <ele>909.012818</ele>
        <time>2025-10-21T17:15:12.000Z</time>
      </trkpt>
      <trkpt lat="47.925405" lon="8.195121">
        <ele>909.041665</ele>
        <time>2025-10-21T17:15:13.000Z</time>
      </trkpt>
      <trkpt lat="47.925417" lon="8.195082">
        <ele>909.090834</ele>
        <time>2025-10-21T17:15:14.000Z</time>
      </trkpt>
      <trkpt lat="47.925426" lon="8.195058">
        <ele>909.115513</ele>
        <time>2025-10-21T17:15:15.000Z</time>
      </trkpt>
      <trkpt lat="47.925430" lon="8.195033">
        <ele>909.100407</ele>
        <time>2025-10-21T17:15:16.000Z</time>
      </trkpt>
      <trkpt lat="47.925446" lon="8.195002">
        <ele>909.077409</ele>
        <time>2025-10-21T17:15:17.000Z</time>
      </trkpt>
      <trkpt lat="47.925459" lon="8.194980">
        <ele>909.060170</ele>
        <time>2025-10-21T17:15:18.000Z</time>
      </trkpt>
      <trkpt lat="47.925470" lon="8.194960">
        <ele>909.044963</ele>
        <time>2025-10-21T17:15:19.000Z</time>
      </trkpt>
      <trkpt lat="47.925489" lon="8.194926">
        <ele>909.018943</ele>
        <time>2025-10-21T17:15:20.000Z</time>
      </trkpt>
      <trkpt lat="47.925511" lon="8.194898">
        <ele>908.993582</ele>
        <time>2025-10-21T17:15:21.000Z</time>
      </trkpt>
      <trkpt lat="47.925523" lon="8.194879">
        <ele>908.978237</ele>
        <time>2025-10-21T17:15:22.000Z</time>
      </trkpt>
      <trkpt lat="47.925538" lon="8.194856">
        <ele>908.959374</ele>
        <time>2025-10-21T17:15:23.000Z</time>
      </trkpt>
      <trkpt lat="47.925564" lon="8.194830">
        <ele>908.931923</ele>
        <time>2025-10-21T17:15:24.000Z</time>
      </trkpt>
      <trkpt lat="47.925582" lon="8.194810">
        <ele>908.912240</ele>
        <time>2025-10-21T17:15:25.000Z</time>
      </trkpt>
      <trkpt lat="47.925595" lon="8.194788">
        <ele>908.895001</ele>
        <time>2025-10-21T17:15:26.000Z</time>
      </trkpt>
      <trkpt lat="47.925614" lon="8.194760">
        <ele>908.871581</ele>
        <time>2025-10-21T17:15:27.000Z</time>
      </trkpt>
      <trkpt lat="47.925627" lon="8.194740">
        <ele>908.855204</ele>
        <time>2025-10-21T17:15:28.000Z</time>
      </trkpt>
      <trkpt lat="47.925640" lon="8.194714">
        <ele>908.836138</ele>
        <time>2025-10-21T17:15:29.000Z</time>
      </trkpt>
      <trkpt lat="47.925661" lon="8.194687">
        <ele>908.811826</ele>
        <time>2025-10-21T17:15:30.000Z</time>
      </trkpt>
      <trkpt lat="47.925680" lon="8.194664">
        <ele>908.790369</ele>
        <time>2025-10-21T17:15:31.000Z</time>
      </trkpt>
      <trkpt lat="47.925693" lon="8.194650">
        <ele>908.776308</ele>
        <time>2025-10-21T17:15:32.000Z</time>
      </trkpt>
      <trkpt lat="47.925713" lon="8.194622">
        <ele>908.752255</ele>
        <time>2025-10-21T17:15:33.000Z</time>
      </trkpt>
      <trkpt lat="47.925735" lon="8.194600">
        <ele>908.729028</ele>
        <time>2025-10-21T17:15:34.000Z</time>
      </trkpt>
      <trkpt lat="47.925750" lon="8.194587">
        <ele>908.713814</ele>
        <time>2025-10-21T17:15:35.000Z</time>
      </trkpt>
      <trkpt lat="47.925768" lon="8.194564">
        <ele>908.693030</ele>
        <time>2025-10-21T17:15:36.000Z</time>
      </trkpt>
      <trkpt lat="47.925793" lon="8.194550">
        <ele>908.669609</ele>
        <time>2025-10-21T17:15:37.000Z</time>
      </trkpt>
      <trkpt lat="47.925810" lon="8.194538">
        <ele>908.653115</ele>
        <time>2025-10-21T17:15:38.000Z</time>
      </trkpt>
      <trkpt lat="47.925828" lon="8.194522">
        <ele>908.634739</ele>
        <time>2025-10-21T17:15:39.000Z</time>
      </trkpt>
      <trkpt lat="47.925849" lon="8.194512">
        <ele>908.615405</ele>
        <time>2025-10-21T17:15:40.000Z</time>
      </trkpt>
      <trkpt lat="47.925868" lon="8.194502">
        <ele>908.597735</ele>
        <time>2025-10-21T17:15:41.000Z</time>
      </trkpt>
      <trkpt lat="47.925882" lon="8.194492">
        <ele>908.584121</ele>
        <time>2025-10-21T17:15:42.000Z</time>
      </trkpt>
      <trkpt lat="47.925909" lon="8.194482">
        <ele>908.559722</ele>
        <time>2025-10-21T17:15:43.000Z</time>
      </trkpt>
      <trkpt lat="47.925931" lon="8.194473">
        <ele>908.539714</ele>
        <time>2025-10-21T17:15:44.000Z</time>
      </trkpt>
      <trkpt lat="47.925951" lon="8.194469">
        <ele>908.522015</ele>
        <time>2025-10-21T17:15:45.000Z</time>
      </trkpt>
      <trkpt lat="47.925976" lon="8.194466">
        <ele>908.500018</ele>
        <time>2025-10-21T17:15:46.000Z</time>
      </trkpt>
      <trkpt lat="47.925999" lon="8.194459">
        <ele>908.479429</ele>
        <time>2025-10-21T17:15:47.000Z</time>
      </trkpt>
      <trkpt lat="47.926022" lon="8.194454">
        <ele>908.459044</ele>
        <time>2025-10-21T17:15:48.000Z</time>
      </trkpt>
      <trkpt lat="47.926048" lon="8.194449">
        <ele>908.436051</ele>
        <time>2025-10-21T17:15:49.000Z</time>
      </trkpt>
      <trkpt lat="47.926068" lon="8.194446">
        <ele>908.418421</ele>
        <time>2025-10-21T17:15:50.000Z</time>
      </trkpt>
      <trkpt lat="47.926086" lon="8.194445">
        <ele>908.402622</ele>
        <time>2025-10-21T17:15:51.000Z</time>
      </trkpt>
      <trkpt lat="47.926112" lon="8.194450">
        <ele>908.379629</ele>
        <time>2025-10-21T17:15:52.000Z</time>
      </trkpt>
      <trkpt lat="47.926134" lon="8.194449">
        <ele>908.360325</ele>
        <time>2025-10-21T17:15:53.000Z</time>
      </trkpt>
      <trkpt lat="47.926156" lon="8.194452">
        <ele>908.340948</ele>
        <time>2025-10-21T17:15:54.000Z</time>
      </trkpt>
      <trkpt lat="47.926177" lon="8.194452">
        <ele>908.322530</ele>
        <time>2025-10-21T17:15:55.000Z</time>
      </trkpt>
      <trkpt lat="47.926201" lon="8.194455">
        <ele>908.301406</ele>
        <time>2025-10-21T17:15:56.000Z</time>
      </trkpt>
      <trkpt lat="47.926218" lon="8.194456">
        <ele>908.286484</ele>
        <time>2025-10-21T17:15:57.000Z</time>
      </trkpt>
      <trkpt lat="47.926242" lon="8.194455">
        <ele>908.265425</ele>
        <time>2025-10-21T17:15:58.000Z</time>
      </trkpt>
      <trkpt lat="47.926265" lon="8.194454">
        <ele>908.245244</ele>
        <time>2025-10-21T17:15:59.000Z</time>
      </trkpt>
      <trkpt lat="47.926287" lon="8.194454">
        <ele>908.225948</ele>
        <time>2025-10-21T17:16:00.000Z</time>
      </trkpt>
      <trkpt lat="47.926308" lon="8.194457">
        <ele>908.207445</ele>
        <time>2025-10-21T17:16:01.000Z</time>
      </trkpt>
      <trkpt lat="47.926328" lon="8.194453">
        <ele>908.189747</ele>
        <time>2025-10-21T17:16:02.000Z</time>
      </trkpt>
      <trkpt lat="47.926351" lon="8.194458">
        <ele>908.169361</ele>
        <time>2025-10-21T17:16:03.000Z</time>
      </trkpt>
      <trkpt lat="47.926373" lon="8.194462">
        <ele>908.149922</ele>
        <time>2025-10-21T17:16:04.000Z</time>
      </trkpt>
      <trkpt lat="47.926396" lon="8.194458">
        <ele>908.129613</ele>
        <time>2025-10-21T17:16:05.000Z</time>
      </trkpt>
      <trkpt lat="47.926427" lon="8.194463">
        <ele>908.102265</ele>
        <time>2025-10-21T17:16:06.000Z</time>
      </trkpt>
      <trkpt lat="47.926450" lon="8.194466">
        <ele>908.082015</ele>
        <time>2025-10-21T17:16:07.000Z</time>
      </trkpt>
      <trkpt lat="47.926473" lon="8.194465">
        <ele>908.061833</ele>
        <time>2025-10-21T17:16:08.000Z</time>
      </trkpt>
      <trkpt lat="47.926496" lon="8.194466">
        <ele>908.041652</ele>
        <time>2025-10-21T17:16:09.000Z</time>
      </trkpt>
      <trkpt lat="47.926521" lon="8.194461">
        <ele>908.019529</ele>
        <time>2025-10-21T17:16:10.000Z</time>
      </trkpt>
      <trkpt lat="47.926548" lon="8.194458">
        <ele>907.995782</ele>
        <time>2025-10-21T17:16:11.000Z</time>
      </trkpt>
      <trkpt lat="47.926572" lon="8.194458">
        <ele>907.974732</ele>
        <time>2025-10-21T17:16:12.000Z</time>
      </trkpt>
      <trkpt lat="47.926596" lon="8.194455">
        <ele>907.953608</ele>
        <time>2025-10-21T17:16:13.000Z</time>
      </trkpt>
      <trkpt lat="47.926625" lon="8.194455">
        <ele>907.928173</ele>
        <time>2025-10-21T17:16:14.000Z</time>
      </trkpt>
      <trkpt lat="47.926650" lon="8.194458">
        <ele>907.906175</ele>
        <time>2025-10-21T17:16:15.000Z</time>
      </trkpt>
      <trkpt lat="47.926673" lon="8.194451">
        <ele>907.885586</ele>
        <time>2025-10-21T17:16:16.000Z</time>
      </trkpt>
      <trkpt lat="47.926703" lon="8.194446">
        <ele>907.859110</ele>
        <time>2025-10-21T17:16:17.000Z</time>
      </trkpt>
      <trkpt lat="47.926723" lon="8.194443">
        <ele>907.841480</ele>
        <time>2025-10-21T17:16:18.000Z</time>
      </trkpt>
      <trkpt lat="47.926743" lon="8.194436">
        <ele>907.823463</ele>
        <time>2025-10-21T17:16:19.000Z</time>
      </trkpt>
      <trkpt lat="47.926764" lon="8.194438">
        <ele>907.805006</ele>
        <time>2025-10-21T17:16:20.000Z</time>
      </trkpt>
      <trkpt lat="47.926787" lon="8.194435">
        <ele>907.784756</ele>
        <time>2025-10-21T17:16:21.000Z</time>
      </trkpt>
      <trkpt lat="47.926810" lon="8.194436">
        <ele>907.764575</ele>
        <time>2025-10-21T17:16:22.000Z</time>
      </trkpt>
      <trkpt lat="47.926831" lon="8.194440">
        <ele>907.746007</ele>
        <time>2025-10-21T17:16:23.000Z</time>
      </trkpt>
      <trkpt lat="47.926855" lon="8.194438">
        <ele>907.724924</ele>
        <time>2025-10-21T17:16:24.000Z</time>
      </trkpt>
      <trkpt lat="47.926882" lon="8.194436">
        <ele>907.701213</ele>
        <time>2025-10-21T17:16:25.000Z</time>
      </trkpt>
      <trkpt lat="47.926909" lon="8.194430">
        <ele>907.677271</ele>
        <time>2025-10-21T17:16:26.000Z</time>
      </trkpt>
      <trkpt lat="47.926937" lon="8.194428">
        <ele>907.652685</ele>
        <time>2025-10-21T17:16:27.000Z</time>
      </trkpt>
      <trkpt lat="47.926961" lon="8.194422">
        <ele>907.631341</ele>
        <time>2025-10-21T17:16:28.000Z</time>
      </trkpt>
      <trkpt lat="47.926985" lon="8.194417">
        <ele>907.610087</ele>
        <time>2025-10-21T17:16:29.000Z</time>
      </trkpt>
      <trkpt lat="47.927006" lon="8.194411">
        <ele>907.591334</ele>
        <time>2025-10-21T17:16:30.000Z</time>
      </trkpt>
      <trkpt lat="47.927032" lon="8.194409">
        <ele>907.568499</ele>
        <time>2025-10-21T17:16:31.000Z</time>
      </trkpt>
      <trkpt lat="47.927054" lon="8.194412">
        <ele>907.549123</ele>
        <time>2025-10-21T17:16:32.000Z</time>
      </trkpt>
      <trkpt lat="47.927074" lon="8.194403">
        <ele>907.528078</ele>
        <time>2025-10-21T17:16:33.000Z</time>
      </trkpt>
      <trkpt lat="47.927098" lon="8.194393">
        <ele>907.499937</ele>
        <time>2025-10-21T17:16:34.000Z</time>
      </trkpt>
      <trkpt lat="47.927119" lon="8.194384">
        <ele>907.475261</ele>
        <time>2025-10-21T17:16:35.000Z</time>
      </trkpt>
      <trkpt lat="47.927143" lon="8.194380">
        <ele>907.447987</ele>
        <time>2025-10-21T17:16:36.000Z</time>
      </trkpt>
      <trkpt lat="47.927161" lon="8.194374">
        <ele>907.427157</ele>
        <time>2025-10-21T17:16:37.000Z</time>
      </trkpt>
      <trkpt lat="47.927191" lon="8.194370">
        <ele>907.393141</ele>
        <time>2025-10-21T17:16:38.000Z</time>
      </trkpt>
      <trkpt lat="47.927214" lon="8.194365">
        <ele>907.366891</ele>
        <time>2025-10-21T17:16:39.000Z</time>
      </trkpt>
      <trkpt lat="47.927232" lon="8.194354">
        <ele>907.344924</ele>
        <time>2025-10-21T17:16:40.000Z</time>
      </trkpt>
      <trkpt lat="47.927253" lon="8.194342">
        <ele>907.319527</ele>
        <time>2025-10-21T17:16:41.000Z</time>
      </trkpt>
      <trkpt lat="47.927277" lon="8.194335">
        <ele>907.291909</ele>
        <time>2025-10-21T17:16:42.000Z</time>
      </trkpt>
      <trkpt lat="47.927299" lon="8.194323">
        <ele>907.265455</ele>
        <time>2025-10-21T17:16:43.000Z</time>
      </trkpt>
      <trkpt lat="47.927321" lon="8.194312">
        <ele>907.239252</ele>
        <time>2025-10-21T17:16:44.000Z</time>
      </trkpt>
      <trkpt lat="47.927345" lon="8.194307">
        <ele>907.211883</ele>
        <time>2025-10-21T17:16:45.000Z</time>
      </trkpt>
      <trkpt lat="47.927370" lon="8.194299">
        <ele>907.183007</ele>
        <time>2025-10-21T17:16:46.000Z</time>
      </trkpt>
      <trkpt lat="47.927394" lon="8.194293">
        <ele>907.155524</ele>
        <time>2025-10-21T17:16:47.000Z</time>
      </trkpt>
      <trkpt lat="47.927420" lon="8.194283">
        <ele>907.125201</ele>
        <time>2025-10-21T17:16:48.000Z</time>
      </trkpt>
      <trkpt lat="47.927446" lon="8.194279">
        <ele>907.095681</ele>
        <time>2025-10-21T17:16:49.000Z</time>
      </trkpt>
      <trkpt lat="47.927466" lon="8.194270">
        <ele>907.072089</ele>
        <time>2025-10-21T17:16:50.000Z</time>
      </trkpt>
      <trkpt lat="47.927492" lon="8.194262">
        <ele>907.042107</ele>
        <time>2025-10-21T17:16:51.000Z</time>
      </trkpt>
      <trkpt lat="47.927511" lon="8.194248">
        <ele>907.018176</ele>
        <time>2025-10-21T17:16:52.000Z</time>
      </trkpt>
      <trkpt lat="47.927530" lon="8.194233">
        <ele>906.993900</ele>
        <time>2025-10-21T17:16:53.000Z</time>
      </trkpt>
      <trkpt lat="47.927556" lon="8.194219">
        <ele>906.962683</ele>
        <time>2025-10-21T17:16:54.000Z</time>
      </trkpt>
      <trkpt lat="47.927575" lon="8.194203">
        <ele>906.938045</ele>
        <time>2025-10-21T17:16:55.000Z</time>
      </trkpt>
      <trkpt lat="47.927597" lon="8.194193">
        <ele>906.912071</ele>
        <time>2025-10-21T17:16:56.000Z</time>
      </trkpt>
      <trkpt lat="47.927623" lon="8.194171">
        <ele>906.878316</ele>
        <time>2025-10-21T17:16:57.000Z</time>
      </trkpt>
      <trkpt lat="47.927648" lon="8.194159">
        <ele>906.848657</ele>
        <time>2025-10-21T17:16:58.000Z</time>
      </trkpt>
      <trkpt lat="47.927673" lon="8.194141">
        <ele>906.817308</ele>
        <time>2025-10-21T17:16:59.000Z</time>
      </trkpt>
      <trkpt lat="47.927689" lon="8.194123">
        <ele>906.794679</ele>
        <time>2025-10-21T17:17:00.000Z</time>
      </trkpt>
      <trkpt lat="47.927715" lon="8.194104">
        <ele>906.761983</ele>
        <time>2025-10-21T17:17:01.000Z</time>
      </trkpt>
      <trkpt lat="47.927735" lon="8.194088">
        <ele>906.736355</ele>
        <time>2025-10-21T17:17:02.000Z</time>
      </trkpt>
      <trkpt lat="47.927758" lon="8.194079">
        <ele>906.709501</ele>
        <time>2025-10-21T17:17:03.000Z</time>
      </trkpt>
      <trkpt lat="47.927783" lon="8.194059">
        <ele>906.677466</ele>
        <time>2025-10-21T17:17:04.000Z</time>
      </trkpt>
      <trkpt lat="47.927806" lon="8.194043">
        <ele>906.648806</ele>
        <time>2025-10-21T17:17:05.000Z</time>
      </trkpt>
      <trkpt lat="47.927819" lon="8.194019">
        <ele>906.625452</ele>
        <time>2025-10-21T17:17:06.000Z</time>
      </trkpt>
      <trkpt lat="47.927834" lon="8.193998">
        <ele>906.602224</ele>
        <time>2025-10-21T17:17:07.000Z</time>
      </trkpt>
      <trkpt lat="47.927852" lon="8.193974">
        <ele>906.574963</ele>
        <time>2025-10-21T17:17:08.000Z</time>
      </trkpt>
      <trkpt lat="47.927868" lon="8.193958">
        <ele>906.553212</ele>
        <time>2025-10-21T17:17:09.000Z</time>
      </trkpt>
      <trkpt lat="47.927884" lon="8.193945">
        <ele>906.532637</ele>
        <time>2025-10-21T17:17:10.000Z</time>
      </trkpt>
      <trkpt lat="47.927907" lon="8.193933">
        <ele>906.505120</ele>
        <time>2025-10-21T17:17:11.000Z</time>
      </trkpt>
      <trkpt lat="47.927928" lon="8.193919">
        <ele>906.479144</ele>
        <time>2025-10-21T17:17:12.000Z</time>
      </trkpt>
      <trkpt lat="47.927945" lon="8.193906">
        <ele>906.457571</ele>
        <time>2025-10-21T17:17:13.000Z</time>
      </trkpt>
      <trkpt lat="47.927969" lon="8.193891">
        <ele>906.428184</ele>
        <time>2025-10-21T17:17:14.000Z</time>
      </trkpt>
      <trkpt lat="47.927996" lon="8.193885">
        <ele>906.397355</ele>
        <time>2025-10-21T17:17:15.000Z</time>
      </trkpt>
      <trkpt lat="47.928013" lon="8.193871">
        <ele>906.375426</ele>
        <time>2025-10-21T17:17:16.000Z</time>
      </trkpt>
      <trkpt lat="47.928034" lon="8.193865">
        <ele>906.351278</ele>
        <time>2025-10-21T17:17:17.000Z</time>
      </trkpt>
      <trkpt lat="47.928061" lon="8.193860">
        <ele>906.320551</ele>
        <time>2025-10-21T17:17:18.000Z</time>
      </trkpt>
      <trkpt lat="47.928089" lon="8.193850">
        <ele>906.288035</ele>
        <time>2025-10-21T17:17:19.000Z</time>
      </trkpt>
      <trkpt lat="47.928110" lon="8.193843">
        <ele>906.263734</ele>
        <time>2025-10-21T17:17:20.000Z</time>
      </trkpt>
      <trkpt lat="47.928133" lon="8.193836">
        <ele>906.237223</ele>
        <time>2025-10-21T17:17:21.000Z</time>
      </trkpt>
      <trkpt lat="47.928160" lon="8.193834">
        <ele>906.206693</ele>
        <time>2025-10-21T17:17:22.000Z</time>
      </trkpt>
      <trkpt lat="47.928177" lon="8.193823">
        <ele>906.185766</ele>
        <time>2025-10-21T17:17:23.000Z</time>
      </trkpt>
      <trkpt lat="47.928197" lon="8.193815">
        <ele>906.162381</ele>
        <time>2025-10-21T17:17:24.000Z</time>
      </trkpt>
      <trkpt lat="47.928219" lon="8.193799">
        <ele>906.134741</ele>
        <time>2025-10-21T17:17:25.000Z</time>
      </trkpt>
      <trkpt lat="47.928245" lon="8.193794">
        <ele>906.105135</ele>
        <time>2025-10-21T17:17:26.000Z</time>
      </trkpt>
      <trkpt lat="47.928267" lon="8.193787">
        <ele>906.079730</ele>
        <time>2025-10-21T17:17:27.000Z</time>
      </trkpt>
      <trkpt lat="47.928290" lon="8.193778">
        <ele>906.052876</ele>
        <time>2025-10-21T17:17:28.000Z</time>
      </trkpt>
      <trkpt lat="47.928315" lon="8.193772">
        <ele>906.024279</ele>
        <time>2025-10-21T17:17:29.000Z</time>
      </trkpt>
      <trkpt lat="47.928335" lon="8.193767">
        <ele>906.001376</ele>
        <time>2025-10-21T17:17:30.000Z</time>
      </trkpt>
      <trkpt lat="47.928354" lon="8.193764">
        <ele>905.979798</ele>
        <time>2025-10-21T17:17:31.000Z</time>
      </trkpt>
      <trkpt lat="47.928380" lon="8.193760">
        <ele>905.950279</ele>
        <time>2025-10-21T17:17:32.000Z</time>
      </trkpt>
      <trkpt lat="47.928406" lon="8.193762">
        <ele>905.920876</ele>
        <time>2025-10-21T17:17:33.000Z</time>
      </trkpt>
      <trkpt lat="47.928427" lon="8.193763">
        <ele>905.897146</ele>
        <time>2025-10-21T17:17:34.000Z</time>
      </trkpt>
      <trkpt lat="47.928453" lon="8.193762">
        <ele>905.867773</ele>
        <time>2025-10-21T17:17:35.000Z</time>
      </trkpt>
      <trkpt lat="47.928480" lon="8.193766">
        <ele>905.837129</ele>
        <time>2025-10-21T17:17:36.000Z</time>
      </trkpt>
      <trkpt lat="47.928504" lon="8.193764">
        <ele>905.809982</ele>
        <time>2025-10-21T17:17:37.000Z</time>
      </trkpt>
      <trkpt lat="47.928527" lon="8.193762">
        <ele>905.783962</ele>
        <time>2025-10-21T17:17:38.000Z</time>
      </trkpt>
      <trkpt lat="47.928558" lon="8.193763">
        <ele>905.748943</ele>
        <time>2025-10-21T17:17:39.000Z</time>
      </trkpt>
      <trkpt lat="47.928582" lon="8.193763">
        <ele>905.721838</ele>
        <time>2025-10-21T17:17:40.000Z</time>
      </trkpt>
      <trkpt lat="47.928606" lon="8.193758">
        <ele>905.694470</ele>
        <time>2025-10-21T17:17:41.000Z</time>
      </trkpt>
      <trkpt lat="47.928634" lon="8.193757">
        <ele>905.662838</ele>
        <time>2025-10-21T17:17:42.000Z</time>
      </trkpt>
      <trkpt lat="47.928661" lon="8.193760">
        <ele>905.632260</ele>
        <time>2025-10-21T17:17:43.000Z</time>
      </trkpt>
      <trkpt lat="47.928684" lon="8.193761">
        <ele>905.606273</ele>
        <time>2025-10-21T17:17:44.000Z</time>
      </trkpt>
      <trkpt lat="47.928712" lon="8.193762">
        <ele>905.574642</ele>
        <time>2025-10-21T17:17:45.000Z</time>
      </trkpt>
      <trkpt lat="47.928738" lon="8.193764">
        <ele>905.545239</ele>
        <time>2025-10-21T17:17:46.000Z</time>
      </trkpt>
      <trkpt lat="47.928759" lon="8.193762">
        <ele>905.521473</ele>
        <time>2025-10-21T17:17:47.000Z</time>
      </trkpt>
      <trkpt lat="47.928785" lon="8.193761">
        <ele>905.493900</ele>
        <time>2025-10-21T17:17:48.000Z</time>
      </trkpt>
      <trkpt lat="47.928812" lon="8.193767">
        <ele>905.466374</ele>
        <time>2025-10-21T17:17:49.000Z</time>
      </trkpt>
      <trkpt lat="47.928832" lon="8.193765">
        <ele>905.446161</ele>
        <time>2025-10-21T17:17:50.000Z</time>
      </trkpt>
      <trkpt lat="47.928853" lon="8.193764">
        <ele>905.424974</ele>
        <time>2025-10-21T17:17:51.000Z</time>
      </trkpt>
      <trkpt lat="47.928878" lon="8.193767">
        <ele>905.399683</ele>
        <time>2025-10-21T17:17:52.000Z</time>
      </trkpt>
      <trkpt lat="47.928902" lon="8.193775">
        <ele>905.374886</ele>
        <time>2025-10-21T17:17:53.000Z</time>
      </trkpt>
      <trkpt lat="47.928924" lon="8.193779">
        <ele>905.352538</ele>
        <time>2025-10-21T17:17:54.000Z</time>
      </trkpt>
      <trkpt lat="47.928950" lon="8.193774">
        <ele>905.326103</ele>
        <time>2025-10-21T17:17:55.000Z</time>
      </trkpt>
      <trkpt lat="47.928976" lon="8.193777">
        <ele>905.299807</ele>
        <time>2025-10-21T17:17:56.000Z</time>
      </trkpt>
      <trkpt lat="47.928994" lon="8.193779">
        <ele>905.281606</ele>
        <time>2025-10-21T17:17:57.000Z</time>
      </trkpt>
      <trkpt lat="47.929019" lon="8.193782">
        <ele>905.256315</ele>
        <time>2025-10-21T17:17:58.000Z</time>
      </trkpt>
      <trkpt lat="47.929042" lon="8.193788">
        <ele>905.232771</ele>
        <time>2025-10-21T17:17:59.000Z</time>
      </trkpt>
      <trkpt lat="47.929065" lon="8.193794">
        <ele>905.209226</ele>
        <time>2025-10-21T17:18:00.000Z</time>
      </trkpt>
      <trkpt lat="47.929087" lon="8.193788">
        <ele>905.186674</ele>
        <time>2025-10-21T17:18:01.000Z</time>
      </trkpt>
      <trkpt lat="47.929109" lon="8.193791">
        <ele>905.164398</ele>
        <time>2025-10-21T17:18:02.000Z</time>
      </trkpt>
      <trkpt lat="47.929131" lon="8.193799">
        <ele>905.141564</ele>
        <time>2025-10-21T17:18:03.000Z</time>
      </trkpt>
      <trkpt lat="47.929148" lon="8.193805">
        <ele>905.123949</ele>
        <time>2025-10-21T17:18:04.000Z</time>
      </trkpt>
      <trkpt lat="47.929172" lon="8.193807">
        <ele>905.099710</ele>
        <time>2025-10-21T17:18:05.000Z</time>
      </trkpt>
      <trkpt lat="47.929193" lon="8.193811">
        <ele>905.078362</ele>
        <time>2025-10-21T17:18:06.000Z</time>
      </trkpt>
      <trkpt lat="47.929212" lon="8.193812">
        <ele>905.059191</ele>
        <time>2025-10-21T17:18:07.000Z</time>
      </trkpt>
      <trkpt lat="47.929237" lon="8.193813">
        <ele>905.033973</ele>
        <time>2025-10-21T17:18:08.000Z</time>
      </trkpt>
      <trkpt lat="47.929257" lon="8.193821">
        <ele>905.013093</ele>
        <time>2025-10-21T17:18:09.000Z</time>
      </trkpt>
      <trkpt lat="47.929286" lon="8.193827">
        <ele>904.983571</ele>
        <time>2025-10-21T17:18:10.000Z</time>
      </trkpt>
      <trkpt lat="47.929313" lon="8.193833">
        <ele>904.956044</ele>
        <time>2025-10-21T17:18:11.000Z</time>
      </trkpt>
      <trkpt lat="47.929342" lon="8.193844">
        <ele>904.925871</ele>
        <time>2025-10-21T17:18:12.000Z</time>
      </trkpt>
      <trkpt lat="47.929368" lon="8.193851">
        <ele>904.899230</ele>
        <time>2025-10-21T17:18:13.000Z</time>
      </trkpt>
      <trkpt lat="47.929394" lon="8.193855">
        <ele>904.872874</ele>
        <time>2025-10-21T17:18:14.000Z</time>
      </trkpt>
      <trkpt lat="47.929418" lon="8.193868">
        <ele>904.847128</ele>
        <time>2025-10-21T17:18:15.000Z</time>
      </trkpt>
      <trkpt lat="47.929441" lon="8.193879">
        <ele>904.822773</ele>
        <time>2025-10-21T17:18:16.000Z</time>
      </trkpt>
      <trkpt lat="47.929470" lon="8.193882">
        <ele>904.793460</ele>
        <time>2025-10-21T17:18:17.000Z</time>
      </trkpt>
      <trkpt lat="47.929497" lon="8.193894">
        <ele>904.765052</ele>
        <time>2025-10-21T17:18:18.000Z</time>
      </trkpt>
      <trkpt lat="47.929521" lon="8.193904">
        <ele>904.739926</ele>
        <time>2025-10-21T17:18:19.000Z</time>
      </trkpt>
      <trkpt lat="47.929543" lon="8.193913">
        <ele>904.716923</ele>
        <time>2025-10-21T17:18:20.000Z</time>
      </trkpt>
      <trkpt lat="47.929569" lon="8.193920">
        <ele>904.690282</ele>
        <time>2025-10-21T17:18:21.000Z</time>
      </trkpt>
      <trkpt lat="47.929592" lon="8.193937">
        <ele>904.664401</ele>
        <time>2025-10-21T17:18:22.000Z</time>
      </trkpt>
      <trkpt lat="47.929613" lon="8.193953">
        <ele>904.640625</ele>
        <time>2025-10-21T17:18:23.000Z</time>
      </trkpt>
      <trkpt lat="47.929635" lon="8.193956">
        <ele>904.618348</ele>
        <time>2025-10-21T17:18:24.000Z</time>
      </trkpt>
      <trkpt lat="47.929663" lon="8.193971">
        <ele>904.588350</ele>
        <time>2025-10-21T17:18:25.000Z</time>
      </trkpt>
      <trkpt lat="47.929682" lon="8.193979">
        <ele>904.568442</ele>
        <time>2025-10-21T17:18:26.000Z</time>
      </trkpt>
      <trkpt lat="47.929708" lon="8.193986">
        <ele>904.541801</ele>
        <time>2025-10-21T17:18:27.000Z</time>
      </trkpt>
      <trkpt lat="47.929735" lon="8.194000">
        <ele>904.512979</ele>
        <time>2025-10-21T17:18:28.000Z</time>
      </trkpt>
      <trkpt lat="47.929756" lon="8.194012">
        <ele>904.490304</ele>
        <time>2025-10-21T17:18:29.000Z</time>
      </trkpt>
      <trkpt lat="47.929777" lon="8.194014">
        <ele>904.469085</ele>
        <time>2025-10-21T17:18:30.000Z</time>
      </trkpt>
      <trkpt lat="47.929804" lon="8.194029">
        <ele>904.440033</ele>
        <time>2025-10-21T17:18:31.000Z</time>
      </trkpt>
      <trkpt lat="47.929828" lon="8.194047">
        <ele>904.412948</ele>
        <time>2025-10-21T17:18:32.000Z</time>
      </trkpt>
      <trkpt lat="47.929847" lon="8.194060">
        <ele>904.391871</ele>
        <time>2025-10-21T17:18:33.000Z</time>
      </trkpt>
      <trkpt lat="47.929872" lon="8.194076">
        <ele>904.364442</ele>
        <time>2025-10-21T17:18:34.000Z</time>
      </trkpt>
      <trkpt lat="47.929896" lon="8.194093">
        <ele>904.337653</ele>
        <time>2025-10-21T17:18:35.000Z</time>
      </trkpt>
      <trkpt lat="47.929918" lon="8.194107">
        <ele>904.313536</ele>
        <time>2025-10-21T17:18:36.000Z</time>
      </trkpt>
      <trkpt lat="47.929943" lon="8.194122">
        <ele>904.286366</ele>
        <time>2025-10-21T17:18:37.000Z</time>
      </trkpt>
      <trkpt lat="47.929967" lon="8.194142">
        <ele>904.258648</ele>
        <time>2025-10-21T17:18:38.000Z</time>
      </trkpt>
      <trkpt lat="47.929991" lon="8.194160">
        <ele>904.231563</ele>
        <time>2025-10-21T17:18:39.000Z</time>
      </trkpt>
      <trkpt lat="47.930013" lon="8.194176">
        <ele>904.206884</ele>
        <time>2025-10-21T17:18:40.000Z</time>
      </trkpt>
      <trkpt lat="47.930035" lon="8.194205">
        <ele>904.177286</ele>
        <time>2025-10-21T17:18:41.000Z</time>
      </trkpt>
      <trkpt lat="47.930057" lon="8.194228">
        <ele>904.150200</ele>
        <time>2025-10-21T17:18:42.000Z</time>
      </trkpt>
      <trkpt lat="47.930080" lon="8.194247">
        <ele>904.123692</ele>
        <time>2025-10-21T17:18:43.000Z</time>
      </trkpt>
      <trkpt lat="47.930101" lon="8.194273">
        <ele>904.096178</ele>
        <time>2025-10-21T17:18:44.000Z</time>
      </trkpt>
      <trkpt lat="47.930120" lon="8.194295">
        <ele>904.071929</ele>
        <time>2025-10-21T17:18:45.000Z</time>
      </trkpt>
      <trkpt lat="47.930139" lon="8.194313">
        <ele>904.049235</ele>
        <time>2025-10-21T17:18:46.000Z</time>
      </trkpt>
      <trkpt lat="47.930161" lon="8.194336">
        <ele>904.022150</ele>
        <time>2025-10-21T17:18:47.000Z</time>
      </trkpt>
      <trkpt lat="47.930179" lon="8.194358">
        <ele>903.998689</ele>
        <time>2025-10-21T17:18:48.000Z</time>
      </trkpt>
      <trkpt lat="47.930198" lon="8.194372">
        <ele>903.977322</ele>
        <time>2025-10-21T17:18:49.000Z</time>
      </trkpt>
      <trkpt lat="47.930219" lon="8.194396">
        <ele>903.950650</ele>
        <time>2025-10-21T17:18:50.000Z</time>
      </trkpt>
      <trkpt lat="47.930238" lon="8.194428">
        <ele>903.921762</ele>
        <time>2025-10-21T17:18:51.000Z</time>
      </trkpt>
      <trkpt lat="47.930255" lon="8.194447">
        <ele>903.900346</ele>
        <time>2025-10-21T17:18:52.000Z</time>
      </trkpt>
      <trkpt lat="47.930275" lon="8.194468">
        <ele>903.875687</ele>
        <time>2025-10-21T17:18:53.000Z</time>
      </trkpt>
      <trkpt lat="47.930295" lon="8.194495">
        <ele>903.848493</ele>
        <time>2025-10-21T17:18:54.000Z</time>
      </trkpt>
      <trkpt lat="47.930316" lon="8.194516">
        <ele>903.823003</ele>
        <time>2025-10-21T17:18:55.000Z</time>
      </trkpt>
      <trkpt lat="47.930333" lon="8.194536">
        <ele>903.801175</ele>
        <time>2025-10-21T17:18:56.000Z</time>
      </trkpt>
      <trkpt lat="47.930350" lon="8.194568">
        <ele>903.773583</ele>
        <time>2025-10-21T17:18:57.000Z</time>
      </trkpt>
      <trkpt lat="47.930372" lon="8.194596">
        <ele>903.744427</ele>
        <time>2025-10-21T17:18:58.000Z</time>
      </trkpt>
      <trkpt lat="47.930390" lon="8.194620">
        <ele>903.720088</ele>
        <time>2025-10-21T17:18:59.000Z</time>
      </trkpt>
      <trkpt lat="47.930411" lon="8.194644">
        <ele>903.685225</ele>
        <time>2025-10-21T17:19:00.000Z</time>
      </trkpt>
      <trkpt lat="47.930432" lon="8.194666">
        <ele>903.539904</ele>
        <time>2025-10-21T17:19:01.000Z</time>
      </trkpt>
      <trkpt lat="47.930449" lon="8.194682">
        <ele>903.426070</ele>
        <time>2025-10-21T17:19:02.000Z</time>
      </trkpt>
      <trkpt lat="47.930470" lon="8.194704">
        <ele>903.280749</ele>
        <time>2025-10-21T17:19:03.000Z</time>
      </trkpt>
      <trkpt lat="47.930487" lon="8.194726">
        <ele>903.153306</ele>
        <time>2025-10-21T17:19:04.000Z</time>
      </trkpt>
      <trkpt lat="47.930508" lon="8.194732">
        <ele>903.032203</ele>
        <time>2025-10-21T17:19:05.000Z</time>
      </trkpt>
      <trkpt lat="47.930535" lon="8.194752">
        <ele>902.861477</ele>
        <time>2025-10-21T17:19:06.000Z</time>
      </trkpt>
      <trkpt lat="47.930557" lon="8.194768">
        <ele>902.722863</ele>
        <time>2025-10-21T17:19:07.000Z</time>
      </trkpt>
      <trkpt lat="47.930584" lon="8.194776">
        <ele>902.566951</ele>
        <time>2025-10-21T17:19:08.000Z</time>
      </trkpt>
      <trkpt lat="47.930606" lon="8.194798">
        <ele>902.416959</ele>
        <time>2025-10-21T17:19:09.000Z</time>
      </trkpt>
      <trkpt lat="47.930631" lon="8.194812">
        <ele>902.265721</ele>
        <time>2025-10-21T17:19:10.000Z</time>
      </trkpt>
      <trkpt lat="47.930650" lon="8.194822">
        <ele>902.151611</ele>
        <time>2025-10-21T17:19:11.000Z</time>
      </trkpt>
      <trkpt lat="47.930680" lon="8.194837">
        <ele>901.972410</ele>
        <time>2025-10-21T17:19:12.000Z</time>
      </trkpt>
      <trkpt lat="47.930703" lon="8.194850">
        <ele>901.833110</ele>
        <time>2025-10-21T17:19:13.000Z</time>
      </trkpt>
      <trkpt lat="47.930727" lon="8.194861">
        <ele>901.690910</ele>
        <time>2025-10-21T17:19:14.000Z</time>
      </trkpt>
      <trkpt lat="47.930754" lon="8.194869">
        <ele>901.534999</ele>
        <time>2025-10-21T17:19:15.000Z</time>
      </trkpt>
      <trkpt lat="47.930780" lon="8.194878">
        <ele>901.383827</ele>
        <time>2025-10-21T17:19:16.000Z</time>
      </trkpt>
      <trkpt lat="47.930801" lon="8.194890">
        <ele>901.256464</ele>
        <time>2025-10-21T17:19:17.000Z</time>
      </trkpt>
      <trkpt lat="47.930827" lon="8.194894">
        <ele>901.108421</ele>
        <time>2025-10-21T17:19:18.000Z</time>
      </trkpt>
      <trkpt lat="47.930853" lon="8.194905">
        <ele>900.955356</ele>
        <time>2025-10-21T17:19:19.000Z</time>
      </trkpt>
      <trkpt lat="47.930880" lon="8.194915">
        <ele>900.797791</ele>
        <time>2025-10-21T17:19:20.000Z</time>
      </trkpt>
      <trkpt lat="47.930899" lon="8.194918">
        <ele>900.689575</ele>
        <time>2025-10-21T17:19:21.000Z</time>
      </trkpt>
      <trkpt lat="47.930925" lon="8.194924">
        <ele>900.540562</ele>
        <time>2025-10-21T17:19:22.000Z</time>
      </trkpt>
      <trkpt lat="47.930949" lon="8.194934">
        <ele>900.399429</ele>
        <time>2025-10-21T17:19:23.000Z</time>
      </trkpt>
      <trkpt lat="47.930968" lon="8.194941">
        <ele>900.288584</ele>
        <time>2025-10-21T17:19:24.000Z</time>
      </trkpt>
      <trkpt lat="47.930991" lon="8.194947">
        <ele>900.156338</ele>
        <time>2025-10-21T17:19:25.000Z</time>
      </trkpt>
      <trkpt lat="47.931016" lon="8.194966">
        <ele>899.997438</ele>
        <time>2025-10-21T17:19:26.000Z</time>
      </trkpt>
      <trkpt lat="47.931037" lon="8.194981">
        <ele>899.865575</ele>
        <time>2025-10-21T17:19:27.000Z</time>
      </trkpt>
      <trkpt lat="47.931054" lon="8.194998">
        <ele>899.749672</ele>
        <time>2025-10-21T17:19:28.000Z</time>
      </trkpt>
      <trkpt lat="47.931071" lon="8.195008">
        <ele>899.646176</ele>
        <time>2025-10-21T17:19:29.000Z</time>
      </trkpt>
      <trkpt lat="47.931084" lon="8.195034">
        <ele>899.523061</ele>
        <time>2025-10-21T17:19:30.000Z</time>
      </trkpt>
      <trkpt lat="47.931096" lon="8.195061">
        <ele>899.400104</ele>
        <time>2025-10-21T17:19:31.000Z</time>
      </trkpt>
      <trkpt lat="47.931109" lon="8.195083">
        <ele>899.288784</ele>
        <time>2025-10-21T17:19:32.000Z</time>
      </trkpt>
      <trkpt lat="47.931113" lon="8.195106">
        <ele>899.198607</ele>
        <time>2025-10-21T17:19:33.000Z</time>
      </trkpt>
      <trkpt lat="47.931122" lon="8.195138">
        <ele>899.066903</ele>
        <time>2025-10-21T17:19:34.000Z</time>
      </trkpt>
      <trkpt lat="47.931130" lon="8.195168">
        <ele>898.944368</ele>
        <time>2025-10-21T17:19:35.000Z</time>
      </trkpt>
      <trkpt lat="47.931140" lon="8.195194">
        <ele>898.830597</ele>
        <time>2025-10-21T17:19:36.000Z</time>
      </trkpt>
      <trkpt lat="47.931151" lon="8.195226">
        <ele>898.694108</ele>
        <time>2025-10-21T17:19:37.000Z</time>
      </trkpt>
      <trkpt lat="47.931156" lon="8.195272">
        <ele>898.517257</ele>
        <time>2025-10-21T17:19:38.000Z</time>
      </trkpt>
      <trkpt lat="47.931166" lon="8.195307">
        <ele>898.372861</ele>
        <time>2025-10-21T17:19:39.000Z</time>
      </trkpt>
      <trkpt lat="47.931174" lon="8.195332">
        <ele>898.267721</ele>
        <time>2025-10-21T17:19:40.000Z</time>
      </trkpt>
      <trkpt lat="47.931188" lon="8.195363">
        <ele>898.125849</ele>
        <time>2025-10-21T17:19:41.000Z</time>
      </trkpt>
      <trkpt lat="47.931203" lon="8.195402">
        <ele>897.955193</ele>
        <time>2025-10-21T17:19:42.000Z</time>
      </trkpt>
      <trkpt lat="47.931215" lon="8.195435">
        <ele>897.812704</ele>
        <time>2025-10-21T17:19:43.000Z</time>
      </trkpt>
      <trkpt lat="47.931218" lon="8.195466">
        <ele>897.693839</ele>
        <time>2025-10-21T17:19:44.000Z</time>
      </trkpt>
      <trkpt lat="47.931226" lon="8.195505">
        <ele>897.539054</ele>
        <time>2025-10-21T17:19:45.000Z</time>
      </trkpt>
      <trkpt lat="47.931232" lon="8.195546">
        <ele>897.379792</ele>
        <time>2025-10-21T17:19:46.000Z</time>
      </trkpt>
      <trkpt lat="47.931239" lon="8.195582">
        <ele>897.237537</ele>
        <time>2025-10-21T17:19:47.000Z</time>
      </trkpt>
      <trkpt lat="47.931246" lon="8.195618">
        <ele>897.095281</ele>
        <time>2025-10-21T17:19:48.000Z</time>
      </trkpt>
      <trkpt lat="47.931244" lon="8.195659">
        <ele>896.939275</ele>
        <time>2025-10-21T17:19:49.000Z</time>
      </trkpt>
      <trkpt lat="47.931245" lon="8.195701">
        <ele>896.779786</ele>
        <time>2025-10-21T17:19:50.000Z</time>
      </trkpt>
      <trkpt lat="47.931247" lon="8.195737">
        <ele>896.642698</ele>
        <time>2025-10-21T17:19:51.000Z</time>
      </trkpt>
      <trkpt lat="47.931248" lon="8.195769">
        <ele>896.521127</ele>
        <time>2025-10-21T17:19:52.000Z</time>
      </trkpt>
      <trkpt lat="47.931247" lon="8.195811">
        <ele>896.361638</ele>
        <time>2025-10-21T17:19:53.000Z</time>
      </trkpt>
      <trkpt lat="47.931240" lon="8.195847">
        <ele>896.219382</ele>
        <time>2025-10-21T17:19:54.000Z</time>
      </trkpt>
      <trkpt lat="47.931236" lon="8.195876">
        <ele>896.107020</ele>
        <time>2025-10-21T17:19:55.000Z</time>
      </trkpt>
      <trkpt lat="47.931226" lon="8.195911">
        <ele>895.962624</ele>
        <time>2025-10-21T17:19:56.000Z</time>
      </trkpt>
      <trkpt lat="47.931218" lon="8.195949">
        <ele>895.811464</ele>
        <time>2025-10-21T17:19:57.000Z</time>
      </trkpt>
      <trkpt lat="47.931211" lon="8.195981">
        <ele>895.683716</ele>
        <time>2025-10-21T17:19:58.000Z</time>
      </trkpt>
      <trkpt lat="47.931209" lon="8.196011">
        <ele>895.569305</ele>
        <time>2025-10-21T17:19:59.000Z</time>
      </trkpt>
      <trkpt lat="47.931201" lon="8.196041">
        <ele>895.446770</ele>
        <time>2025-10-21T17:20:00.000Z</time>
      </trkpt>
      <trkpt lat="47.931193" lon="8.196078">
        <ele>895.299226</ele>
        <time>2025-10-21T17:20:01.000Z</time>
      </trkpt>
      <trkpt lat="47.931182" lon="8.196112">
        <ele>895.155942</ele>
        <time>2025-10-21T17:20:02.000Z</time>
      </trkpt>
      <trkpt lat="47.931178" lon="8.196139">
        <ele>895.051003</ele>
        <time>2025-10-21T17:20:03.000Z</time>
      </trkpt>
      <trkpt lat="47.931173" lon="8.196169">
        <ele>894.933684</ele>
        <time>2025-10-21T17:20:04.000Z</time>
      </trkpt>
      <trkpt lat="47.931163" lon="8.196209">
        <ele>894.771662</ele>
        <time>2025-10-21T17:20:05.000Z</time>
      </trkpt>
      <trkpt lat="47.931156" lon="8.196240">
        <ele>894.647517</ele>
        <time>2025-10-21T17:20:06.000Z</time>
      </trkpt>
      <trkpt lat="47.931150" lon="8.196262">
        <ele>894.557376</ele>
        <time>2025-10-21T17:20:07.000Z</time>
      </trkpt>
      <trkpt lat="47.931136" lon="8.196295">
        <ele>894.409148</ele>
        <time>2025-10-21T17:20:08.000Z</time>
      </trkpt>
      <trkpt lat="47.931115" lon="8.196323">
        <ele>894.249654</ele>
        <time>2025-10-21T17:20:09.000Z</time>
      </trkpt>
      <trkpt lat="47.931103" lon="8.196352">
        <ele>894.120303</ele>
        <time>2025-10-21T17:20:10.000Z</time>
      </trkpt>
      <trkpt lat="47.931095" lon="8.196378">
        <ele>894.011727</ele>
        <time>2025-10-21T17:20:11.000Z</time>
      </trkpt>
      <trkpt lat="47.931077" lon="8.196408">
        <ele>893.858901</ele>
        <time>2025-10-21T17:20:12.000Z</time>
      </trkpt>
      <trkpt lat="47.931057" lon="8.196436">
        <ele>893.703585</ele>
        <time>2025-10-21T17:20:13.000Z</time>
      </trkpt>
      <trkpt lat="47.931043" lon="8.196460">
        <ele>893.582824</ele>
        <time>2025-10-21T17:20:14.000Z</time>
      </trkpt>
      <trkpt lat="47.931025" lon="8.196487">
        <ele>893.370436</ele>
        <time>2025-10-21T17:20:15.000Z</time>
      </trkpt>
      <trkpt lat="47.930999" lon="8.196519">
        <ele>892.993189</ele>
        <time>2025-10-21T17:20:16.000Z</time>
      </trkpt>
      <trkpt lat="47.930982" lon="8.196553">
        <ele>892.674997</ele>
        <time>2025-10-21T17:20:17.000Z</time>
      </trkpt>
      <trkpt lat="47.930975" lon="8.196575">
        <ele>892.492328</ele>
        <time>2025-10-21T17:20:18.000Z</time>
      </trkpt>
      <trkpt lat="47.930974" lon="8.196606">
        <ele>892.259547</ele>
        <time>2025-10-21T17:20:19.000Z</time>
      </trkpt>
      <trkpt lat="47.930980" lon="8.196638">
        <ele>892.010314</ele>
        <time>2025-10-21T17:20:20.000Z</time>
      </trkpt>
      <trkpt lat="47.930990" lon="8.196666">
        <ele>891.772332</ele>
        <time>2025-10-21T17:20:21.000Z</time>
      </trkpt>
      <trkpt lat="47.931001" lon="8.196688">
        <ele>891.566443</ele>
        <time>2025-10-21T17:20:22.000Z</time>
      </trkpt>
      <trkpt lat="47.931024" lon="8.196713">
        <ele>891.247933</ele>
        <time>2025-10-21T17:20:23.000Z</time>
      </trkpt>
      <trkpt lat="47.931049" lon="8.196736">
        <ele>890.919181</ele>
        <time>2025-10-21T17:20:24.000Z</time>
      </trkpt>
      <trkpt lat="47.931069" lon="8.196751">
        <ele>890.668618</ele>
        <time>2025-10-21T17:20:25.000Z</time>
      </trkpt>
      <trkpt lat="47.931093" lon="8.196766">
        <ele>890.377352</ele>
        <time>2025-10-21T17:20:26.000Z</time>
      </trkpt>
      <trkpt lat="47.931121" lon="8.196785">
        <ele>890.033040</ele>
        <time>2025-10-21T17:20:27.000Z</time>
      </trkpt>
      <trkpt lat="47.931145" lon="8.196797">
        <ele>889.749704</ele>
        <time>2025-10-21T17:20:28.000Z</time>
      </trkpt>
      <trkpt lat="47.931170" lon="8.196800">
        <ele>889.468946</ele>
        <time>2025-10-21T17:20:29.000Z</time>
      </trkpt>
      <trkpt lat="47.931193" lon="8.196792">
        <ele>889.204580</ele>
        <time>2025-10-21T17:20:30.000Z</time>
      </trkpt>
      <trkpt lat="47.931222" lon="8.196776">
        <ele>888.858478</ele>
        <time>2025-10-21T17:20:31.000Z</time>
      </trkpt>
      <trkpt lat="47.931243" lon="8.196754">
        <ele>888.571269</ele>
        <time>2025-10-21T17:20:32.000Z</time>
      </trkpt>
      <trkpt lat="47.931260" lon="8.196740">
        <ele>888.353920</ele>
        <time>2025-10-21T17:20:33.000Z</time>
      </trkpt>
      <trkpt lat="47.931284" lon="8.196713">
        <ele>888.017485</ele>
        <time>2025-10-21T17:20:34.000Z</time>
      </trkpt>
      <trkpt lat="47.931301" lon="8.196683">
        <ele>887.722792</ele>
        <time>2025-10-21T17:20:35.000Z</time>
      </trkpt>
      <trkpt lat="47.931314" lon="8.196659">
        <ele>887.491318</ele>
        <time>2025-10-21T17:20:36.000Z</time>
      </trkpt>
      <trkpt lat="47.931328" lon="8.196637">
        <ele>887.263747</ele>
        <time>2025-10-21T17:20:37.000Z</time>
      </trkpt>
      <trkpt lat="47.931345" lon="8.196603">
        <ele>886.945557</ele>
        <time>2025-10-21T17:20:38.000Z</time>
      </trkpt>
      <trkpt lat="47.931364" lon="8.196574">
        <ele>886.641341</ele>
        <time>2025-10-21T17:20:39.000Z</time>
      </trkpt>
      <trkpt lat="47.931380" lon="8.196554">
        <ele>886.407715</ele>
        <time>2025-10-21T17:20:40.000Z</time>
      </trkpt>
      <trkpt lat="47.931397" lon="8.196532">
        <ele>886.155838</ele>
        <time>2025-10-21T17:20:41.000Z</time>
      </trkpt>
      <trkpt lat="47.931416" lon="8.196501">
        <ele>885.840722</ele>
        <time>2025-10-21T17:20:42.000Z</time>
      </trkpt>
      <trkpt lat="47.931428" lon="8.196467">
        <ele>885.552495</ele>
        <time>2025-10-21T17:20:43.000Z</time>
      </trkpt>
      <trkpt lat="47.931437" lon="8.196446">
        <ele>885.365523</ele>
        <time>2025-10-21T17:20:44.000Z</time>
      </trkpt>
      <trkpt lat="47.931449" lon="8.196425">
        <ele>885.158513</ele>
        <time>2025-10-21T17:20:45.000Z</time>
      </trkpt>
      <trkpt lat="47.931468" lon="8.196394">
        <ele>884.843398</ele>
        <time>2025-10-21T17:20:46.000Z</time>
      </trkpt>
      <trkpt lat="47.931486" lon="8.196367">
        <ele>884.557723</ele>
        <time>2025-10-21T17:20:47.000Z</time>
      </trkpt>
      <trkpt lat="47.931497" lon="8.196343">
        <ele>884.339629</ele>
        <time>2025-10-21T17:20:48.000Z</time>
      </trkpt>
      <trkpt lat="47.931514" lon="8.196321">
        <ele>884.087752</ele>
        <time>2025-10-21T17:20:49.000Z</time>
      </trkpt>
      <trkpt lat="47.931537" lon="8.196293">
        <ele>883.755498</ele>
        <time>2025-10-21T17:20:50.000Z</time>
      </trkpt>
      <trkpt lat="47.931556" lon="8.196271">
        <ele>883.486307</ele>
        <time>2025-10-21T17:20:51.000Z</time>
      </trkpt>
      <trkpt lat="47.931568" lon="8.196252">
        <ele>883.290469</ele>
        <time>2025-10-21T17:20:52.000Z</time>
      </trkpt>
      <trkpt lat="47.931583" lon="8.196225">
        <ele>883.027402</ele>
        <time>2025-10-21T17:20:53.000Z</time>
      </trkpt>
      <trkpt lat="47.931605" lon="8.196199">
        <ele>882.713272</ele>
        <time>2025-10-21T17:20:54.000Z</time>
      </trkpt>
      <trkpt lat="47.931621" lon="8.196179">
        <ele>882.479646</ele>
        <time>2025-10-21T17:20:55.000Z</time>
      </trkpt>
      <trkpt lat="47.931635" lon="8.196160">
        <ele>882.267824</ele>
        <time>2025-10-21T17:20:56.000Z</time>
      </trkpt>
      <trkpt lat="47.931655" lon="8.196132">
        <ele>881.960859</ele>
        <time>2025-10-21T17:20:57.000Z</time>
      </trkpt>
      <trkpt lat="47.931676" lon="8.196109">
        <ele>881.669277</ele>
        <time>2025-10-21T17:20:58.000Z</time>
      </trkpt>
      <trkpt lat="47.931693" lon="8.196090">
        <ele>881.431533</ele>
        <time>2025-10-21T17:20:59.000Z</time>
      </trkpt>
      <trkpt lat="47.931705" lon="8.196072">
        <ele>881.241083</ele>
        <time>2025-10-21T17:21:00.000Z</time>
      </trkpt>
      <trkpt lat="47.931725" lon="8.196050">
        <ele>880.962963</ele>
        <time>2025-10-21T17:21:01.000Z</time>
      </trkpt>
      <trkpt lat="47.931752" lon="8.196024">
        <ele>880.603270</ele>
        <time>2025-10-21T17:21:02.000Z</time>
      </trkpt>
      <trkpt lat="47.931769" lon="8.196003">
        <ele>880.356243</ele>
        <time>2025-10-21T17:21:03.000Z</time>
      </trkpt>
      <trkpt lat="47.931782" lon="8.195981">
        <ele>880.136233</ele>
        <time>2025-10-21T17:21:04.000Z</time>
      </trkpt>
      <trkpt lat="47.931803" lon="8.195955">
        <ele>879.830800</ele>
        <time>2025-10-21T17:21:05.000Z</time>
      </trkpt>
      <trkpt lat="47.931826" lon="8.195931">
        <ele>879.516649</ele>
        <time>2025-10-21T17:21:06.000Z</time>
      </trkpt>
      <trkpt lat="47.931844" lon="8.195918">
        <ele>879.292802</ele>
        <time>2025-10-21T17:21:07.000Z</time>
      </trkpt>
      <trkpt lat="47.931856" lon="8.195899">
        <ele>879.096965</ele>
        <time>2025-10-21T17:21:08.000Z</time>
      </trkpt>
      <trkpt lat="47.931878" lon="8.195872">
        <ele>878.778125</ele>
        <time>2025-10-21T17:21:09.000Z</time>
      </trkpt>
      <trkpt lat="47.931902" lon="8.195848">
        <ele>878.454735</ele>
        <time>2025-10-21T17:21:10.000Z</time>
      </trkpt>
      <trkpt lat="47.931923" lon="8.195827">
        <ele>878.171770</ele>
        <time>2025-10-21T17:21:11.000Z</time>
      </trkpt>
      <trkpt lat="47.931936" lon="8.195806">
        <ele>877.957328</ele>
        <time>2025-10-21T17:21:12.000Z</time>
      </trkpt>
      <trkpt lat="47.931956" lon="8.195778">
        <ele>877.650364</ele>
        <time>2025-10-21T17:21:13.000Z</time>
      </trkpt>
      <trkpt lat="47.931977" lon="8.195748">
        <ele>877.324957</ele>
        <time>2025-10-21T17:21:14.000Z</time>
      </trkpt>
      <trkpt lat="47.931993" lon="8.195728">
        <ele>877.091332</ele>
        <time>2025-10-21T17:21:15.000Z</time>
      </trkpt>
      <trkpt lat="47.932005" lon="8.195704">
        <ele>876.866728</ele>
        <time>2025-10-21T17:21:16.000Z</time>
      </trkpt>
      <trkpt lat="47.932020" lon="8.195670">
        <ele>876.561403</ele>
        <time>2025-10-21T17:21:17.000Z</time>
      </trkpt>
      <trkpt lat="47.932039" lon="8.195633">
        <ele>876.211763</ele>
        <time>2025-10-21T17:21:18.000Z</time>
      </trkpt>
      <trkpt lat="47.932054" lon="8.195605">
        <ele>875.942881</ele>
        <time>2025-10-21T17:21:19.000Z</time>
      </trkpt>
      <trkpt lat="47.932061" lon="8.195583">
        <ele>875.760215</ele>
        <time>2025-10-21T17:21:20.000Z</time>
      </trkpt>
      <trkpt lat="47.932069" lon="8.195551">
        <ele>875.504045</ele>
        <time>2025-10-21T17:21:21.000Z</time>
      </trkpt>
      <trkpt lat="47.932083" lon="8.195515">
        <ele>875.191850</ele>
        <time>2025-10-21T17:21:22.000Z</time>
      </trkpt>
      <trkpt lat="47.932091" lon="8.195480">
        <ele>874.914487</ele>
        <time>2025-10-21T17:21:23.000Z</time>
      </trkpt>
      <trkpt lat="47.932096" lon="8.195455">
        <ele>874.718806</ele>
        <time>2025-10-21T17:21:24.000Z</time>
      </trkpt>
      <trkpt lat="47.932100" lon="8.195417">
        <ele>874.430302</ele>
        <time>2025-10-21T17:21:25.000Z</time>
      </trkpt>
      <trkpt lat="47.932109" lon="8.195374">
        <ele>874.092422</ele>
        <time>2025-10-21T17:21:26.000Z</time>
      </trkpt>
      <trkpt lat="47.932112" lon="8.195335">
        <ele>873.797992</ele>
        <time>2025-10-21T17:21:27.000Z</time>
      </trkpt>
      <trkpt lat="47.932109" lon="8.195308">
        <ele>873.592720</ele>
        <time>2025-10-21T17:21:28.000Z</time>
      </trkpt>
      <trkpt lat="47.932109" lon="8.195272">
        <ele>873.370015</ele>
        <time>2025-10-21T17:21:29.000Z</time>
      </trkpt>
      <trkpt lat="47.932111" lon="8.195236">
        <ele>873.351828</ele>
        <time>2025-10-21T17:21:30.000Z</time>
      </trkpt>
      <trkpt lat="47.932110" lon="8.195204">
        <ele>873.335700</ele>
        <time>2025-10-21T17:21:31.000Z</time>
      </trkpt>
      <trkpt lat="47.932107" lon="8.195174">
        <ele>873.320429</ele>
        <time>2025-10-21T17:21:32.000Z</time>
      </trkpt>
      <trkpt lat="47.932104" lon="8.195137">
        <ele>873.301665</ele>
        <time>2025-10-21T17:21:33.000Z</time>
      </trkpt>
      <trkpt lat="47.932108" lon="8.195098">
        <ele>873.281802</ele>
        <time>2025-10-21T17:21:34.000Z</time>
      </trkpt>
      <trkpt lat="47.932107" lon="8.195064">
        <ele>873.264668</ele>
        <time>2025-10-21T17:21:35.000Z</time>
      </trkpt>
      <trkpt lat="47.932109" lon="8.195037">
        <ele>873.250991</ele>
        <time>2025-10-21T17:21:36.000Z</time>
      </trkpt>
      <trkpt lat="47.932123" lon="8.195020">
        <ele>873.237430</ele>
        <time>2025-10-21T17:21:37.000Z</time>
      </trkpt>
      <trkpt lat="47.932141" lon="8.195023">
        <ele>873.223820</ele>
        <time>2025-10-21T17:21:38.000Z</time>
      </trkpt>
      <trkpt lat="47.932154" lon="8.195037">
        <ele>873.211774</ele>
        <time>2025-10-21T17:21:39.000Z</time>
      </trkpt>
      <trkpt lat="47.932160" lon="8.195065">
        <ele>873.196974</ele>
        <time>2025-10-21T17:21:40.000Z</time>
      </trkpt>
      <trkpt lat="47.932166" lon="8.195094">
        <ele>873.181693</ele>
        <time>2025-10-21T17:21:41.000Z</time>
      </trkpt>
      <trkpt lat="47.932175" lon="8.195121">
        <ele>873.166511</ele>
        <time>2025-10-21T17:21:42.000Z</time>
      </trkpt>
      <trkpt lat="47.932182" lon="8.195152">
        <ele>873.150041</ele>
        <time>2025-10-21T17:21:43.000Z</time>
      </trkpt>
      <trkpt lat="47.932178" lon="8.195183">
        <ele>873.134147</ele>
        <time>2025-10-21T17:21:44.000Z</time>
      </trkpt>
      <trkpt lat="47.932185" lon="8.195204">
        <ele>873.122338</ele>
        <time>2025-10-21T17:21:45.000Z</time>
      </trkpt>
      <trkpt lat="47.932191" lon="8.195234">
        <ele>873.106576</ele>
        <time>2025-10-21T17:21:46.000Z</time>
      </trkpt>
      <trkpt lat="47.932193" lon="8.195270">
        <ele>873.088389</ele>
        <time>2025-10-21T17:21:47.000Z</time>
      </trkpt>
      <trkpt lat="47.932198" lon="8.195298">
        <ele>873.073800</ele>
        <time>2025-10-21T17:21:48.000Z</time>
      </trkpt>
      <trkpt lat="47.932208" lon="8.195318">
        <ele>873.061237</ele>
        <time>2025-10-21T17:21:49.000Z</time>
      </trkpt>
      <trkpt lat="47.932213" lon="8.195349">
        <ele>873.045184</ele>
        <time>2025-10-21T17:21:50.000Z</time>
      </trkpt>
      <trkpt lat="47.932208" lon="8.195386">
        <ele>873.026181</ele>
        <time>2025-10-21T17:21:51.000Z</time>
      </trkpt>
      <trkpt lat="47.932216" lon="8.195413">
        <ele>873.011317</ele>
        <time>2025-10-21T17:21:52.000Z</time>
      </trkpt>
      <trkpt lat="47.932214" lon="8.195453">
        <ele>872.991123</ele>
        <time>2025-10-21T17:21:53.000Z</time>
      </trkpt>
      <trkpt lat="47.932201" lon="8.195491">
        <ele>872.969642</ele>
        <time>2025-10-21T17:21:54.000Z</time>
      </trkpt>
      <trkpt lat="47.932204" lon="8.195515">
        <ele>872.957351</ele>
        <time>2025-10-21T17:21:55.000Z</time>
      </trkpt>
      <trkpt lat="47.932200" lon="8.195545">
        <ele>872.941951</ele>
        <time>2025-10-21T17:21:56.000Z</time>
      </trkpt>
      <trkpt lat="47.932185" lon="8.195588">
        <ele>872.917544</ele>
        <time>2025-10-21T17:21:57.000Z</time>
      </trkpt>
      <trkpt lat="47.932180" lon="8.195613">
        <ele>872.904408</ele>
        <time>2025-10-21T17:21:58.000Z</time>
      </trkpt>
      <trkpt lat="47.932175" lon="8.195637">
        <ele>872.891755</ele>
        <time>2025-10-21T17:21:59.000Z</time>
      </trkpt>
      <trkpt lat="47.932162" lon="8.195679">
        <ele>872.868462</ele>
        <time>2025-10-21T17:22:00.000Z</time>
      </trkpt>
      <trkpt lat="47.932157" lon="8.195708">
        <ele>872.853386</ele>
        <time>2025-10-21T17:22:01.000Z</time>
      </trkpt>
      <trkpt lat="47.932154" lon="8.195734">
        <ele>872.840104</ele>
        <time>2025-10-21T17:22:02.000Z</time>
      </trkpt>
      <trkpt lat="47.932147" lon="8.195768">
        <ele>872.822196</ele>
        <time>2025-10-21T17:22:03.000Z</time>
      </trkpt>
      <trkpt lat="47.932139" lon="8.195798">
        <ele>872.805940</ele>
        <time>2025-10-21T17:22:04.000Z</time>
      </trkpt>
      <trkpt lat="47.932133" lon="8.195824">
        <ele>872.792095</ele>
        <time>2025-10-21T17:22:05.000Z</time>
      </trkpt>
      <trkpt lat="47.932125" lon="8.195857">
        <ele>872.774427</ele>
        <time>2025-10-21T17:22:06.000Z</time>
      </trkpt>
      <trkpt lat="47.932114" lon="8.195897">
        <ele>872.752659</ele>
        <time>2025-10-21T17:22:07.000Z</time>
      </trkpt>
      <trkpt lat="47.932103" lon="8.195924">
        <ele>872.736750</ele>
        <time>2025-10-21T17:22:08.000Z</time>
      </trkpt>
      <trkpt lat="47.932094" lon="8.195954">
        <ele>872.720201</ele>
        <time>2025-10-21T17:22:09.000Z</time>
      </trkpt>
      <trkpt lat="47.932085" lon="8.195982">
        <ele>872.704566</ele>
        <time>2025-10-21T17:22:10.000Z</time>
      </trkpt>
      <trkpt lat="47.932080" lon="8.196009">
        <ele>872.690463</ele>
        <time>2025-10-21T17:22:11.000Z</time>
      </trkpt>
      <trkpt lat="47.932073" lon="8.196040">
        <ele>872.673993</ele>
        <time>2025-10-21T17:22:12.000Z</time>
      </trkpt>
      <trkpt lat="47.932062" lon="8.196074">
        <ele>872.654984</ele>
        <time>2025-10-21T17:22:13.000Z</time>
      </trkpt>
      <trkpt lat="47.932054" lon="8.196102">
        <ele>872.639659</ele>
        <time>2025-10-21T17:22:14.000Z</time>
      </trkpt>
      <trkpt lat="47.932050" lon="8.196134">
        <ele>872.623271</ele>
        <time>2025-10-21T17:22:15.000Z</time>
      </trkpt>
      <trkpt lat="47.932038" lon="8.196175">
        <ele>872.600745</ele>
        <time>2025-10-21T17:22:16.000Z</time>
      </trkpt>
      <trkpt lat="47.932031" lon="8.196203">
        <ele>872.585699</ele>
        <time>2025-10-21T17:22:17.000Z</time>
      </trkpt>
      <trkpt lat="47.932029" lon="8.196234">
        <ele>872.570020</ele>
        <time>2025-10-21T17:22:18.000Z</time>
      </trkpt>
      <trkpt lat="47.932028" lon="8.196277">
        <ele>872.548358</ele>
        <time>2025-10-21T17:22:19.000Z</time>
      </trkpt>
      <trkpt lat="47.932029" lon="8.196307">
        <ele>872.533235</ele>
        <time>2025-10-21T17:22:20.000Z</time>
      </trkpt>
      <trkpt lat="47.932036" lon="8.196340">
        <ele>872.515808</ele>
        <time>2025-10-21T17:22:21.000Z</time>
      </trkpt>
      <trkpt lat="47.932036" lon="8.196384">
        <ele>872.493656</ele>
        <time>2025-10-21T17:22:22.000Z</time>
      </trkpt>
      <trkpt lat="47.932043" lon="8.196414">
        <ele>872.477663</ele>
        <time>2025-10-21T17:22:23.000Z</time>
      </trkpt>
      <trkpt lat="47.932060" lon="8.196436">
        <ele>872.460755</ele>
        <time>2025-10-21T17:22:24.000Z</time>
      </trkpt>
      <trkpt lat="47.932072" lon="8.196467">
        <ele>872.442731</ele>
        <time>2025-10-21T17:22:25.000Z</time>
      </trkpt>
      <trkpt lat="47.932080" lon="8.196496">
        <ele>872.426941</ele>
        <time>2025-10-21T17:22:26.000Z</time>
      </trkpt>
      <trkpt lat="47.932095" lon="8.196516">
        <ele>872.411827</ele>
        <time>2025-10-21T17:22:27.000Z</time>
      </trkpt>
      <trkpt lat="47.932109" lon="8.196541">
        <ele>872.395423</ele>
        <time>2025-10-21T17:22:28.000Z</time>
      </trkpt>
      <trkpt lat="47.932117" lon="8.196573">
        <ele>872.378228</ele>
        <time>2025-10-21T17:22:29.000Z</time>
      </trkpt>
      <trkpt lat="47.932140" lon="8.196593">
        <ele>872.358226</ele>
        <time>2025-10-21T17:22:30.000Z</time>
      </trkpt>
      <trkpt lat="47.932150" lon="8.196604">
        <ele>872.348891</ele>
        <time>2025-10-21T17:22:31.000Z</time>
      </trkpt>
      <trkpt lat="47.932160" lon="8.196638">
        <ele>872.330197</ele>
        <time>2025-10-21T17:22:32.000Z</time>
      </trkpt>
      <trkpt lat="47.932178" lon="8.196655">
        <ele>872.314191</ele>
        <time>2025-10-21T17:22:33.000Z</time>
      </trkpt>
      <trkpt lat="47.932192" lon="8.196677">
        <ele>872.298915</ele>
        <time>2025-10-21T17:22:34.000Z</time>
      </trkpt>
      <trkpt lat="47.932206" lon="8.196712">
        <ele>872.278393</ele>
        <time>2025-10-21T17:22:35.000Z</time>
      </trkpt>
      <trkpt lat="47.932223" lon="8.196740">
        <ele>872.259369</ele>
        <time>2025-10-21T17:22:36.000Z</time>
      </trkpt>
      <trkpt lat="47.932239" lon="8.196764">
        <ele>872.242324</ele>
        <time>2025-10-21T17:22:37.000Z</time>
      </trkpt>
      <trkpt lat="47.932255" lon="8.196795">
        <ele>872.222623</ele>
        <time>2025-10-21T17:22:38.000Z</time>
      </trkpt>
      <trkpt lat="47.932273" lon="8.196818">
        <ele>872.204818</ele>
        <time>2025-10-21T17:22:39.000Z</time>
      </trkpt>
      <trkpt lat="47.932294" lon="8.196835">
        <ele>872.186866</ele>
        <time>2025-10-21T17:22:40.000Z</time>
      </trkpt>
      <trkpt lat="47.932307" lon="8.196870">
        <ele>872.166719</ele>
        <time>2025-10-21T17:22:41.000Z</time>
      </trkpt>
      <trkpt lat="47.932324" lon="8.196889">
        <ele>872.150760</ele>
        <time>2025-10-21T17:22:42.000Z</time>
      </trkpt>
      <trkpt lat="47.932340" lon="8.196903">
        <ele>872.136824</ele>
        <time>2025-10-21T17:22:43.000Z</time>
      </trkpt>
      <trkpt lat="47.932355" lon="8.196931">
        <ele>872.118775</ele>
        <time>2025-10-21T17:22:44.000Z</time>
      </trkpt>
      <trkpt lat="47.932375" lon="8.196950">
        <ele>872.100961</ele>
        <time>2025-10-21T17:22:45.000Z</time>
      </trkpt>
      <trkpt lat="47.932391" lon="8.196962">
        <ele>872.087505</ele>
        <time>2025-10-21T17:22:46.000Z</time>
      </trkpt>
      <trkpt lat="47.932412" lon="8.196986">
        <ele>872.067631</ele>
        <time>2025-10-21T17:22:47.000Z</time>
      </trkpt>
      <trkpt lat="47.932429" lon="8.197010">
        <ele>872.050047</ele>
        <time>2025-10-21T17:22:48.000Z</time>
      </trkpt>
      <trkpt lat="47.932446" lon="8.197027">
        <ele>872.034671</ele>
        <time>2025-10-21T17:22:49.000Z</time>
      </trkpt>
      <trkpt lat="47.932462" lon="8.197047">
        <ele>872.028836</ele>
        <time>2025-10-21T17:22:50.000Z</time>
      </trkpt>
      <trkpt lat="47.932474" lon="8.197071">
        <ele>872.065022</ele>
        <time>2025-10-21T17:22:51.000Z</time>
      </trkpt>
      <trkpt lat="47.932490" lon="8.197085">
        <ele>872.098471</ele>
        <time>2025-10-21T17:22:52.000Z</time>
      </trkpt>
      <trkpt lat="47.932510" lon="8.197105">
        <ele>872.141888</ele>
        <time>2025-10-21T17:22:53.000Z</time>
      </trkpt>
      <trkpt lat="47.932526" lon="8.197132">
        <ele>872.185443</ele>
        <time>2025-10-21T17:22:54.000Z</time>
      </trkpt>
      <trkpt lat="47.932545" lon="8.197140">
        <ele>872.221047</ele>
        <time>2025-10-21T17:22:55.000Z</time>
      </trkpt>
      <trkpt lat="47.932566" lon="8.197159">
        <ele>872.265336</ele>
        <time>2025-10-21T17:22:56.000Z</time>
      </trkpt>
      <trkpt lat="47.932580" lon="8.197183">
        <ele>872.303787</ele>
        <time>2025-10-21T17:22:57.000Z</time>
      </trkpt>
      <trkpt lat="47.932598" lon="8.197199">
        <ele>872.341571</ele>
        <time>2025-10-21T17:22:58.000Z</time>
      </trkpt>
      <trkpt lat="47.932614" lon="8.197220">
        <ele>872.379997</ele>
        <time>2025-10-21T17:22:59.000Z</time>
      </trkpt>
      <trkpt lat="47.932625" lon="8.197240">
        <ele>872.411264</ele>
        <time>2025-10-21T17:23:00.000Z</time>
      </trkpt>
      <trkpt lat="47.932644" lon="8.197253">
        <ele>872.448959</ele>
        <time>2025-10-21T17:23:01.000Z</time>
      </trkpt>
      <trkpt lat="47.932661" lon="8.197266">
        <ele>872.483409</ele>
        <time>2025-10-21T17:23:02.000Z</time>
      </trkpt>
      <trkpt lat="47.932680" lon="8.197294">
        <ele>872.531563</ele>
        <time>2025-10-21T17:23:03.000Z</time>
      </trkpt>
      <trkpt lat="47.932701" lon="8.197310">
        <ele>872.574086</ele>
        <time>2025-10-21T17:23:04.000Z</time>
      </trkpt>
      <trkpt lat="47.932719" lon="8.197327">
        <ele>872.612502</ele>
        <time>2025-10-21T17:23:05.000Z</time>
      </trkpt>
      <trkpt lat="47.932736" lon="8.197356">
        <ele>872.659063</ele>
        <time>2025-10-21T17:23:06.000Z</time>
      </trkpt>
      <trkpt lat="47.932754" lon="8.197373">
        <ele>872.697479</ele>
        <time>2025-10-21T17:23:07.000Z</time>
      </trkpt>
      <trkpt lat="47.932769" lon="8.197389">
        <ele>872.730730</ele>
        <time>2025-10-21T17:23:08.000Z</time>
      </trkpt>
      <trkpt lat="47.932791" lon="8.197415">
        <ele>872.781339</ele>
        <time>2025-10-21T17:23:09.000Z</time>
      </trkpt>
      <trkpt lat="47.932811" lon="8.197429">
        <ele>872.821179</ele>
        <time>2025-10-21T17:23:10.000Z</time>
      </trkpt>
      <trkpt lat="47.932828" lon="8.197443">
        <ele>872.856196</ele>
        <time>2025-10-21T17:23:11.000Z</time>
      </trkpt>
      <trkpt lat="47.932852" lon="8.197475">
        <ele>872.914235</ele>
        <time>2025-10-21T17:23:12.000Z</time>
      </trkpt>
      <trkpt lat="47.932870" lon="8.197488">
        <ele>872.950299</ele>
        <time>2025-10-21T17:23:13.000Z</time>
      </trkpt>
      <trkpt lat="47.932890" lon="8.197501">
        <ele>872.989641</ele>
        <time>2025-10-21T17:23:14.000Z</time>
      </trkpt>
      <trkpt lat="47.932908" lon="8.197526">
        <ele>873.033985</ele>
        <time>2025-10-21T17:23:15.000Z</time>
      </trkpt>
      <trkpt lat="47.932929" lon="8.197542">
        <ele>873.076508</ele>
        <time>2025-10-21T17:23:16.000Z</time>
      </trkpt>
      <trkpt lat="47.932945" lon="8.197552">
        <ele>873.107791</ele>
        <time>2025-10-21T17:23:17.000Z</time>
      </trkpt>
      <trkpt lat="47.932969" lon="8.197576">
        <ele>873.159892</ele>
        <time>2025-10-21T17:23:18.000Z</time>
      </trkpt>
      <trkpt lat="47.932988" lon="8.197593">
        <ele>873.199844</ele>
        <time>2025-10-21T17:23:19.000Z</time>
      </trkpt>
      <trkpt lat="47.933005" lon="8.197608">
        <ele>873.235460</ele>
        <time>2025-10-21T17:23:20.000Z</time>
      </trkpt>
      <trkpt lat="47.933028" lon="8.197636">
        <ele>873.288989</ele>
        <time>2025-10-21T17:23:21.000Z</time>
      </trkpt>
      <trkpt lat="47.933045" lon="8.197654">
        <ele>873.326579</ele>
        <time>2025-10-21T17:23:22.000Z</time>
      </trkpt>
      <trkpt lat="47.933059" lon="8.197666">
        <ele>873.355695</ele>
        <time>2025-10-21T17:23:23.000Z</time>
      </trkpt>
      <trkpt lat="47.933079" lon="8.197684">
        <ele>873.397815</ele>
        <time>2025-10-21T17:23:24.000Z</time>
      </trkpt>
      <trkpt lat="47.933094" lon="8.197698">
        <ele>873.429722</ele>
        <time>2025-10-21T17:23:25.000Z</time>
      </trkpt>
      <trkpt lat="47.933105" lon="8.197710">
        <ele>873.454294</ele>
        <time>2025-10-21T17:23:26.000Z</time>
      </trkpt>
      <trkpt lat="47.933122" lon="8.197728">
        <ele>873.491885</ele>
        <time>2025-10-21T17:23:27.000Z</time>
      </trkpt>
      <trkpt lat="47.933144" lon="8.197746">
        <ele>873.537132</ele>
        <time>2025-10-21T17:23:28.000Z</time>
      </trkpt>
      <trkpt lat="47.933161" lon="8.197754">
        <ele>873.569279</ele>
        <time>2025-10-21T17:23:29.000Z</time>
      </trkpt>
      <trkpt lat="47.933186" lon="8.197770">
        <ele>873.618337</ele>
        <time>2025-10-21T17:23:30.000Z</time>
      </trkpt>
      <trkpt lat="47.933205" lon="8.197788">
        <ele>873.658923</ele>
        <time>2025-10-21T17:23:31.000Z</time>
      </trkpt>
      <trkpt lat="47.933224" lon="8.197796">
        <ele>873.694527</ele>
        <time>2025-10-21T17:23:32.000Z</time>
      </trkpt>
      <trkpt lat="47.933248" lon="8.197813">
        <ele>873.742437</ele>
        <time>2025-10-21T17:23:33.000Z</time>
      </trkpt>
      <trkpt lat="47.933272" lon="8.197832">
        <ele>873.791433</ele>
        <time>2025-10-21T17:23:34.000Z</time>
      </trkpt>
      <trkpt lat="47.933294" lon="8.197846">
        <ele>873.834566</ele>
        <time>2025-10-21T17:23:35.000Z</time>
      </trkpt>
      <trkpt lat="47.933318" lon="8.197867">
        <ele>873.884739</ele>
        <time>2025-10-21T17:23:36.000Z</time>
      </trkpt>
      <trkpt lat="47.933342" lon="8.197888">
        <ele>873.934912</ele>
        <time>2025-10-21T17:23:37.000Z</time>
      </trkpt>
      <trkpt lat="47.933360" lon="8.197902">
        <ele>873.971519</ele>
        <time>2025-10-21T17:23:38.000Z</time>
      </trkpt>
      <trkpt lat="47.933378" lon="8.197920">
        <ele>874.010594</ele>
        <time>2025-10-21T17:23:39.000Z</time>
      </trkpt>
      <trkpt lat="47.933399" lon="8.197946">
        <ele>874.059802</ele>
        <time>2025-10-21T17:23:40.000Z</time>
      </trkpt>
      <trkpt lat="47.933418" lon="8.197957">
        <ele>874.096555</ele>
        <time>2025-10-21T17:23:41.000Z</time>
      </trkpt>
      <trkpt lat="47.933430" lon="8.197968">
        <ele>874.121953</ele>
        <time>2025-10-21T17:23:42.000Z</time>
      </trkpt>
      <trkpt lat="47.933455" lon="8.197987">
        <ele>874.172549</ele>
        <time>2025-10-21T17:23:43.000Z</time>
      </trkpt>
      <trkpt lat="47.933474" lon="8.197999">
        <ele>874.209757</ele>
        <time>2025-10-21T17:23:44.000Z</time>
      </trkpt>
      <trkpt lat="47.933491" lon="8.198007">
        <ele>874.241904</ele>
        <time>2025-10-21T17:23:45.000Z</time>
      </trkpt>
      <trkpt lat="47.933519" lon="8.198027">
        <ele>874.297886</ele>
        <time>2025-10-21T17:23:46.000Z</time>
      </trkpt>
      <trkpt lat="47.933539" lon="8.198036">
        <ele>874.335560</ele>
        <time>2025-10-21T17:23:47.000Z</time>
      </trkpt>
      <trkpt lat="47.933558" lon="8.198044">
        <ele>874.371164</ele>
        <time>2025-10-21T17:23:48.000Z</time>
      </trkpt>
      <trkpt lat="47.933586" lon="8.198053">
        <ele>874.422819</ele>
        <time>2025-10-21T17:23:49.000Z</time>
      </trkpt>
      <trkpt lat="47.933607" lon="8.198065">
        <ele>874.463373</ele>
        <time>2025-10-21T17:23:50.000Z</time>
      </trkpt>
      <trkpt lat="47.933625" lon="8.198071">
        <ele>874.496636</ele>
        <time>2025-10-21T17:23:51.000Z</time>
      </trkpt>
      <trkpt lat="47.933651" lon="8.198075">
        <ele>874.543775</ele>
        <time>2025-10-21T17:23:52.000Z</time>
      </trkpt>
      <trkpt lat="47.933671" lon="8.198093">
        <ele>874.585895</ele>
        <time>2025-10-21T17:23:53.000Z</time>
      </trkpt>
      <trkpt lat="47.933689" lon="8.198104">
        <ele>874.620973</ele>
        <time>2025-10-21T17:23:54.000Z</time>
      </trkpt>
      <trkpt lat="47.933704" lon="8.198107">
        <ele>874.648267</ele>
        <time>2025-10-21T17:23:55.000Z</time>
      </trkpt>
      <trkpt lat="47.933732" lon="8.198122">
        <ele>874.701919</ele>
        <time>2025-10-21T17:23:56.000Z</time>
      </trkpt>
      <trkpt lat="47.933751" lon="8.198129">
        <ele>874.737214</ele>
        <time>2025-10-21T17:23:57.000Z</time>
      </trkpt>
      <trkpt lat="47.933771" lon="8.198130">
        <ele>874.773304</ele>
        <time>2025-10-21T17:23:58.000Z</time>
      </trkpt>
      <trkpt lat="47.933792" lon="8.198143">
        <ele>874.814306</ele>
        <time>2025-10-21T17:23:59.000Z</time>
      </trkpt>
      <trkpt lat="47.933811" lon="8.198149">
        <ele>874.849330</ele>
        <time>2025-10-21T17:24:00.000Z</time>
      </trkpt>
      <trkpt lat="47.933825" lon="8.198153">
        <ele>874.875038</ele>
        <time>2025-10-21T17:24:01.000Z</time>
      </trkpt>
      <trkpt lat="47.933847" lon="8.198165">
        <ele>874.917281</ele>
        <time>2025-10-21T17:24:02.000Z</time>
      </trkpt>
      <trkpt lat="47.933869" lon="8.198181">
        <ele>874.961417</ele>
        <time>2025-10-21T17:24:03.000Z</time>
      </trkpt>
      <trkpt lat="47.933885" lon="8.198185">
        <ele>874.990675</ele>
        <time>2025-10-21T17:24:04.000Z</time>
      </trkpt>
      <trkpt lat="47.933906" lon="8.198184">
        <ele>875.028568</ele>
        <time>2025-10-21T17:24:05.000Z</time>
      </trkpt>
      <trkpt lat="47.933934" lon="8.198199">
        <ele>875.082220</ele>
        <time>2025-10-21T17:24:06.000Z</time>
      </trkpt>
      <trkpt lat="47.933951" lon="8.198207">
        <ele>875.114367</ele>
        <time>2025-10-21T17:24:07.000Z</time>
      </trkpt>
      <trkpt lat="47.933974" lon="8.198210">
        <ele>875.156005</ele>
        <time>2025-10-21T17:24:08.000Z</time>
      </trkpt>
      <trkpt lat="47.933997" lon="8.198224">
        <ele>875.200802</ele>
        <time>2025-10-21T17:24:09.000Z</time>
      </trkpt>
      <trkpt lat="47.934018" lon="8.198236">
        <ele>875.241356</ele>
        <time>2025-10-21T17:24:10.000Z</time>
      </trkpt>
      <trkpt lat="47.934035" lon="8.198240">
        <ele>875.251087</ele>
        <time>2025-10-21T17:24:11.000Z</time>
      </trkpt>
      <trkpt lat="47.934052" lon="8.198254">
        <ele>875.174311</ele>
        <time>2025-10-21T17:24:12.000Z</time>
      </trkpt>
      <trkpt lat="47.934074" lon="8.198275">
        <ele>875.071048</ele>
        <time>2025-10-21T17:24:13.000Z</time>
      </trkpt>
      <trkpt lat="47.934091" lon="8.198287">
        <ele>874.996687</ele>
        <time>2025-10-21T17:24:14.000Z</time>
      </trkpt>
      <trkpt lat="47.934110" lon="8.198286">
        <ele>874.921509</ele>
        <time>2025-10-21T17:24:15.000Z</time>
      </trkpt>
      <trkpt lat="47.934130" lon="8.198288">
        <ele>874.842246</ele>
        <time>2025-10-21T17:24:16.000Z</time>
      </trkpt>
      <trkpt lat="47.934152" lon="8.198301">
        <ele>874.748683</ele>
        <time>2025-10-21T17:24:17.000Z</time>
      </trkpt>
      <trkpt lat="47.934169" lon="8.198302">
        <ele>874.681408</ele>
        <time>2025-10-21T17:24:18.000Z</time>
      </trkpt>
      <trkpt lat="47.934185" lon="8.198297">
        <ele>874.616768</ele>
        <time>2025-10-21T17:24:19.000Z</time>
      </trkpt>
      <trkpt lat="47.934216" lon="8.198309">
        <ele>874.490130</ele>
        <time>2025-10-21T17:24:20.000Z</time>
      </trkpt>
      <trkpt lat="47.934240" lon="8.198313">
        <ele>874.394638</ele>
        <time>2025-10-21T17:24:21.000Z</time>
      </trkpt>
      <trkpt lat="47.934258" lon="8.198312">
        <ele>874.323412</ele>
        <time>2025-10-21T17:24:22.000Z</time>
      </trkpt>
      <trkpt lat="47.934281" lon="8.198313">
        <ele>874.232425</ele>
        <time>2025-10-21T17:24:23.000Z</time>
      </trkpt>
      <trkpt lat="47.934304" lon="8.198327">
        <ele>874.134205</ele>
        <time>2025-10-21T17:24:24.000Z</time>
      </trkpt>
      <trkpt lat="47.934323" lon="8.198327">
        <ele>874.059074</ele>
        <time>2025-10-21T17:24:25.000Z</time>
      </trkpt>
      <trkpt lat="47.934342" lon="8.198323">
        <ele>873.983199</ele>
        <time>2025-10-21T17:24:26.000Z</time>
      </trkpt>
      <trkpt lat="47.934370" lon="8.198330">
        <ele>873.870938</ele>
        <time>2025-10-21T17:24:27.000Z</time>
      </trkpt>
      <trkpt lat="47.934390" lon="8.198335">
        <ele>873.790751</ele>
        <time>2025-10-21T17:24:28.000Z</time>
      </trkpt>
      <trkpt lat="47.934408" lon="8.198329">
        <ele>873.717820</ele>
        <time>2025-10-21T17:24:29.000Z</time>
      </trkpt>
      <trkpt lat="47.934437" lon="8.198337">
        <ele>873.601205</ele>
        <time>2025-10-21T17:24:30.000Z</time>
      </trkpt>
      <trkpt lat="47.934459" lon="8.198345">
        <ele>873.511666</ele>
        <time>2025-10-21T17:24:31.000Z</time>
      </trkpt>
      <trkpt lat="47.934478" lon="8.198342">
        <ele>873.436116</ele>
        <time>2025-10-21T17:24:32.000Z</time>
      </trkpt>
      <trkpt lat="47.934508" lon="8.198347">
        <ele>873.316751</ele>
        <time>2025-10-21T17:24:33.000Z</time>
      </trkpt>
      <trkpt lat="47.934535" lon="8.198356">
        <ele>873.207355</ele>
        <time>2025-10-21T17:24:34.000Z</time>
      </trkpt>
      <trkpt lat="47.934554" lon="8.198354">
        <ele>873.132038</ele>
        <time>2025-10-21T17:24:35.000Z</time>
      </trkpt>
      <trkpt lat="47.934578" lon="8.198352">
        <ele>873.036988</ele>
        <time>2025-10-21T17:24:36.000Z</time>
      </trkpt>
      <trkpt lat="47.934604" lon="8.198358">
        <ele>872.932955</ele>
        <time>2025-10-21T17:24:37.000Z</time>
      </trkpt>
      <trkpt lat="47.934625" lon="8.198358">
        <ele>872.849916</ele>
        <time>2025-10-21T17:24:38.000Z</time>
      </trkpt>
      <trkpt lat="47.934641" lon="8.198351">
        <ele>872.783985</ele>
        <time>2025-10-21T17:24:39.000Z</time>
      </trkpt>
      <trkpt lat="47.934665" lon="8.198359">
        <ele>872.686745</ele>
        <time>2025-10-21T17:24:40.000Z</time>
      </trkpt>
      <trkpt lat="47.934689" lon="8.198362">
        <ele>872.591511</ele>
        <time>2025-10-21T17:24:41.000Z</time>
      </trkpt>
      <trkpt lat="47.934707" lon="8.198357">
        <ele>872.519112</ele>
        <time>2025-10-21T17:24:42.000Z</time>
      </trkpt>
      <trkpt lat="47.934735" lon="8.198366">
        <ele>872.405854</ele>
        <time>2025-10-21T17:24:43.000Z</time>
      </trkpt>
      <trkpt lat="47.934761" lon="8.198374">
        <ele>872.300881</ele>
        <time>2025-10-21T17:24:44.000Z</time>
      </trkpt>
      <trkpt lat="47.934780" lon="8.198372">
        <ele>872.225564</ele>
        <time>2025-10-21T17:24:45.000Z</time>
      </trkpt>
      <trkpt lat="47.934808" lon="8.198377">
        <ele>872.114055</ele>
        <time>2025-10-21T17:24:46.000Z</time>
      </trkpt>
      <trkpt lat="47.934836" lon="8.198391">
        <ele>871.997288</ele>
        <time>2025-10-21T17:24:47.000Z</time>
      </trkpt>
      <trkpt lat="47.934856" lon="8.198392">
        <ele>871.918158</ele>
        <time>2025-10-21T17:24:48.000Z</time>
      </trkpt>
      <trkpt lat="47.934878" lon="8.198394">
        <ele>871.831003</ele>
        <time>2025-10-21T17:24:49.000Z</time>
      </trkpt>
      <trkpt lat="47.934905" lon="8.198406">
        <ele>871.719606</ele>
        <time>2025-10-21T17:24:50.000Z</time>
      </trkpt>
      <trkpt lat="47.934924" lon="8.198414">
        <ele>871.641542</ele>
        <time>2025-10-21T17:24:51.000Z</time>
      </trkpt>
      <trkpt lat="47.934943" lon="8.198414">
        <ele>871.566411</ele>
        <time>2025-10-21T17:24:52.000Z</time>
      </trkpt>
      <trkpt lat="47.934969" lon="8.198422">
        <ele>871.461439</ele>
        <time>2025-10-21T17:24:53.000Z</time>
      </trkpt>
      <trkpt lat="47.934993" lon="8.198437">
        <ele>871.358552</ele>
        <time>2025-10-21T17:24:54.000Z</time>
      </trkpt>
      <trkpt lat="47.935010" lon="8.198439">
        <ele>871.291121</ele>
        <time>2025-10-21T17:24:55.000Z</time>
      </trkpt>
      <trkpt lat="47.935033" lon="8.198444">
        <ele>871.199213</ele>
        <time>2025-10-21T17:24:56.000Z</time>
      </trkpt>
      <trkpt lat="47.935059" lon="8.198457">
        <ele>871.090787</ele>
        <time>2025-10-21T17:24:57.000Z</time>
      </trkpt>
      <trkpt lat="47.935078" lon="8.198467">
        <ele>871.011122</ele>
        <time>2025-10-21T17:24:58.000Z</time>
      </trkpt>
      <trkpt lat="47.935098" lon="8.198468">
        <ele>870.931993</ele>
        <time>2025-10-21T17:24:59.000Z</time>
      </trkpt>
      <trkpt lat="47.935121" lon="8.198477">
        <ele>870.837971</ele>
        <time>2025-10-21T17:25:00.000Z</time>
      </trkpt>
      <trkpt lat="47.935147" lon="8.198500">
        <ele>870.718460</ele>
        <time>2025-10-21T17:25:01.000Z</time>
      </trkpt>
      <trkpt lat="47.935169" lon="8.198511">
        <ele>870.626715</ele>
        <time>2025-10-21T17:25:02.000Z</time>
      </trkpt>
      <trkpt lat="47.935187" lon="8.198516">
        <ele>870.554316</ele>
        <time>2025-10-21T17:25:03.000Z</time>
      </trkpt>
      <trkpt lat="47.935213" lon="8.198529">
        <ele>870.445890</ele>
        <time>2025-10-21T17:25:04.000Z</time>
      </trkpt>
      <trkpt lat="47.935236" lon="8.198551">
        <ele>870.337869</ele>
        <time>2025-10-21T17:25:05.000Z</time>
      </trkpt>
      <trkpt lat="47.935257" lon="8.198568">
        <ele>870.243403</ele>
        <time>2025-10-21T17:25:06.000Z</time>
      </trkpt>
      <trkpt lat="47.935277" lon="8.198574">
        <ele>870.162736</ele>
        <time>2025-10-21T17:25:07.000Z</time>
      </trkpt>
      <trkpt lat="47.935302" lon="8.198591">
        <ele>870.054104</ele>
        <time>2025-10-21T17:25:08.000Z</time>
      </trkpt>
      <trkpt lat="47.935327" lon="8.198613">
        <ele>869.939345</ele>
        <time>2025-10-21T17:25:09.000Z</time>
      </trkpt>
      <trkpt lat="47.935348" lon="8.198628">
        <ele>869.847287</ele>
        <time>2025-10-21T17:25:10.000Z</time>
      </trkpt>
      <trkpt lat="47.935370" lon="8.198637">
        <ele>869.757084</ele>
        <time>2025-10-21T17:25:11.000Z</time>
      </trkpt>
      <trkpt lat="47.935394" lon="8.198662">
        <ele>869.641356</ele>
        <time>2025-10-21T17:25:12.000Z</time>
      </trkpt>
      <trkpt lat="47.935414" lon="8.198688">
        <ele>869.536481</ele>
        <time>2025-10-21T17:25:13.000Z</time>
      </trkpt>
      <trkpt lat="47.935433" lon="8.198699">
        <ele>869.455896</ele>
        <time>2025-10-21T17:25:14.000Z</time>
      </trkpt>
      <trkpt lat="47.935455" lon="8.198711">
        <ele>869.363275</ele>
        <time>2025-10-21T17:25:15.000Z</time>
      </trkpt>
      <trkpt lat="47.935479" lon="8.198744">
        <ele>869.234242</ele>
        <time>2025-10-21T17:25:16.000Z</time>
      </trkpt>
      <trkpt lat="47.935498" lon="8.198770">
        <ele>869.132315</ele>
        <time>2025-10-21T17:25:17.000Z</time>
      </trkpt>
      <trkpt lat="47.935515" lon="8.198784">
        <ele>869.055540</ele>
        <time>2025-10-21T17:25:18.000Z</time>
      </trkpt>
      <trkpt lat="47.935535" lon="8.198805">
        <ele>868.958846</ele>
        <time>2025-10-21T17:25:19.000Z</time>
      </trkpt>
      <trkpt lat="47.935548" lon="8.198837">
        <ele>868.859703</ele>
        <time>2025-10-21T17:25:20.000Z</time>
      </trkpt>
      <trkpt lat="47.935566" lon="8.198863">
        <ele>868.760655</ele>
        <time>2025-10-21T17:25:21.000Z</time>
      </trkpt>
      <trkpt lat="47.935583" lon="8.198876">
        <ele>868.685124</ele>
        <time>2025-10-21T17:25:22.000Z</time>
      </trkpt>
      <trkpt lat="47.935604" lon="8.198903">
        <ele>868.575525</ele>
        <time>2025-10-21T17:25:23.000Z</time>
      </trkpt>
      <trkpt lat="47.935620" lon="8.198935">
        <ele>868.469743</ele>
        <time>2025-10-21T17:25:24.000Z</time>
      </trkpt>
      <trkpt lat="47.935637" lon="8.198955">
        <ele>868.384150</ele>
        <time>2025-10-21T17:25:25.000Z</time>
      </trkpt>
      <trkpt lat="47.935656" lon="8.198971">
        <ele>868.297887</ele>
        <time>2025-10-21T17:25:26.000Z</time>
      </trkpt>
      <trkpt lat="47.935679" lon="8.199001">
        <ele>868.177105</ele>
        <time>2025-10-21T17:25:27.000Z</time>
      </trkpt>
      <trkpt lat="47.935696" lon="8.199028">
        <ele>868.050401</ele>
        <time>2025-10-21T17:25:28.000Z</time>
      </trkpt>
      <trkpt lat="47.935714" lon="8.199046">
        <ele>867.931884</ele>
        <time>2025-10-21T17:25:29.000Z</time>
      </trkpt>
      <trkpt lat="47.935734" lon="8.199065">
        <ele>867.802202</ele>
        <time>2025-10-21T17:25:30.000Z</time>
      </trkpt>
      <trkpt lat="47.935752" lon="8.199098">
        <ele>867.646250</ele>
        <time>2025-10-21T17:25:31.000Z</time>
      </trkpt>
      <trkpt lat="47.935769" lon="8.199123">
        <ele>867.515706</ele>
        <time>2025-10-21T17:25:32.000Z</time>
      </trkpt>
      <trkpt lat="47.935785" lon="8.199137">
        <ele>867.414253</ele>
        <time>2025-10-21T17:25:33.000Z</time>
      </trkpt>
      <trkpt lat="47.935809" lon="8.199162">
        <ele>867.254161</ele>
        <time>2025-10-21T17:25:34.000Z</time>
      </trkpt>
      <trkpt lat="47.935829" lon="8.199191">
        <ele>867.101635</ele>
        <time>2025-10-21T17:25:35.000Z</time>
      </trkpt>
      <trkpt lat="47.935845" lon="8.199209">
        <ele>866.992037</ele>
        <time>2025-10-21T17:25:36.000Z</time>
      </trkpt>
      <trkpt lat="47.935862" lon="8.199224">
        <ele>866.884012</ele>
        <time>2025-10-21T17:25:37.000Z</time>
      </trkpt>
      <trkpt lat="47.935883" lon="8.199255">
        <ele>866.722449</ele>
        <time>2025-10-21T17:25:38.000Z</time>
      </trkpt>
      <trkpt lat="47.935902" lon="8.199276">
        <ele>866.593124</ele>
        <time>2025-10-21T17:25:39.000Z</time>
      </trkpt>
      <trkpt lat="47.935921" lon="8.199289">
        <ele>866.478792</ele>
        <time>2025-10-21T17:25:40.000Z</time>
      </trkpt>
      <trkpt lat="47.935944" lon="8.199308">
        <ele>866.334995</ele>
        <time>2025-10-21T17:25:41.000Z</time>
      </trkpt>
      <trkpt lat="47.935968" lon="8.199337">
        <ele>866.166086</ele>
        <time>2025-10-21T17:25:42.000Z</time>
      </trkpt>
      <trkpt lat="47.935992" lon="8.199351">
        <ele>866.025133</ele>
        <time>2025-10-21T17:25:43.000Z</time>
      </trkpt>
      <trkpt lat="47.936011" lon="8.199364">
        <ele>865.910801</ele>
        <time>2025-10-21T17:25:44.000Z</time>
      </trkpt>
      <trkpt lat="47.936038" lon="8.199385">
        <ele>865.744258</ele>
        <time>2025-10-21T17:25:45.000Z</time>
      </trkpt>
      <trkpt lat="47.936058" lon="8.199401">
        <ele>865.620133</ele>
        <time>2025-10-21T17:25:46.000Z</time>
      </trkpt>
      <trkpt lat="47.936080" lon="8.199411">
        <ele>865.494333</ele>
        <time>2025-10-21T17:25:47.000Z</time>
      </trkpt>
      <trkpt lat="47.936101" lon="8.199426">
        <ele>865.366984</ele>
        <time>2025-10-21T17:25:48.000Z</time>
      </trkpt>
      <trkpt lat="47.936126" lon="8.199449">
        <ele>865.206341</ele>
        <time>2025-10-21T17:25:49.000Z</time>
      </trkpt>
      <trkpt lat="47.936143" lon="8.199461">
        <ele>865.103474</ele>
        <time>2025-10-21T17:25:50.000Z</time>
      </trkpt>
      <trkpt lat="47.936162" lon="8.199470">
        <ele>864.994433</ele>
        <time>2025-10-21T17:25:51.000Z</time>
      </trkpt>
      <trkpt lat="47.936186" lon="8.199486">
        <ele>864.850650</ele>
        <time>2025-10-21T17:25:52.000Z</time>
      </trkpt>
      <trkpt lat="47.936206" lon="8.199506">
        <ele>864.718965</ele>
        <time>2025-10-21T17:25:53.000Z</time>
      </trkpt>
      <trkpt lat="47.936225" lon="8.199518">
        <ele>864.606111</ele>
        <time>2025-10-21T17:25:54.000Z</time>
      </trkpt>
      <trkpt lat="47.936244" lon="8.199525">
        <ele>864.499059</ele>
        <time>2025-10-21T17:25:55.000Z</time>
      </trkpt>
      <trkpt lat="47.936273" lon="8.199540">
        <ele>864.331170</ele>
        <time>2025-10-21T17:25:56.000Z</time>
      </trkpt>
      <trkpt lat="47.936296" lon="8.199553">
        <ele>864.196639</ele>
        <time>2025-10-21T17:25:57.000Z</time>
      </trkpt>
      <trkpt lat="47.936314" lon="8.199559">
        <ele>864.095751</ele>
        <time>2025-10-21T17:25:58.000Z</time>
      </trkpt>
      <trkpt lat="47.936338" lon="8.199568">
        <ele>863.960387</ele>
        <time>2025-10-21T17:25:59.000Z</time>
      </trkpt>
      <trkpt lat="47.936366" lon="8.199587">
        <ele>863.792139</ele>
        <time>2025-10-21T17:26:00.000Z</time>
      </trkpt>
      <trkpt lat="47.936385" lon="8.199595">
        <ele>863.684150</ele>
        <time>2025-10-21T17:26:01.000Z</time>
      </trkpt>
      <trkpt lat="47.936403" lon="8.199591">
        <ele>863.584602</ele>
        <time>2025-10-21T17:26:02.000Z</time>
      </trkpt>
      <trkpt lat="47.936424" lon="8.199596">
        <ele>863.468277</ele>
        <time>2025-10-21T17:26:03.000Z</time>
      </trkpt>
      <trkpt lat="47.936449" lon="8.199610">
        <ele>863.322216</ele>
        <time>2025-10-21T17:26:04.000Z</time>
      </trkpt>
      <trkpt lat="47.936472" lon="8.199618">
        <ele>863.193032</ele>
        <time>2025-10-21T17:26:05.000Z</time>
      </trkpt>
      <trkpt lat="47.936494" lon="8.199619">
        <ele>863.072633</ele>
        <time>2025-10-21T17:26:06.000Z</time>
      </trkpt>
      <trkpt lat="47.936518" lon="8.199625">
        <ele>862.939521</ele>
        <time>2025-10-21T17:26:07.000Z</time>
      </trkpt>
      <trkpt lat="47.936544" lon="8.199640">
        <ele>862.787043</ele>
        <time>2025-10-21T17:26:08.000Z</time>
      </trkpt>
      <trkpt lat="47.936568" lon="8.199650">
        <ele>862.650741</ele>
        <time>2025-10-21T17:26:09.000Z</time>
      </trkpt>
      <trkpt lat="47.936587" lon="8.199650">
        <ele>862.546808</ele>
        <time>2025-10-21T17:26:10.000Z</time>
      </trkpt>
      <trkpt lat="47.936606" lon="8.199655">
        <ele>862.441272</ele>
        <time>2025-10-21T17:26:11.000Z</time>
      </trkpt>
      <trkpt lat="47.936630" lon="8.199668">
        <ele>862.301612</ele>
        <time>2025-10-21T17:26:12.000Z</time>
      </trkpt>
      <trkpt lat="47.936655" lon="8.199678">
        <ele>862.160033</ele>
        <time>2025-10-21T17:26:13.000Z</time>
      </trkpt>
      <trkpt lat="47.936677" lon="8.199680">
        <ele>862.039467</ele>
        <time>2025-10-21T17:26:14.000Z</time>
      </trkpt>
      <trkpt lat="47.936697" lon="8.199679">
        <ele>861.930003</ele>
        <time>2025-10-21T17:26:15.000Z</time>
      </trkpt>
      <trkpt lat="47.936727" lon="8.199688">
        <ele>861.762617</ele>
        <time>2025-10-21T17:26:16.000Z</time>
      </trkpt>
      <trkpt lat="47.936752" lon="8.199701">
        <ele>861.617802</ele>
        <time>2025-10-21T17:26:17.000Z</time>
      </trkpt>
      <trkpt lat="47.936775" lon="8.199703">
        <ele>861.491776</ele>
        <time>2025-10-21T17:26:18.000Z</time>
      </trkpt>
      <trkpt lat="47.936798" lon="8.199705">
        <ele>861.365749</ele>
        <time>2025-10-21T17:26:19.000Z</time>
      </trkpt>
      <trkpt lat="47.936826" lon="8.199719">
        <ele>861.204220</ele>
        <time>2025-10-21T17:26:20.000Z</time>
      </trkpt>
      <trkpt lat="47.936850" lon="8.199730">
        <ele>861.066887</ele>
        <time>2025-10-21T17:26:21.000Z</time>
      </trkpt>
      <trkpt lat="47.936867" lon="8.199734">
        <ele>860.972747</ele>
        <time>2025-10-21T17:26:22.000Z</time>
      </trkpt>
      <trkpt lat="47.936889" lon="8.199743">
        <ele>860.847966</ele>
        <time>2025-10-21T17:26:23.000Z</time>
      </trkpt>
      <trkpt lat="47.936915" lon="8.199764">
        <ele>860.686255</ele>
        <time>2025-10-21T17:26:24.000Z</time>
      </trkpt>
      <trkpt lat="47.936938" lon="8.199773">
        <ele>860.556191</ele>
        <time>2025-10-21T17:26:25.000Z</time>
      </trkpt>
      <trkpt lat="47.936960" lon="8.199769">
        <ele>860.434958</ele>
        <time>2025-10-21T17:26:26.000Z</time>
      </trkpt>
      <trkpt lat="47.936988" lon="8.199782">
        <ele>860.274556</ele>
        <time>2025-10-21T17:26:27.000Z</time>
      </trkpt>
      <trkpt lat="47.937010" lon="8.199797">
        <ele>860.142252</ele>
        <time>2025-10-21T17:26:28.000Z</time>
      </trkpt>
      <trkpt lat="47.937035" lon="8.199805">
        <ele>860.002391</ele>
        <time>2025-10-21T17:26:29.000Z</time>
      </trkpt>
      <trkpt lat="47.937057" lon="8.199806">
        <ele>859.881992</ele>
        <time>2025-10-21T17:26:30.000Z</time>
      </trkpt>
      <trkpt lat="47.937083" lon="8.199818">
        <ele>859.733125</ele>
        <time>2025-10-21T17:26:31.000Z</time>
      </trkpt>
      <trkpt lat="47.937105" lon="8.199828">
        <ele>859.607325</ele>
        <time>2025-10-21T17:26:32.000Z</time>
      </trkpt>
      <trkpt lat="47.937123" lon="8.199828">
        <ele>859.508863</ele>
        <time>2025-10-21T17:26:33.000Z</time>
      </trkpt>
      <trkpt lat="47.937144" lon="8.199832">
        <ele>859.393058</ele>
        <time>2025-10-21T17:26:34.000Z</time>
      </trkpt>
      <trkpt lat="47.937169" lon="8.199851">
        <ele>859.239599</ele>
        <time>2025-10-21T17:26:35.000Z</time>
      </trkpt>
      <trkpt lat="47.937188" lon="8.199857">
        <ele>859.133366</ele>
        <time>2025-10-21T17:26:36.000Z</time>
      </trkpt>
      <trkpt lat="47.937205" lon="8.199865">
        <ele>859.035862</ele>
        <time>2025-10-21T17:26:37.000Z</time>
      </trkpt>
      <trkpt lat="47.937232" lon="8.199878">
        <ele>858.880674</ele>
        <time>2025-10-21T17:26:38.000Z</time>
      </trkpt>
      <trkpt lat="47.937249" lon="8.199894">
        <ele>858.770739</ele>
        <time>2025-10-21T17:26:39.000Z</time>
      </trkpt>
      <trkpt lat="47.937266" lon="8.199905">
        <ele>858.669385</ele>
        <time>2025-10-21T17:26:40.000Z</time>
      </trkpt>
      <trkpt lat="47.937279" lon="8.199912">
        <ele>858.593788</ele>
        <time>2025-10-21T17:26:41.000Z</time>
      </trkpt>
      <trkpt lat="47.937335" lon="8.199958">
        <ele>858.321728</ele>
        <time>2025-10-21T17:27:07.000Z</time>
      </trkpt>
      <trkpt lat="47.937348" lon="8.199967">
        <ele>858.329692</ele>
        <time>2025-10-21T17:27:08.000Z</time>
      </trkpt>
      <trkpt lat="47.937358" lon="8.199970">
        <ele>858.335360</ele>
        <time>2025-10-21T17:27:09.000Z</time>
      </trkpt>
      <trkpt lat="47.937373" lon="8.199982">
        <ele>858.344818</ele>
        <time>2025-10-21T17:27:10.000Z</time>
      </trkpt>
      <trkpt lat="47.937395" lon="8.200012">
        <ele>858.361378</ele>
        <time>2025-10-21T17:27:11.000Z</time>
      </trkpt>
      <trkpt lat="47.937414" lon="8.200026">
        <ele>858.373153</ele>
        <time>2025-10-21T17:27:12.000Z</time>
      </trkpt>
      <trkpt lat="47.937437" lon="8.200041">
        <ele>858.387102</ele>
        <time>2025-10-21T17:27:13.000Z</time>
      </trkpt>
      <trkpt lat="47.937463" lon="8.200061">
        <ele>858.403357</ele>
        <time>2025-10-21T17:27:14.000Z</time>
      </trkpt>
      <trkpt lat="47.937485" lon="8.200083">
        <ele>858.418073</ele>
        <time>2025-10-21T17:27:15.000Z</time>
      </trkpt>
      <trkpt lat="47.937507" lon="8.200101">
        <ele>858.432015</ele>
        <time>2025-10-21T17:27:16.000Z</time>
      </trkpt>
      <trkpt lat="47.937531" lon="8.200129">
        <ele>858.448943</ele>
        <time>2025-10-21T17:27:17.000Z</time>
      </trkpt>
      <trkpt lat="47.937552" lon="8.200159">
        <ele>858.465097</ele>
        <time>2025-10-21T17:27:18.000Z</time>
      </trkpt>
      <trkpt lat="47.937571" lon="8.200178">
        <ele>858.477806</ele>
        <time>2025-10-21T17:27:19.000Z</time>
      </trkpt>
      <trkpt lat="47.937587" lon="8.200196">
        <ele>858.488941</ele>
        <time>2025-10-21T17:27:20.000Z</time>
      </trkpt>
      <trkpt lat="47.937604" lon="8.200231">
        <ele>858.505036</ele>
        <time>2025-10-21T17:27:21.000Z</time>
      </trkpt>
      <trkpt lat="47.937620" lon="8.200255">
        <ele>858.517641</ele>
        <time>2025-10-21T17:27:22.000Z</time>
      </trkpt>
      <trkpt lat="47.937634" lon="8.200269">
        <ele>858.527006</ele>
        <time>2025-10-21T17:27:23.000Z</time>
      </trkpt>
      <trkpt lat="47.937657" lon="8.200299">
        <ele>858.543980</ele>
        <time>2025-10-21T17:27:24.000Z</time>
      </trkpt>
      <trkpt lat="47.937670" lon="8.200329">
        <ele>858.557282</ele>
        <time>2025-10-21T17:27:25.000Z</time>
      </trkpt>
      <trkpt lat="47.937685" lon="8.200345">
        <ele>858.567528</ele>
        <time>2025-10-21T17:27:26.000Z</time>
      </trkpt>
      <trkpt lat="47.937701" lon="8.200374">
        <ele>858.581515</ele>
        <time>2025-10-21T17:27:27.000Z</time>
      </trkpt>
      <trkpt lat="47.937715" lon="8.200414">
        <ele>858.598317</ele>
        <time>2025-10-21T17:27:28.000Z</time>
      </trkpt>
      <trkpt lat="47.937726" lon="8.200436">
        <ele>858.608537</ele>
        <time>2025-10-21T17:27:29.000Z</time>
      </trkpt>
      <trkpt lat="47.937738" lon="8.200455">
        <ele>858.618259</ele>
        <time>2025-10-21T17:27:30.000Z</time>
      </trkpt>
      <trkpt lat="47.937758" lon="8.200490">
        <ele>858.635386</ele>
        <time>2025-10-21T17:27:31.000Z</time>
      </trkpt>
      <trkpt lat="47.937771" lon="8.200520">
        <ele>858.648688</ele>
        <time>2025-10-21T17:27:32.000Z</time>
      </trkpt>
      <trkpt lat="47.937791" lon="8.200540">
        <ele>858.662066</ele>
        <time>2025-10-21T17:27:33.000Z</time>
      </trkpt>
      <trkpt lat="47.937809" lon="8.200571">
        <ele>858.677339</ele>
        <time>2025-10-21T17:27:34.000Z</time>
      </trkpt>
      <trkpt lat="47.937818" lon="8.200614">
        <ele>858.694111</ele>
        <time>2025-10-21T17:27:35.000Z</time>
      </trkpt>
      <trkpt lat="47.937832" lon="8.200640">
        <ele>858.706531</ele>
        <time>2025-10-21T17:27:36.000Z</time>
      </trkpt>
      <trkpt lat="47.937851" lon="8.200667">
        <ele>858.721109</ele>
        <time>2025-10-21T17:27:37.000Z</time>
      </trkpt>
      <trkpt lat="47.937865" lon="8.200703">
        <ele>858.736607</ele>
        <time>2025-10-21T17:27:38.000Z</time>
      </trkpt>
      <trkpt lat="47.937874" lon="8.200729">
        <ele>858.747502</ele>
        <time>2025-10-21T17:27:39.000Z</time>
      </trkpt>
      <trkpt lat="47.937887" lon="8.200756">
        <ele>858.759881</ele>
        <time>2025-10-21T17:27:40.000Z</time>
      </trkpt>
      <trkpt lat="47.937895" lon="8.200798">
        <ele>858.776138</ele>
        <time>2025-10-21T17:27:41.000Z</time>
      </trkpt>
      <trkpt lat="47.937905" lon="8.200826">
        <ele>858.787951</ele>
        <time>2025-10-21T17:27:42.000Z</time>
      </trkpt>
      <trkpt lat="47.937922" lon="8.200849">
        <ele>858.800702</ele>
        <time>2025-10-21T17:27:43.000Z</time>
      </trkpt>
      <trkpt lat="47.937936" lon="8.200889">
        <ele>858.817504</ele>
        <time>2025-10-21T17:27:44.000Z</time>
      </trkpt>
      <trkpt lat="47.937949" lon="8.200916">
        <ele>858.829883</ele>
        <time>2025-10-21T17:27:45.000Z</time>
      </trkpt>
      <trkpt lat="47.937963" lon="8.200937">
        <ele>858.840913</ele>
        <time>2025-10-21T17:27:46.000Z</time>
      </trkpt>
      <trkpt lat="47.937984" lon="8.200970">
        <ele>858.857858</ele>
        <time>2025-10-21T17:27:47.000Z</time>
      </trkpt>
      <trkpt lat="47.938000" lon="8.200998">
        <ele>858.871559</ele>
        <time>2025-10-21T17:27:48.000Z</time>
      </trkpt>
      <trkpt lat="47.938020" lon="8.201020">
        <ele>858.885366</ele>
        <time>2025-10-21T17:27:49.000Z</time>
      </trkpt>
      <trkpt lat="47.938038" lon="8.201055">
        <ele>858.901793</ele>
        <time>2025-10-21T17:27:50.000Z</time>
      </trkpt>
      <trkpt lat="47.938054" lon="8.201075">
        <ele>858.913391</ele>
        <time>2025-10-21T17:27:51.000Z</time>
      </trkpt>
      <trkpt lat="47.938069" lon="8.201090">
        <ele>858.923425</ele>
        <time>2025-10-21T17:27:52.000Z</time>
      </trkpt>
      <trkpt lat="47.938087" lon="8.201125">
        <ele>858.939852</ele>
        <time>2025-10-21T17:27:53.000Z</time>
      </trkpt>
      <trkpt lat="47.938096" lon="8.201149">
        <ele>858.950092</ele>
        <time>2025-10-21T17:27:54.000Z</time>
      </trkpt>
      <trkpt lat="47.938113" lon="8.201168">
        <ele>858.961894</ele>
        <time>2025-10-21T17:27:55.000Z</time>
      </trkpt>
      <trkpt lat="47.938133" lon="8.201202">
        <ele>858.978739</ele>
        <time>2025-10-21T17:27:56.000Z</time>
      </trkpt>
      <trkpt lat="47.938147" lon="8.201222">
        <ele>858.989509</ele>
        <time>2025-10-21T17:27:57.000Z</time>
      </trkpt>
      <trkpt lat="47.938165" lon="8.201240">
        <ele>859.001549</ele>
        <time>2025-10-21T17:27:58.000Z</time>
      </trkpt>
      <trkpt lat="47.938187" lon="8.201268">
        <ele>859.017616</ele>
        <time>2025-10-21T17:27:59.000Z</time>
      </trkpt>
      <trkpt lat="47.938202" lon="8.201299">
        <ele>859.031853</ele>
        <time>2025-10-21T17:28:00.000Z</time>
      </trkpt>
      <trkpt lat="47.938220" lon="8.201316">
        <ele>859.043690</ele>
        <time>2025-10-21T17:28:01.000Z</time>
      </trkpt>
      <trkpt lat="47.938239" lon="8.201343">
        <ele>859.058269</ele>
        <time>2025-10-21T17:28:02.000Z</time>
      </trkpt>
      <trkpt lat="47.938253" lon="8.201373">
        <ele>859.071880</ele>
        <time>2025-10-21T17:28:03.000Z</time>
      </trkpt>
      <trkpt lat="47.938267" lon="8.201391">
        <ele>859.082149</ele>
        <time>2025-10-21T17:28:04.000Z</time>
      </trkpt>
      <trkpt lat="47.938285" lon="8.201416">
        <ele>859.095812</ele>
        <time>2025-10-21T17:28:05.000Z</time>
      </trkpt>
      <trkpt lat="47.938299" lon="8.201445">
        <ele>859.109120</ele>
        <time>2025-10-21T17:28:06.000Z</time>
      </trkpt>
      <trkpt lat="47.938312" lon="8.201462">
        <ele>859.118725</ele>
        <time>2025-10-21T17:28:07.000Z</time>
      </trkpt>
      <trkpt lat="47.938330" lon="8.201484">
        <ele>859.131654</ele>
        <time>2025-10-21T17:28:08.000Z</time>
      </trkpt>
      <trkpt lat="47.938343" lon="8.201509">
        <ele>859.143436</ele>
        <time>2025-10-21T17:28:09.000Z</time>
      </trkpt>
      <trkpt lat="47.938363" lon="8.201525">
        <ele>859.156046</ele>
        <time>2025-10-21T17:28:10.000Z</time>
      </trkpt>
      <trkpt lat="47.938384" lon="8.201544">
        <ele>859.169693</ele>
        <time>2025-10-21T17:28:11.000Z</time>
      </trkpt>
      <trkpt lat="47.938406" lon="8.201570">
        <ele>859.185287</ele>
        <time>2025-10-21T17:28:12.000Z</time>
      </trkpt>
      <trkpt lat="47.938427" lon="8.201582">
        <ele>859.197783</ele>
        <time>2025-10-21T17:28:13.000Z</time>
      </trkpt>
      <trkpt lat="47.938450" lon="8.201598">
        <ele>859.211885</ele>
        <time>2025-10-21T17:28:14.000Z</time>
      </trkpt>
      <trkpt lat="47.938477" lon="8.201619">
        <ele>859.228804</ele>
        <time>2025-10-21T17:28:15.000Z</time>
      </trkpt>
      <trkpt lat="47.938499" lon="8.201632">
        <ele>859.241954</ele>
        <time>2025-10-21T17:28:16.000Z</time>
      </trkpt>
      <trkpt lat="47.938520" lon="8.201645">
        <ele>859.254588</ele>
        <time>2025-10-21T17:28:17.000Z</time>
      </trkpt>
      <trkpt lat="47.938548" lon="8.201671">
        <ele>859.272913</ele>
        <time>2025-10-21T17:28:18.000Z</time>
      </trkpt>
      <trkpt lat="47.938567" lon="8.201683">
        <ele>859.284378</ele>
        <time>2025-10-21T17:28:19.000Z</time>
      </trkpt>
      <trkpt lat="47.938590" lon="8.201696">
        <ele>859.298046</ele>
        <time>2025-10-21T17:28:20.000Z</time>
      </trkpt>
      <trkpt lat="47.938615" lon="8.201725">
        <ele>859.311500</ele>
        <time>2025-10-21T17:28:21.000Z</time>
      </trkpt>
      <trkpt lat="47.938636" lon="8.201746">
        <ele>859.286982</ele>
        <time>2025-10-21T17:28:22.000Z</time>
      </trkpt>
      <trkpt lat="47.938656" lon="8.201756">
        <ele>859.266524</ele>
        <time>2025-10-21T17:28:23.000Z</time>
      </trkpt>
      <trkpt lat="47.938681" lon="8.201782">
        <ele>859.236969</ele>
        <time>2025-10-21T17:28:24.000Z</time>
      </trkpt>
      <trkpt lat="47.938700" lon="8.201800">
        <ele>859.215141</ele>
        <time>2025-10-21T17:28:25.000Z</time>
      </trkpt>
      <trkpt lat="47.938718" lon="8.201809">
        <ele>859.196729</ele>
        <time>2025-10-21T17:28:26.000Z</time>
      </trkpt>
      <trkpt lat="47.938742" lon="8.201832">
        <ele>859.169065</ele>
        <time>2025-10-21T17:28:27.000Z</time>
      </trkpt>
      <trkpt lat="47.938763" lon="8.201852">
        <ele>859.144903</ele>
        <time>2025-10-21T17:28:28.000Z</time>
      </trkpt>
      <trkpt lat="47.938783" lon="8.201859">
        <ele>859.124977</ele>
        <time>2025-10-21T17:28:29.000Z</time>
      </trkpt>
      <trkpt lat="47.938808" lon="8.201885">
        <ele>859.095423</ele>
        <time>2025-10-21T17:28:30.000Z</time>
      </trkpt>
      <trkpt lat="47.938828" lon="8.201906">
        <ele>859.071705</ele>
        <time>2025-10-21T17:28:31.000Z</time>
      </trkpt>
      <trkpt lat="47.938848" lon="8.201913">
        <ele>859.051780</ele>
        <time>2025-10-21T17:28:32.000Z</time>
      </trkpt>
      <trkpt lat="47.938872" lon="8.201934">
        <ele>859.024796</ele>
        <time>2025-10-21T17:28:33.000Z</time>
      </trkpt>
      <trkpt lat="47.938894" lon="8.201957">
        <ele>858.998743</ele>
        <time>2025-10-21T17:28:34.000Z</time>
      </trkpt>
      <trkpt lat="47.938913" lon="8.201966">
        <ele>858.979408</ele>
        <time>2025-10-21T17:28:35.000Z</time>
      </trkpt>
      <trkpt lat="47.938940" lon="8.201986">
        <ele>858.950172</ele>
        <time>2025-10-21T17:28:36.000Z</time>
      </trkpt>
      <trkpt lat="47.938960" lon="8.202012">
        <ele>858.924447</ele>
        <time>2025-10-21T17:28:37.000Z</time>
      </trkpt>
      <trkpt lat="47.938977" lon="8.202024">
        <ele>858.906207</ele>
        <time>2025-10-21T17:28:38.000Z</time>
      </trkpt>
      <trkpt lat="47.938997" lon="8.202041">
        <ele>858.883883</ele>
        <time>2025-10-21T17:28:39.000Z</time>
      </trkpt>
      <trkpt lat="47.939018" lon="8.202065">
        <ele>858.858229</ele>
        <time>2025-10-21T17:28:40.000Z</time>
      </trkpt>
      <trkpt lat="47.939034" lon="8.202076">
        <ele>858.841143</ele>
        <time>2025-10-21T17:28:41.000Z</time>
      </trkpt>
      <trkpt lat="47.939057" lon="8.202087">
        <ele>858.817716</ele>
        <time>2025-10-21T17:28:42.000Z</time>
      </trkpt>
      <trkpt lat="47.939081" lon="8.202118">
        <ele>858.786932</ele>
        <time>2025-10-21T17:28:43.000Z</time>
      </trkpt>
      <trkpt lat="47.939099" lon="8.202140">
        <ele>858.764366</ele>
        <time>2025-10-21T17:28:44.000Z</time>
      </trkpt>
      <trkpt lat="47.939121" lon="8.202158">
        <ele>858.740032</ele>
        <time>2025-10-21T17:28:45.000Z</time>
      </trkpt>
      <trkpt lat="47.939142" lon="8.202192">
        <ele>858.709982</ele>
        <time>2025-10-21T17:28:46.000Z</time>
      </trkpt>
      <trkpt lat="47.939161" lon="8.202215">
        <ele>858.686254</ele>
        <time>2025-10-21T17:28:47.000Z</time>
      </trkpt>
      <trkpt lat="47.939178" lon="8.202234">
        <ele>858.665655</ele>
        <time>2025-10-21T17:28:48.000Z</time>
      </trkpt>
      <trkpt lat="47.939198" lon="8.202269">
        <ele>858.635762</ele>
        <time>2025-10-21T17:28:49.000Z</time>
      </trkpt>
      <trkpt lat="47.939215" lon="8.202297">
        <ele>858.611207</ele>
        <time>2025-10-21T17:28:50.000Z</time>
      </trkpt>
      <trkpt lat="47.939232" lon="8.202312">
        <ele>858.592052</ele>
        <time>2025-10-21T17:28:51.000Z</time>
      </trkpt>
      <trkpt lat="47.939258" lon="8.202339">
        <ele>858.561331</ele>
        <time>2025-10-21T17:28:52.000Z</time>
      </trkpt>
      <trkpt lat="47.939277" lon="8.202365">
        <ele>858.536329</ele>
        <time>2025-10-21T17:28:53.000Z</time>
      </trkpt>
      <trkpt lat="47.939294" lon="8.202379">
        <ele>858.517497</ele>
        <time>2025-10-21T17:28:54.000Z</time>
      </trkpt>
      <trkpt lat="47.939316" lon="8.202398">
        <ele>858.492843</ele>
        <time>2025-10-21T17:28:55.000Z</time>
      </trkpt>
      <trkpt lat="47.939342" lon="8.202426">
        <ele>858.461746</ele>
        <time>2025-10-21T17:28:56.000Z</time>
      </trkpt>
      <trkpt lat="47.939365" lon="8.202442">
        <ele>858.437133</ele>
        <time>2025-10-21T17:28:57.000Z</time>
      </trkpt>
      <trkpt lat="47.939383" lon="8.202451">
        <ele>858.418721</ele>
        <time>2025-10-21T17:28:58.000Z</time>
      </trkpt>
      <trkpt lat="47.939406" lon="8.202466">
        <ele>858.394375</ele>
        <time>2025-10-21T17:28:59.000Z</time>
      </trkpt>
      <trkpt lat="47.939430" lon="8.202479">
        <ele>858.369611</ele>
        <time>2025-10-21T17:29:00.000Z</time>
      </trkpt>
      <trkpt lat="47.939445" lon="8.202480">
        <ele>858.355047</ele>
        <time>2025-10-21T17:29:01.000Z</time>
      </trkpt>
      <trkpt lat="47.939467" lon="8.202486">
        <ele>858.333354</ele>
        <time>2025-10-21T17:29:02.000Z</time>
      </trkpt>
      <trkpt lat="47.939490" lon="8.202491">
        <ele>858.310810</ele>
        <time>2025-10-21T17:29:03.000Z</time>
      </trkpt>
      <trkpt lat="47.939507" lon="8.202482">
        <ele>858.293314</ele>
        <time>2025-10-21T17:29:04.000Z</time>
      </trkpt>
      <trkpt lat="47.939528" lon="8.202475">
        <ele>858.272443</ele>
        <time>2025-10-21T17:29:05.000Z</time>
      </trkpt>
      <trkpt lat="47.939555" lon="8.202471">
        <ele>858.246125</ele>
        <time>2025-10-21T17:29:06.000Z</time>
      </trkpt>
      <trkpt lat="47.939572" lon="8.202457">
        <ele>858.227293</ele>
        <time>2025-10-21T17:29:07.000Z</time>
      </trkpt>
      <trkpt lat="47.939588" lon="8.202441">
        <ele>858.208613</ele>
        <time>2025-10-21T17:29:08.000Z</time>
      </trkpt>
      <trkpt lat="47.939617" lon="8.202420">
        <ele>858.177349</ele>
        <time>2025-10-21T17:29:09.000Z</time>
      </trkpt>
      <trkpt lat="47.939632" lon="8.202401">
        <ele>858.158267</ele>
        <time>2025-10-21T17:29:10.000Z</time>
      </trkpt>
      <trkpt lat="47.939646" lon="8.202378">
        <ele>858.138074</ele>
        <time>2025-10-21T17:29:11.000Z</time>
      </trkpt>
      <trkpt lat="47.939668" lon="8.202342">
        <ele>858.106410</ele>
        <time>2025-10-21T17:29:12.000Z</time>
      </trkpt>
      <trkpt lat="47.939688" lon="8.202311">
        <ele>858.078444</ele>
        <time>2025-10-21T17:29:13.000Z</time>
      </trkpt>
      <trkpt lat="47.939696" lon="8.202284">
        <ele>858.059260</ele>
        <time>2025-10-21T17:29:14.000Z</time>
      </trkpt>
      <trkpt lat="47.939707" lon="8.202254">
        <ele>858.037038</ele>
        <time>2025-10-21T17:29:15.000Z</time>
      </trkpt>
      <trkpt lat="47.939727" lon="8.202221">
        <ele>858.008122</ele>
        <time>2025-10-21T17:29:16.000Z</time>
      </trkpt>
      <trkpt lat="47.939737" lon="8.202191">
        <ele>857.986348</ele>
        <time>2025-10-21T17:29:17.000Z</time>
      </trkpt>
      <trkpt lat="47.939746" lon="8.202168">
        <ele>857.969040</ele>
        <time>2025-10-21T17:29:18.000Z</time>
      </trkpt>
      <trkpt lat="47.939764" lon="8.202134">
        <ele>857.940881</ele>
        <time>2025-10-21T17:29:19.000Z</time>
      </trkpt>
      <trkpt lat="47.939777" lon="8.202104">
        <ele>857.917664</ele>
        <time>2025-10-21T17:29:20.000Z</time>
      </trkpt>
      <trkpt lat="47.939787" lon="8.202076">
        <ele>857.897046</ele>
        <time>2025-10-21T17:29:21.000Z</time>
      </trkpt>
      <trkpt lat="47.939804" lon="8.202037">
        <ele>857.866812</ele>
        <time>2025-10-21T17:29:22.000Z</time>
      </trkpt>
      <trkpt lat="47.939821" lon="8.202008">
        <ele>857.841772</ele>
        <time>2025-10-21T17:29:23.000Z</time>
      </trkpt>
      <trkpt lat="47.939832" lon="8.201983">
        <ele>857.822337</ele>
        <time>2025-10-21T17:29:24.000Z</time>
      </trkpt>
      <trkpt lat="47.939850" lon="8.201951">
        <ele>857.795186</ele>
        <time>2025-10-21T17:29:25.000Z</time>
      </trkpt>
      <trkpt lat="47.939871" lon="8.201926">
        <ele>857.769132</ele>
        <time>2025-10-21T17:29:26.000Z</time>
      </trkpt>
      <trkpt lat="47.939884" lon="8.201901">
        <ele>857.748567</ele>
        <time>2025-10-21T17:29:27.000Z</time>
      </trkpt>
      <trkpt lat="47.939903" lon="8.201868">
        <ele>857.720293</ele>
        <time>2025-10-21T17:29:28.000Z</time>
      </trkpt>
      <trkpt lat="47.939930" lon="8.201852">
        <ele>857.692116</ele>
        <time>2025-10-21T17:29:29.000Z</time>
      </trkpt>
      <trkpt lat="47.939946" lon="8.201833">
        <ele>857.672284</ele>
        <time>2025-10-21T17:29:30.000Z</time>
      </trkpt>
      <trkpt lat="47.939968" lon="8.201807">
        <ele>857.645067</ele>
        <time>2025-10-21T17:29:31.000Z</time>
      </trkpt>
      <trkpt lat="47.940000" lon="8.201794">
        <ele>857.612899</ele>
        <time>2025-10-21T17:29:32.000Z</time>
      </trkpt>
      <trkpt lat="47.940018" lon="8.201774">
        <ele>857.591134</ele>
        <time>2025-10-21T17:29:33.000Z</time>
      </trkpt>
      <trkpt lat="47.940037" lon="8.201755">
        <ele>857.569670</ele>
        <time>2025-10-21T17:29:34.000Z</time>
      </trkpt>
      <trkpt lat="47.940068" lon="8.201743">
        <ele>857.578592</ele>
        <time>2025-10-21T17:29:35.000Z</time>
      </trkpt>
      <trkpt lat="47.940092" lon="8.201732">
        <ele>857.585587</ele>
        <time>2025-10-21T17:29:36.000Z</time>
      </trkpt>
      <trkpt lat="47.940111" lon="8.201720">
        <ele>857.591334</ele>
        <time>2025-10-21T17:29:37.000Z</time>
      </trkpt>
      <trkpt lat="47.940140" lon="8.201711">
        <ele>857.599586</ele>
        <time>2025-10-21T17:29:38.000Z</time>
      </trkpt>
      <trkpt lat="47.940164" lon="8.201717">
        <ele>857.606366</ele>
        <time>2025-10-21T17:29:39.000Z</time>
      </trkpt>
      <trkpt lat="47.940180" lon="8.201713">
        <ele>857.610885</ele>
        <time>2025-10-21T17:29:40.000Z</time>
      </trkpt>
      <trkpt lat="47.940206" lon="8.201712">
        <ele>857.618131</ele>
        <time>2025-10-21T17:29:41.000Z</time>
      </trkpt>
      <trkpt lat="47.940231" lon="8.201725">
        <ele>857.625506</ele>
        <time>2025-10-21T17:29:42.000Z</time>
      </trkpt>
      <trkpt lat="47.940251" lon="8.201724">
        <ele>857.631081</ele>
        <time>2025-10-21T17:29:43.000Z</time>
      </trkpt>
      <trkpt lat="47.940277" lon="8.201726">
        <ele>857.638335</ele>
        <time>2025-10-21T17:29:44.000Z</time>
      </trkpt>
      <trkpt lat="47.940308" lon="8.201749">
        <ele>857.647979</ele>
        <time>2025-10-21T17:29:45.000Z</time>
      </trkpt>
      <trkpt lat="47.940334" lon="8.201756">
        <ele>857.655339</ele>
        <time>2025-10-21T17:29:46.000Z</time>
      </trkpt>
      <trkpt lat="47.940359" lon="8.201761">
        <ele>857.662366</ele>
        <time>2025-10-21T17:29:47.000Z</time>
      </trkpt>
      <trkpt lat="47.940387" lon="8.201776">
        <ele>857.670654</ele>
        <time>2025-10-21T17:29:48.000Z</time>
      </trkpt>
      <trkpt lat="47.940405" lon="8.201780">
        <ele>857.675724</ele>
        <time>2025-10-21T17:29:49.000Z</time>
      </trkpt>
      <trkpt lat="47.940433" lon="8.201781">
        <ele>857.683527</ele>
        <time>2025-10-21T17:29:50.000Z</time>
      </trkpt>
      <trkpt lat="47.940460" lon="8.201802">
        <ele>857.692009</ele>
        <time>2025-10-21T17:29:51.000Z</time>
      </trkpt>
      <trkpt lat="47.940481" lon="8.201809">
        <ele>857.698003</ele>
        <time>2025-10-21T17:29:52.000Z</time>
      </trkpt>
      <trkpt lat="47.940504" lon="8.201823">
        <ele>857.704923</ele>
        <time>2025-10-21T17:29:53.000Z</time>
      </trkpt>
      <trkpt lat="47.940527" lon="8.201850">
        <ele>857.713075</ele>
        <time>2025-10-21T17:29:54.000Z</time>
      </trkpt>
      <trkpt lat="47.940547" lon="8.201867">
        <ele>857.719487</ele>
        <time>2025-10-21T17:29:55.000Z</time>
      </trkpt>
      <trkpt lat="47.940568" lon="8.201882">
        <ele>857.725972</ele>
        <time>2025-10-21T17:29:56.000Z</time>
      </trkpt>
      <trkpt lat="47.940588" lon="8.201915">
        <ele>857.734278</ele>
        <time>2025-10-21T17:29:57.000Z</time>
      </trkpt>
      <trkpt lat="47.940605" lon="8.201938">
        <ele>857.740670</ele>
        <time>2025-10-21T17:29:58.000Z</time>
      </trkpt>
      <trkpt lat="47.940624" lon="8.201954">
        <ele>857.746747</ele>
        <time>2025-10-21T17:29:59.000Z</time>
      </trkpt>
      <trkpt lat="47.940646" lon="8.201980">
        <ele>857.754564</ele>
        <time>2025-10-21T17:30:00.000Z</time>
      </trkpt>
      <trkpt lat="47.940668" lon="8.202002">
        <ele>857.761942</ele>
        <time>2025-10-21T17:30:01.000Z</time>
      </trkpt>
      <trkpt lat="47.940685" lon="8.202017">
        <ele>857.767443</ele>
        <time>2025-10-21T17:30:02.000Z</time>
      </trkpt>
      <trkpt lat="47.940706" lon="8.202040">
        <ele>857.774700</ele>
        <time>2025-10-21T17:30:03.000Z</time>
      </trkpt>
      <trkpt lat="47.940725" lon="8.202065">
        <ele>857.781756</ele>
        <time>2025-10-21T17:30:04.000Z</time>
      </trkpt>
      <trkpt lat="47.940740" lon="8.202079">
        <ele>857.786684</ele>
        <time>2025-10-21T17:30:05.000Z</time>
      </trkpt>
      <trkpt lat="47.940761" lon="8.202101">
        <ele>857.793832</ele>
        <time>2025-10-21T17:30:06.000Z</time>
      </trkpt>
      <trkpt lat="47.940778" lon="8.202129">
        <ele>857.800884</ele>
        <time>2025-10-21T17:30:07.000Z</time>
      </trkpt>
      <trkpt lat="47.940796" lon="8.202141">
        <ele>857.806376</ele>
        <time>2025-10-21T17:30:08.000Z</time>
      </trkpt>
      <trkpt lat="47.940815" lon="8.202156">
        <ele>857.812364</ele>
        <time>2025-10-21T17:30:09.000Z</time>
      </trkpt>
      <trkpt lat="47.940840" lon="8.202181">
        <ele>857.820747</ele>
        <time>2025-10-21T17:30:10.000Z</time>
      </trkpt>
      <trkpt lat="47.940859" lon="8.202193">
        <ele>857.826495</ele>
        <time>2025-10-21T17:30:11.000Z</time>
      </trkpt>
      <trkpt lat="47.940876" lon="8.202208">
        <ele>857.831996</ele>
        <time>2025-10-21T17:30:12.000Z</time>
      </trkpt>
      <trkpt lat="47.940899" lon="8.202235">
        <ele>857.840148</ele>
        <time>2025-10-21T17:30:13.000Z</time>
      </trkpt>
      <trkpt lat="47.940918" lon="8.202249">
        <ele>857.846051</ele>
        <time>2025-10-21T17:30:14.000Z</time>
      </trkpt>
      <trkpt lat="47.940936" lon="8.202264">
        <ele>857.851794</ele>
        <time>2025-10-21T17:30:15.000Z</time>
      </trkpt>
      <trkpt lat="47.940963" lon="8.202285">
        <ele>857.860276</ele>
        <time>2025-10-21T17:30:16.000Z</time>
      </trkpt>
      <trkpt lat="47.940979" lon="8.202296">
        <ele>857.865184</ele>
        <time>2025-10-21T17:30:17.000Z</time>
      </trkpt>
      <trkpt lat="47.940998" lon="8.202306">
        <ele>857.870796</ele>
        <time>2025-10-21T17:30:18.000Z</time>
      </trkpt>
      <trkpt lat="47.941024" lon="8.202321">
        <ele>857.878562</ele>
        <time>2025-10-21T17:30:19.000Z</time>
      </trkpt>
      <trkpt lat="47.941043" lon="8.202329">
        <ele>857.884062</ele>
        <time>2025-10-21T17:30:20.000Z</time>
      </trkpt>
      <trkpt lat="47.941065" lon="8.202330">
        <ele>857.890194</ele>
        <time>2025-10-21T17:30:21.000Z</time>
      </trkpt>
      <trkpt lat="47.941090" lon="8.202337">
        <ele>857.897280</ele>
        <time>2025-10-21T17:30:22.000Z</time>
      </trkpt>
      <trkpt lat="47.941118" lon="8.202335">
        <ele>857.905090</ele>
        <time>2025-10-21T17:30:23.000Z</time>
      </trkpt>
      <trkpt lat="47.941137" lon="8.202329">
        <ele>857.910500</ele>
        <time>2025-10-21T17:30:24.000Z</time>
      </trkpt>
      <trkpt lat="47.941146" lon="8.202309">
        <ele>857.914997</ele>
        <time>2025-10-21T17:30:25.000Z</time>
      </trkpt>
      <trkpt lat="47.941159" lon="8.202284">
        <ele>857.920903</ele>
        <time>2025-10-21T17:30:26.000Z</time>
      </trkpt>
      <trkpt lat="47.941163" lon="8.202256">
        <ele>857.926246</ele>
        <time>2025-10-21T17:30:27.000Z</time>
      </trkpt>
      <trkpt lat="47.941163" lon="8.202230">
        <ele>857.931098</ele>
        <time>2025-10-21T17:30:28.000Z</time>
      </trkpt>
      <trkpt lat="47.941167" lon="8.202189">
        <ele>857.938831</ele>
        <time>2025-10-21T17:30:29.000Z</time>
      </trkpt>
      <trkpt lat="47.941172" lon="8.202156">
        <ele>857.945145</ele>
        <time>2025-10-21T17:30:30.000Z</time>
      </trkpt>
      <trkpt lat="47.941168" lon="8.202130">
        <ele>857.950124</ele>
        <time>2025-10-21T17:30:31.000Z</time>
      </trkpt>
      <trkpt lat="47.941166" lon="8.202090">
        <ele>857.957610</ele>
        <time>2025-10-21T17:30:32.000Z</time>
      </trkpt>
      <trkpt lat="47.941175" lon="8.202052">
        <ele>857.965132</ele>
        <time>2025-10-21T17:30:33.000Z</time>
      </trkpt>
      <trkpt lat="47.941171" lon="8.202021">
        <ele>857.971024</ele>
        <time>2025-10-21T17:30:34.000Z</time>
      </trkpt>
      <trkpt lat="47.941172" lon="8.201979">
        <ele>857.978867</ele>
        <time>2025-10-21T17:30:35.000Z</time>
      </trkpt>
      <trkpt lat="47.941180" lon="8.201937">
        <ele>857.987016</ele>
        <time>2025-10-21T17:30:36.000Z</time>
      </trkpt>
      <trkpt lat="47.941178" lon="8.201903">
        <ele>857.993386</ele>
        <time>2025-10-21T17:30:37.000Z</time>
      </trkpt>
      <trkpt lat="47.941176" lon="8.201871">
        <ele>857.999384</ele>
        <time>2025-10-21T17:30:38.000Z</time>
      </trkpt>
      <trkpt lat="47.941181" lon="8.201829">
        <ele>858.007345</ele>
        <time>2025-10-21T17:30:39.000Z</time>
      </trkpt>
      <trkpt lat="47.941180" lon="8.201799">
        <ele>858.012951</ele>
        <time>2025-10-21T17:30:40.000Z</time>
      </trkpt>
      <trkpt lat="47.941174" lon="8.201771">
        <ele>858.018437</ele>
        <time>2025-10-21T17:30:41.000Z</time>
      </trkpt>
      <trkpt lat="47.941177" lon="8.201718">
        <ele>858.028364</ele>
        <time>2025-10-21T17:30:42.000Z</time>
      </trkpt>
      <trkpt lat="47.941187" lon="8.201690">
        <ele>858.034286</ele>
        <time>2025-10-21T17:30:43.000Z</time>
      </trkpt>
      <trkpt lat="47.941194" lon="8.201666">
        <ele>858.039171</ele>
        <time>2025-10-21T17:30:44.000Z</time>
      </trkpt>
      <trkpt lat="47.941219" lon="8.201647">
        <ele>858.046986</ele>
        <time>2025-10-21T17:30:45.000Z</time>
      </trkpt>
      <trkpt lat="47.941251" lon="8.201653">
        <ele>858.055971</ele>
        <time>2025-10-21T17:30:46.000Z</time>
      </trkpt>
      <trkpt lat="47.941272" lon="8.201660">
        <ele>858.061966</ele>
        <time>2025-10-21T17:30:47.000Z</time>
      </trkpt>
      <trkpt lat="47.941295" lon="8.201670">
        <ele>858.068640</ele>
        <time>2025-10-21T17:30:48.000Z</time>
      </trkpt>
      <trkpt lat="47.941323" lon="8.201697">
        <ele>858.074710</ele>
        <time>2025-10-21T17:30:49.000Z</time>
      </trkpt>
      <trkpt lat="47.941340" lon="8.201715">
        <ele>858.077967</ele>
        <time>2025-10-21T17:30:50.000Z</time>
      </trkpt>
      <trkpt lat="47.941362" lon="8.201719">
        <ele>858.081431</ele>
        <time>2025-10-21T17:30:51.000Z</time>
      </trkpt>
      <trkpt lat="47.941384" lon="8.201736">
        <ele>858.085302</ele>
        <time>2025-10-21T17:30:52.000Z</time>
      </trkpt>
      <trkpt lat="47.941403" lon="8.201750">
        <ele>858.088614</ele>
        <time>2025-10-21T17:30:53.000Z</time>
      </trkpt>
      <trkpt lat="47.941421" lon="8.201751">
        <ele>858.091428</ele>
        <time>2025-10-21T17:30:54.000Z</time>
      </trkpt>
      <trkpt lat="47.941446" lon="8.201769">
        <ele>858.095766</ele>
        <time>2025-10-21T17:30:55.000Z</time>
      </trkpt>
      <trkpt lat="47.941469" lon="8.201788">
        <ele>858.099874</ele>
        <time>2025-10-21T17:30:56.000Z</time>
      </trkpt>
      <trkpt lat="47.941488" lon="8.201795">
        <ele>858.102932</ele>
        <time>2025-10-21T17:30:57.000Z</time>
      </trkpt>
      <trkpt lat="47.941514" lon="8.201798">
        <ele>858.107008</ele>
        <time>2025-10-21T17:30:58.000Z</time>
      </trkpt>
      <trkpt lat="47.941544" lon="8.201795">
        <ele>858.111706</ele>
        <time>2025-10-21T17:30:59.000Z</time>
      </trkpt>
      <trkpt lat="47.941560" lon="8.201786">
        <ele>858.114378</ele>
        <time>2025-10-21T17:31:00.000Z</time>
      </trkpt>
      <trkpt lat="47.941571" lon="8.201760">
        <ele>858.117598</ele>
        <time>2025-10-21T17:31:01.000Z</time>
      </trkpt>
      <trkpt lat="47.941595" lon="8.201730">
        <ele>858.122489</ele>
        <time>2025-10-21T17:31:02.000Z</time>
      </trkpt>
      <trkpt lat="47.941612" lon="8.201706">
        <ele>858.126146</ele>
        <time>2025-10-21T17:31:03.000Z</time>
      </trkpt>
      <trkpt lat="47.941628" lon="8.201686">
        <ele>858.129407</ele>
        <time>2025-10-21T17:31:04.000Z</time>
      </trkpt>
      <trkpt lat="47.941658" lon="8.201663">
        <ele>858.134678</ele>
        <time>2025-10-21T17:31:05.000Z</time>
      </trkpt>
      <trkpt lat="47.941676" lon="8.201647">
        <ele>858.137952</ele>
        <time>2025-10-21T17:31:06.000Z</time>
      </trkpt>
      <trkpt lat="47.941690" lon="8.201629">
        <ele>858.140839</ele>
        <time>2025-10-21T17:31:07.000Z</time>
      </trkpt>
      <trkpt lat="47.941712" lon="8.201612">
        <ele>858.144710</ele>
        <time>2025-10-21T17:31:08.000Z</time>
      </trkpt>
      <trkpt lat="47.941731" lon="8.201602">
        <ele>858.147859</ele>
        <time>2025-10-21T17:31:09.000Z</time>
      </trkpt>
      <trkpt lat="47.941749" lon="8.201589">
        <ele>858.150984</ele>
        <time>2025-10-21T17:31:10.000Z</time>
      </trkpt>
      <trkpt lat="47.941773" lon="8.201583">
        <ele>858.154786</ele>
        <time>2025-10-21T17:31:11.000Z</time>
      </trkpt>
      <trkpt lat="47.941797" lon="8.201581">
        <ele>858.158543</ele>
        <time>2025-10-21T17:31:12.000Z</time>
      </trkpt>
      <trkpt lat="47.941816" lon="8.201566">
        <ele>858.161902</ele>
        <time>2025-10-21T17:31:13.000Z</time>
      </trkpt>
      <trkpt lat="47.941847" lon="8.201556">
        <ele>858.166858</ele>
        <time>2025-10-21T17:31:14.000Z</time>
      </trkpt>
      <trkpt lat="47.941868" lon="8.201546">
        <ele>858.170303</ele>
        <time>2025-10-21T17:31:15.000Z</time>
      </trkpt>
      <trkpt lat="47.941882" lon="8.201531">
        <ele>858.172996</ele>
        <time>2025-10-21T17:31:16.000Z</time>
      </trkpt>
      <trkpt lat="47.941902" lon="8.201513">
        <ele>858.176645</ele>
        <time>2025-10-21T17:31:17.000Z</time>
      </trkpt>
      <trkpt lat="47.941923" lon="8.201505">
        <ele>858.180032</ele>
        <time>2025-10-21T17:31:18.000Z</time>
      </trkpt>
      <trkpt lat="47.941941" lon="8.201496">
        <ele>858.182999</ele>
        <time>2025-10-21T17:31:19.000Z</time>
      </trkpt>
      <trkpt lat="47.941968" lon="8.201502">
        <ele>858.187265</ele>
        <time>2025-10-21T17:31:20.000Z</time>
      </trkpt>
      <trkpt lat="47.941993" lon="8.201515">
        <ele>858.191402</ele>
        <time>2025-10-21T17:31:21.000Z</time>
      </trkpt>
      <trkpt lat="47.942015" lon="8.201524">
        <ele>858.194967</ele>
        <time>2025-10-21T17:31:22.000Z</time>
      </trkpt>
      <trkpt lat="47.942036" lon="8.201532">
        <ele>858.198354</ele>
        <time>2025-10-21T17:31:23.000Z</time>
      </trkpt>
      <trkpt lat="47.942063" lon="8.201555">
        <ele>858.203212</ele>
        <time>2025-10-21T17:31:24.000Z</time>
      </trkpt>
      <trkpt lat="47.942082" lon="8.201569">
        <ele>858.206523</ele>
        <time>2025-10-21T17:31:25.000Z</time>
      </trkpt>
      <trkpt lat="47.942103" lon="8.201577">
        <ele>858.209910</ele>
        <time>2025-10-21T17:31:26.000Z</time>
      </trkpt>
      <trkpt lat="47.942131" lon="8.201597">
        <ele>858.214761</ele>
        <time>2025-10-21T17:31:27.000Z</time>
      </trkpt>
      <trkpt lat="47.942155" lon="8.201619">
        <ele>858.219162</ele>
        <time>2025-10-21T17:31:28.000Z</time>
      </trkpt>
      <trkpt lat="47.942173" lon="8.201630">
        <ele>858.222202</ele>
        <time>2025-10-21T17:31:29.000Z</time>
      </trkpt>
      <trkpt lat="47.942198" lon="8.201646">
        <ele>858.226452</ele>
        <time>2025-10-21T17:31:30.000Z</time>
      </trkpt>
      <trkpt lat="47.942222" lon="8.201667">
        <ele>858.230800</ele>
        <time>2025-10-21T17:31:31.000Z</time>
      </trkpt>
      <trkpt lat="47.942243" lon="8.201679">
        <ele>858.234314</ele>
        <time>2025-10-21T17:31:32.000Z</time>
      </trkpt>
      <trkpt lat="47.942263" lon="8.201693">
        <ele>858.237766</ele>
        <time>2025-10-21T17:31:33.000Z</time>
      </trkpt>
      <trkpt lat="47.942287" lon="8.201717">
        <ele>858.242280</ele>
        <time>2025-10-21T17:31:34.000Z</time>
      </trkpt>
      <trkpt lat="47.942306" lon="8.201738">
        <ele>858.245975</ele>
        <time>2025-10-21T17:31:35.000Z</time>
      </trkpt>
      <trkpt lat="47.942319" lon="8.201746">
        <ele>858.248172</ele>
        <time>2025-10-21T17:31:36.000Z</time>
      </trkpt>
      <trkpt lat="47.942344" lon="8.201769">
        <ele>858.252761</ele>
        <time>2025-10-21T17:31:37.000Z</time>
      </trkpt>
      <trkpt lat="47.942367" lon="8.201788">
        <ele>858.256869</ele>
        <time>2025-10-21T17:31:38.000Z</time>
      </trkpt>
      <trkpt lat="47.942383" lon="8.201796">
        <ele>858.259506</ele>
        <time>2025-10-21T17:31:39.000Z</time>
      </trkpt>
      <trkpt lat="47.942408" lon="8.201809">
        <ele>858.263643</ele>
        <time>2025-10-21T17:31:40.000Z</time>
      </trkpt>
      <trkpt lat="47.942430" lon="8.201829">
        <ele>858.267669</ele>
        <time>2025-10-21T17:31:41.000Z</time>
      </trkpt>
      <trkpt lat="47.942450" lon="8.201836">
        <ele>858.270879</ele>
        <time>2025-10-21T17:31:42.000Z</time>
      </trkpt>
      <trkpt lat="47.942473" lon="8.201846">
        <ele>858.274623</ele>
        <time>2025-10-21T17:31:43.000Z</time>
      </trkpt>
      <trkpt lat="47.942499" lon="8.201863">
        <ele>858.279058</ele>
        <time>2025-10-21T17:31:44.000Z</time>
      </trkpt>
      <trkpt lat="47.942520" lon="8.201867">
        <ele>858.282367</ele>
        <time>2025-10-21T17:31:45.000Z</time>
      </trkpt>
      <trkpt lat="47.942545" lon="8.201871">
        <ele>858.286296</ele>
        <time>2025-10-21T17:31:46.000Z</time>
      </trkpt>
      <trkpt lat="47.942575" lon="8.201885">
        <ele>858.291208</ele>
        <time>2025-10-21T17:31:47.000Z</time>
      </trkpt>
      <trkpt lat="47.942595" lon="8.201882">
        <ele>858.294349</ele>
        <time>2025-10-21T17:31:48.000Z</time>
      </trkpt>
      <trkpt lat="47.942617" lon="8.201877">
        <ele>858.297827</ele>
        <time>2025-10-21T17:31:49.000Z</time>
      </trkpt>
      <trkpt lat="47.942645" lon="8.201884">
        <ele>858.302263</ele>
        <time>2025-10-21T17:31:50.000Z</time>
      </trkpt>
      <trkpt lat="47.942666" lon="8.201886">
        <ele>858.305552</ele>
        <time>2025-10-21T17:31:51.000Z</time>
      </trkpt>
      <trkpt lat="47.942686" lon="8.201887">
        <ele>858.308679</ele>
        <time>2025-10-21T17:31:52.000Z</time>
      </trkpt>
      <trkpt lat="47.942714" lon="8.201892">
        <ele>858.313086</ele>
        <time>2025-10-21T17:31:53.000Z</time>
      </trkpt>
      <trkpt lat="47.942739" lon="8.201897">
        <ele>858.317028</ele>
        <time>2025-10-21T17:31:54.000Z</time>
      </trkpt>
      <trkpt lat="47.942761" lon="8.201896">
        <ele>858.320467</ele>
        <time>2025-10-21T17:31:55.000Z</time>
      </trkpt>
      <trkpt lat="47.942789" lon="8.201903">
        <ele>858.324904</ele>
        <time>2025-10-21T17:31:56.000Z</time>
      </trkpt>
      <trkpt lat="47.942816" lon="8.201913">
        <ele>858.329251</ele>
        <time>2025-10-21T17:31:57.000Z</time>
      </trkpt>
      <trkpt lat="47.942838" lon="8.201914">
        <ele>858.332691</ele>
        <time>2025-10-21T17:31:58.000Z</time>
      </trkpt>
      <trkpt lat="47.942862" lon="8.201916">
        <ele>858.336448</ele>
        <time>2025-10-21T17:31:59.000Z</time>
      </trkpt>
      <trkpt lat="47.942893" lon="8.201929">
        <ele>858.341480</ele>
        <time>2025-10-21T17:32:00.000Z</time>
      </trkpt>
      <trkpt lat="47.942915" lon="8.201933">
        <ele>858.344943</ele>
        <time>2025-10-21T17:32:01.000Z</time>
      </trkpt>
      <trkpt lat="47.942934" lon="8.201929">
        <ele>858.347942</ele>
        <time>2025-10-21T17:32:02.000Z</time>
      </trkpt>
      <trkpt lat="47.942963" lon="8.201938">
        <ele>858.355249</ele>
        <time>2025-10-21T17:32:03.000Z</time>
      </trkpt>
      <trkpt lat="47.942984" lon="8.201939">
        <ele>858.368453</ele>
        <time>2025-10-21T17:32:04.000Z</time>
      </trkpt>
      <trkpt lat="47.943005" lon="8.201933">
        <ele>858.381891</ele>
        <time>2025-10-21T17:32:05.000Z</time>
      </trkpt>
      <trkpt lat="47.943034" lon="8.201934">
        <ele>858.400121</ele>
        <time>2025-10-21T17:32:06.000Z</time>
      </trkpt>
      <trkpt lat="47.943056" lon="8.201934">
        <ele>858.413947</ele>
        <time>2025-10-21T17:32:07.000Z</time>
      </trkpt>
      <trkpt lat="47.943077" lon="8.201927">
        <ele>858.427470</ele>
        <time>2025-10-21T17:32:08.000Z</time>
      </trkpt>
      <trkpt lat="47.943109" lon="8.201926">
        <ele>858.447585</ele>
        <time>2025-10-21T17:32:09.000Z</time>
      </trkpt>
      <trkpt lat="47.943131" lon="8.201926">
        <ele>858.461411</ele>
        <time>2025-10-21T17:32:10.000Z</time>
      </trkpt>
      <trkpt lat="47.943147" lon="8.201918">
        <ele>858.472016</ele>
        <time>2025-10-21T17:32:11.000Z</time>
      </trkpt>
      <trkpt lat="47.943174" lon="8.201918">
        <ele>858.488984</ele>
        <time>2025-10-21T17:32:12.000Z</time>
      </trkpt>
      <trkpt lat="47.943195" lon="8.201916">
        <ele>858.502209</ele>
        <time>2025-10-21T17:32:13.000Z</time>
      </trkpt>
      <trkpt lat="47.943210" lon="8.201904">
        <ele>858.512904</ele>
        <time>2025-10-21T17:32:14.000Z</time>
      </trkpt>
      <trkpt lat="47.943235" lon="8.201895">
        <ele>858.529066</ele>
        <time>2025-10-21T17:32:15.000Z</time>
      </trkpt>
      <trkpt lat="47.943259" lon="8.201891">
        <ele>858.544243</ele>
        <time>2025-10-21T17:32:16.000Z</time>
      </trkpt>
      <trkpt lat="47.943274" lon="8.201879">
        <ele>858.554938</ele>
        <time>2025-10-21T17:32:17.000Z</time>
      </trkpt>
      <trkpt lat="47.943304" lon="8.201865">
        <ele>858.574692</ele>
        <time>2025-10-21T17:32:18.000Z</time>
      </trkpt>
      <trkpt lat="47.943328" lon="8.201859">
        <ele>858.589985</ele>
        <time>2025-10-21T17:32:19.000Z</time>
      </trkpt>
      <trkpt lat="47.943346" lon="8.201848">
        <ele>858.602209</ele>
        <time>2025-10-21T17:32:20.000Z</time>
      </trkpt>
      <trkpt lat="47.943372" lon="8.201840">
        <ele>858.618892</ele>
        <time>2025-10-21T17:32:21.000Z</time>
      </trkpt>
      <trkpt lat="47.943396" lon="8.201838">
        <ele>858.633999</ele>
        <time>2025-10-21T17:32:22.000Z</time>
      </trkpt>
      <trkpt lat="47.943414" lon="8.201828">
        <ele>858.646069</ele>
        <time>2025-10-21T17:32:23.000Z</time>
      </trkpt>
      <trkpt lat="47.943437" lon="8.201816">
        <ele>858.661381</ele>
        <time>2025-10-21T17:32:24.000Z</time>
      </trkpt>
      <trkpt lat="47.943467" lon="8.201819">
        <ele>858.680278</ele>
        <time>2025-10-21T17:32:25.000Z</time>
      </trkpt>
      <trkpt lat="47.943489" lon="8.201813">
        <ele>858.694333</ele>
        <time>2025-10-21T17:32:26.000Z</time>
      </trkpt>
      <trkpt lat="47.943514" lon="8.201805">
        <ele>858.710401</ele>
        <time>2025-10-21T17:32:27.000Z</time>
      </trkpt>
      <trkpt lat="47.943543" lon="8.201805">
        <ele>858.728627</ele>
        <time>2025-10-21T17:32:28.000Z</time>
      </trkpt>
      <trkpt lat="47.943563" lon="8.201799">
        <ele>858.741447</ele>
        <time>2025-10-21T17:32:29.000Z</time>
      </trkpt>
      <trkpt lat="47.943580" lon="8.201787">
        <ele>858.753265</ele>
        <time>2025-10-21T17:32:30.000Z</time>
      </trkpt>
      <trkpt lat="47.943609" lon="8.201783">
        <ele>858.771568</ele>
        <time>2025-10-21T17:32:31.000Z</time>
      </trkpt>
      <trkpt lat="47.943633" lon="8.201783">
        <ele>858.786652</ele>
        <time>2025-10-21T17:32:32.000Z</time>
      </trkpt>
      <trkpt lat="47.943654" lon="8.201777">
        <ele>858.800089</ele>
        <time>2025-10-21T17:32:33.000Z</time>
      </trkpt>
      <trkpt lat="47.943684" lon="8.201772">
        <ele>858.819060</ele>
        <time>2025-10-21T17:32:34.000Z</time>
      </trkpt>
      <trkpt lat="47.943710" lon="8.201775">
        <ele>858.835449</ele>
        <time>2025-10-21T17:32:35.000Z</time>
      </trkpt>
      <trkpt lat="47.943729" lon="8.201769">
        <ele>858.847654</ele>
        <time>2025-10-21T17:32:36.000Z</time>
      </trkpt>
      <trkpt lat="47.943752" lon="8.201761">
        <ele>858.862496</ele>
        <time>2025-10-21T17:32:37.000Z</time>
      </trkpt>
      <trkpt lat="47.943780" lon="8.201759">
        <ele>858.880113</ele>
        <time>2025-10-21T17:32:38.000Z</time>
      </trkpt>
      <trkpt lat="47.943803" lon="8.201756">
        <ele>858.894623</ele>
        <time>2025-10-21T17:32:39.000Z</time>
      </trkpt>
      <trkpt lat="47.943821" lon="8.201746">
        <ele>858.906693</ele>
        <time>2025-10-21T17:32:40.000Z</time>
      </trkpt>
      <trkpt lat="47.943851" lon="8.201743">
        <ele>858.925589</ele>
        <time>2025-10-21T17:32:41.000Z</time>
      </trkpt>
      <trkpt lat="47.943876" lon="8.201746">
        <ele>858.941351</ele>
        <time>2025-10-21T17:32:42.000Z</time>
      </trkpt>
      <trkpt lat="47.943897" lon="8.201738">
        <ele>858.954972</ele>
        <time>2025-10-21T17:32:43.000Z</time>
      </trkpt>
      <trkpt lat="47.943926" lon="8.201735">
        <ele>858.973241</ele>
        <time>2025-10-21T17:32:44.000Z</time>
      </trkpt>
      <trkpt lat="47.943949" lon="8.201737">
        <ele>858.987720</ele>
        <time>2025-10-21T17:32:45.000Z</time>
      </trkpt>
      <trkpt lat="47.943968" lon="8.201730">
        <ele>859.000019</ele>
        <time>2025-10-21T17:32:46.000Z</time>
      </trkpt>
      <trkpt lat="47.943992" lon="8.201726">
        <ele>859.015196</ele>
        <time>2025-10-21T17:32:47.000Z</time>
      </trkpt>
      <trkpt lat="47.944018" lon="8.201729">
        <ele>859.031585</ele>
        <time>2025-10-21T17:32:48.000Z</time>
      </trkpt>
      <trkpt lat="47.944035" lon="8.201725">
        <ele>859.042401</ele>
        <time>2025-10-21T17:32:49.000Z</time>
      </trkpt>
      <trkpt lat="47.944056" lon="8.201716">
        <ele>859.056132</ele>
        <time>2025-10-21T17:32:50.000Z</time>
      </trkpt>
      <trkpt lat="47.944088" lon="8.201718">
        <ele>859.076260</ele>
        <time>2025-10-21T17:32:51.000Z</time>
      </trkpt>
      <trkpt lat="47.944112" lon="8.201716">
        <ele>859.091367</ele>
        <time>2025-10-21T17:32:52.000Z</time>
      </trkpt>
      <trkpt lat="47.944134" lon="8.201707">
        <ele>859.105703</ele>
        <time>2025-10-21T17:32:53.000Z</time>
      </trkpt>
      <trkpt lat="47.944169" lon="8.201709">
        <ele>859.127715</ele>
        <time>2025-10-21T17:32:54.000Z</time>
      </trkpt>
      <trkpt lat="47.944193" lon="8.201708">
        <ele>859.142804</ele>
        <time>2025-10-21T17:32:55.000Z</time>
      </trkpt>
      <trkpt lat="47.944212" lon="8.201702">
        <ele>859.155009</ele>
        <time>2025-10-21T17:32:56.000Z</time>
      </trkpt>
      <trkpt lat="47.944239" lon="8.201701">
        <ele>859.171983</ele>
        <time>2025-10-21T17:32:57.000Z</time>
      </trkpt>
      <trkpt lat="47.944263" lon="8.201707">
        <ele>859.187276</ele>
        <time>2025-10-21T17:32:58.000Z</time>
      </trkpt>
      <trkpt lat="47.944281" lon="8.201699">
        <ele>859.199079</ele>
        <time>2025-10-21T17:32:59.000Z</time>
      </trkpt>
      <trkpt lat="47.944304" lon="8.201696">
        <ele>859.213589</ele>
        <time>2025-10-21T17:33:00.000Z</time>
      </trkpt>
      <trkpt lat="47.944333" lon="8.201704">
        <ele>859.232123</ele>
        <time>2025-10-21T17:33:01.000Z</time>
      </trkpt>
      <trkpt lat="47.944354" lon="8.201698">
        <ele>859.245560</ele>
        <time>2025-10-21T17:33:02.000Z</time>
      </trkpt>
      <trkpt lat="47.944376" lon="8.201694">
        <ele>859.259489</ele>
        <time>2025-10-21T17:33:03.000Z</time>
      </trkpt>
      <trkpt lat="47.944404" lon="8.201701">
        <ele>859.277331</ele>
        <time>2025-10-21T17:33:04.000Z</time>
      </trkpt>
      <trkpt lat="47.944427" lon="8.201698">
        <ele>859.291841</ele>
        <time>2025-10-21T17:33:05.000Z</time>
      </trkpt>
      <trkpt lat="47.944448" lon="8.201692">
        <ele>859.305278</ele>
        <time>2025-10-21T17:33:06.000Z</time>
      </trkpt>
      <trkpt lat="47.944480" lon="8.201701">
        <ele>859.325743</ele>
        <time>2025-10-21T17:33:07.000Z</time>
      </trkpt>
      <trkpt lat="47.944502" lon="8.201698">
        <ele>859.339626</ele>
        <time>2025-10-21T17:33:08.000Z</time>
      </trkpt>
      <trkpt lat="47.944521" lon="8.201693">
        <ele>859.351751</ele>
        <time>2025-10-21T17:33:09.000Z</time>
      </trkpt>
      <trkpt lat="47.944551" lon="8.201699">
        <ele>859.370774</ele>
        <time>2025-10-21T17:33:10.000Z</time>
      </trkpt>
      <trkpt lat="47.944578" lon="8.201703">
        <ele>859.387826</ele>
        <time>2025-10-21T17:33:11.000Z</time>
      </trkpt>
      <trkpt lat="47.944600" lon="8.201698">
        <ele>859.401811</ele>
        <time>2025-10-21T17:33:12.000Z</time>
      </trkpt>
      <trkpt lat="47.944630" lon="8.201702">
        <ele>859.420740</ele>
        <time>2025-10-21T17:33:13.000Z</time>
      </trkpt>
      <trkpt lat="47.944655" lon="8.201704">
        <ele>859.436474</ele>
        <time>2025-10-21T17:33:14.000Z</time>
      </trkpt>
      <trkpt lat="47.944673" lon="8.201697">
        <ele>859.448164</ele>
        <time>2025-10-21T17:33:15.000Z</time>
      </trkpt>
      <trkpt lat="47.944697" lon="8.201695">
        <ele>859.463271</ele>
        <time>2025-10-21T17:33:16.000Z</time>
      </trkpt>
      <trkpt lat="47.944723" lon="8.201700">
        <ele>859.479746</ele>
        <time>2025-10-21T17:33:17.000Z</time>
      </trkpt>
      <trkpt lat="47.944744" lon="8.201696">
        <ele>859.552113</ele>
        <time>2025-10-21T17:33:18.000Z</time>
      </trkpt>
      <trkpt lat="47.944768" lon="8.201692">
        <ele>859.648906</ele>
        <time>2025-10-21T17:33:19.000Z</time>
      </trkpt>
      <trkpt lat="47.944798" lon="8.201694">
        <ele>859.769272</ele>
        <time>2025-10-21T17:33:20.000Z</time>
      </trkpt>
      <trkpt lat="47.944816" lon="8.201688">
        <ele>859.843196</ele>
        <time>2025-10-21T17:33:21.000Z</time>
      </trkpt>
      <trkpt lat="47.944840" lon="8.201686">
        <ele>859.939542</ele>
        <time>2025-10-21T17:33:22.000Z</time>
      </trkpt>
      <trkpt lat="47.944871" lon="8.201690">
        <ele>860.064259</ele>
        <time>2025-10-21T17:33:23.000Z</time>
      </trkpt>
      <trkpt lat="47.944891" lon="8.201685">
        <ele>860.145538</ele>
        <time>2025-10-21T17:33:24.000Z</time>
      </trkpt>
      <trkpt lat="47.944914" lon="8.201678">
        <ele>860.239623</ele>
        <time>2025-10-21T17:33:25.000Z</time>
      </trkpt>
      <trkpt lat="47.944945" lon="8.201681">
        <ele>860.364137</ele>
        <time>2025-10-21T17:33:26.000Z</time>
      </trkpt>
      <trkpt lat="47.944963" lon="8.201678">
        <ele>860.436733</ele>
        <time>2025-10-21T17:33:27.000Z</time>
      </trkpt>
      <trkpt lat="47.944978" lon="8.201671">
        <ele>860.499724</ele>
        <time>2025-10-21T17:33:28.000Z</time>
      </trkpt>
      <trkpt lat="47.945005" lon="8.201672">
        <ele>860.607979</ele>
        <time>2025-10-21T17:33:29.000Z</time>
      </trkpt>
      <trkpt lat="47.945020" lon="8.201667">
        <ele>860.669582</ele>
        <time>2025-10-21T17:33:30.000Z</time>
      </trkpt>
      <trkpt lat="47.945036" lon="8.201658">
        <ele>860.738114</ele>
        <time>2025-10-21T17:33:31.000Z</time>
      </trkpt>
      <trkpt lat="47.945062" lon="8.201658">
        <ele>860.842327</ele>
        <time>2025-10-21T17:33:32.000Z</time>
      </trkpt>
      <trkpt lat="47.945083" lon="8.201665">
        <ele>860.928571</ele>
        <time>2025-10-21T17:33:33.000Z</time>
      </trkpt>
      <trkpt lat="47.945110" lon="8.201674">
        <ele>861.039457</ele>
        <time>2025-10-21T17:33:34.000Z</time>
      </trkpt>
      <trkpt lat="47.945127" lon="8.201709">
        <ele>861.155531</ele>
        <time>2025-10-21T17:33:35.000Z</time>
      </trkpt>
      <trkpt lat="47.945148" lon="8.201733">
        <ele>861.261536</ele>
        <time>2025-10-21T17:33:36.000Z</time>
      </trkpt>
      <trkpt lat="47.945161" lon="8.201766">
        <ele>861.364322</ele>
        <time>2025-10-21T17:33:37.000Z</time>
      </trkpt>
      <trkpt lat="47.945160" lon="8.201809">
        <ele>861.479840</ele>
        <time>2025-10-21T17:33:38.000Z</time>
      </trkpt>
      <trkpt lat="47.945164" lon="8.201840">
        <ele>861.564600</ele>
        <time>2025-10-21T17:33:39.000Z</time>
      </trkpt>
      <trkpt lat="47.945170" lon="8.201871">
        <ele>861.651235</ele>
        <time>2025-10-21T17:33:40.000Z</time>
      </trkpt>
      <trkpt lat="47.945176" lon="8.201916">
        <ele>861.774424</ele>
        <time>2025-10-21T17:33:41.000Z</time>
      </trkpt>
      <trkpt lat="47.945185" lon="8.201951">
        <ele>861.875079</ele>
        <time>2025-10-21T17:33:42.000Z</time>
      </trkpt>
      <trkpt lat="47.945195" lon="8.201973">
        <ele>861.946461</ele>
        <time>2025-10-21T17:33:43.000Z</time>
      </trkpt>
      <trkpt lat="47.945211" lon="8.202008">
        <ele>862.060229</ele>
        <time>2025-10-21T17:33:44.000Z</time>
      </trkpt>
      <trkpt lat="47.945229" lon="8.202036">
        <ele>862.164424</ele>
        <time>2025-10-21T17:33:45.000Z</time>
      </trkpt>
      <trkpt lat="47.945246" lon="8.202052">
        <ele>862.244974</ele>
        <time>2025-10-21T17:33:46.000Z</time>
      </trkpt>
      <trkpt lat="47.945264" lon="8.202069">
        <ele>862.330346</ele>
        <time>2025-10-21T17:33:47.000Z</time>
      </trkpt>
      <trkpt lat="47.945288" lon="8.202091">
        <ele>862.443229</ele>
        <time>2025-10-21T17:33:48.000Z</time>
      </trkpt>
      <trkpt lat="47.945306" lon="8.202100">
        <ele>862.519316</ele>
        <time>2025-10-21T17:33:49.000Z</time>
      </trkpt>
      <trkpt lat="47.945323" lon="8.202106">
        <ele>862.589333</ele>
        <time>2025-10-21T17:33:50.000Z</time>
      </trkpt>
      <trkpt lat="47.945352" lon="8.202115">
        <ele>862.708055</ele>
        <time>2025-10-21T17:33:51.000Z</time>
      </trkpt>
      <trkpt lat="47.945373" lon="8.202117">
        <ele>862.792398</ele>
        <time>2025-10-21T17:33:52.000Z</time>
      </trkpt>
      <trkpt lat="47.945395" lon="8.202111">
        <ele>862.882037</ele>
        <time>2025-10-21T17:33:53.000Z</time>
      </trkpt>
      <trkpt lat="47.945420" lon="8.202111">
        <ele>862.982242</ele>
        <time>2025-10-21T17:33:54.000Z</time>
      </trkpt>
      <trkpt lat="47.945445" lon="8.202114">
        <ele>863.082770</ele>
        <time>2025-10-21T17:33:55.000Z</time>
      </trkpt>
      <trkpt lat="47.945463" lon="8.202110">
        <ele>863.155712</ele>
        <time>2025-10-21T17:33:56.000Z</time>
      </trkpt>
      <trkpt lat="47.945490" lon="8.202107">
        <ele>863.264232</ele>
        <time>2025-10-21T17:33:57.000Z</time>
      </trkpt>
      <trkpt lat="47.945514" lon="8.202112">
        <ele>863.361361</ele>
        <time>2025-10-21T17:33:58.000Z</time>
      </trkpt>
      <trkpt lat="47.945530" lon="8.202107">
        <ele>863.426881</ele>
        <time>2025-10-21T17:33:59.000Z</time>
      </trkpt>
      <trkpt lat="47.945556" lon="8.202098">
        <ele>863.533859</ele>
        <time>2025-10-21T17:34:00.000Z</time>
      </trkpt>
      <trkpt lat="47.945584" lon="8.202099">
        <ele>863.646120</ele>
        <time>2025-10-21T17:34:01.000Z</time>
      </trkpt>
      <trkpt lat="47.945599" lon="8.202091">
        <ele>863.709964</ele>
        <time>2025-10-21T17:34:02.000Z</time>
      </trkpt>
      <trkpt lat="47.945619" lon="8.202086">
        <ele>863.791244</ele>
        <time>2025-10-21T17:34:03.000Z</time>
      </trkpt>
      <trkpt lat="47.945650" lon="8.202088">
        <ele>863.915613</ele>
        <time>2025-10-21T17:34:04.000Z</time>
      </trkpt>
      <trkpt lat="47.945667" lon="8.202088">
        <ele>863.983753</ele>
        <time>2025-10-21T17:34:05.000Z</time>
      </trkpt>
      <trkpt lat="47.945684" lon="8.202086">
        <ele>864.052103</ele>
        <time>2025-10-21T17:34:06.000Z</time>
      </trkpt>
      <trkpt lat="47.945714" lon="8.202088">
        <ele>864.172468</ele>
        <time>2025-10-21T17:34:07.000Z</time>
      </trkpt>
      <trkpt lat="47.945735" lon="8.202085">
        <ele>864.257024</ele>
        <time>2025-10-21T17:34:08.000Z</time>
      </trkpt>
      <trkpt lat="47.945754" lon="8.202081">
        <ele>864.333933</ele>
        <time>2025-10-21T17:34:09.000Z</time>
      </trkpt>
      <trkpt lat="47.945783" lon="8.202081">
        <ele>864.450171</ele>
        <time>2025-10-21T17:34:10.000Z</time>
      </trkpt>
      <trkpt lat="47.945806" lon="8.202082">
        <ele>864.542398</ele>
        <time>2025-10-21T17:34:11.000Z</time>
      </trkpt>
      <trkpt lat="47.945824" lon="8.202077">
        <ele>864.615783</ele>
        <time>2025-10-21T17:34:12.000Z</time>
      </trkpt>
      <trkpt lat="47.945852" lon="8.202077">
        <ele>864.728012</ele>
        <time>2025-10-21T17:34:13.000Z</time>
      </trkpt>
      <trkpt lat="47.945876" lon="8.202081">
        <ele>864.824806</ele>
        <time>2025-10-21T17:34:14.000Z</time>
      </trkpt>
      <trkpt lat="47.945893" lon="8.202075">
        <ele>864.894824</ele>
        <time>2025-10-21T17:34:15.000Z</time>
      </trkpt>
      <trkpt lat="47.945919" lon="8.202077">
        <ele>864.999175</ele>
        <time>2025-10-21T17:34:16.000Z</time>
      </trkpt>
      <trkpt lat="47.945939" lon="8.202079">
        <ele>865.079518</ele>
        <time>2025-10-21T17:34:17.000Z</time>
      </trkpt>
      <trkpt lat="47.945952" lon="8.202075">
        <ele>865.132720</ele>
        <time>2025-10-21T17:34:18.000Z</time>
      </trkpt>
      <trkpt lat="47.945976" lon="8.202072">
        <ele>865.229252</ele>
        <time>2025-10-21T17:34:19.000Z</time>
      </trkpt>
      <trkpt lat="47.945996" lon="8.202079">
        <ele>865.311590</ele>
        <time>2025-10-21T17:34:20.000Z</time>
      </trkpt>
      <trkpt lat="47.946012" lon="8.202076">
        <ele>865.376224</ele>
        <time>2025-10-21T17:34:21.000Z</time>
      </trkpt>
      <trkpt lat="47.946037" lon="8.202075">
        <ele>865.476465</ele>
        <time>2025-10-21T17:34:22.000Z</time>
      </trkpt>
      <trkpt lat="47.946058" lon="8.202078">
        <ele>865.561021</ele>
        <time>2025-10-21T17:34:23.000Z</time>
      </trkpt>
      <trkpt lat="47.946075" lon="8.202079">
        <ele>865.629213</ele>
        <time>2025-10-21T17:34:24.000Z</time>
      </trkpt>
      <trkpt lat="47.946096" lon="8.202081">
        <ele>865.713556</ele>
        <time>2025-10-21T17:34:25.000Z</time>
      </trkpt>
      <trkpt lat="47.946117" lon="8.202085">
        <ele>865.798410</ele>
        <time>2025-10-21T17:34:26.000Z</time>
      </trkpt>
      <trkpt lat="47.946129" lon="8.202087">
        <ele>865.846807</ele>
        <time>2025-10-21T17:34:27.000Z</time>
      </trkpt>
      <trkpt lat="47.946150" lon="8.202084">
        <ele>865.931363</ele>
        <time>2025-10-21T17:34:28.000Z</time>
      </trkpt>
      <trkpt lat="47.946178" lon="8.202093">
        <ele>866.046164</ele>
        <time>2025-10-21T17:34:29.000Z</time>
      </trkpt>
      <trkpt lat="47.946189" lon="8.202088">
        <ele>866.092252</ele>
        <time>2025-10-21T17:34:30.000Z</time>
      </trkpt>
      <trkpt lat="47.946207" lon="8.202084">
        <ele>866.165195</ele>
        <time>2025-10-21T17:34:31.000Z</time>
      </trkpt>
      <trkpt lat="47.946234" lon="8.202096">
        <ele>866.278109</ele>
        <time>2025-10-21T17:34:32.000Z</time>
      </trkpt>
      <trkpt lat="47.946249" lon="8.202094">
        <ele>866.338471</ele>
        <time>2025-10-21T17:34:33.000Z</time>
      </trkpt>
      <trkpt lat="47.946262" lon="8.202095">
        <ele>866.390647</ele>
        <time>2025-10-21T17:34:34.000Z</time>
      </trkpt>
      <trkpt lat="47.946285" lon="8.202106">
        <ele>866.487450</ele>
        <time>2025-10-21T17:34:35.000Z</time>
      </trkpt>
      <trkpt lat="47.946301" lon="8.202108">
        <ele>866.551805</ele>
        <time>2025-10-21T17:34:36.000Z</time>
      </trkpt>
      <trkpt lat="47.946316" lon="8.202106">
        <ele>866.612167</ele>
        <time>2025-10-21T17:34:37.000Z</time>
      </trkpt>
      <trkpt lat="47.946337" lon="8.202114">
        <ele>866.707000</ele>
        <time>2025-10-21T17:34:38.000Z</time>
      </trkpt>
      <trkpt lat="47.946358" lon="8.202120">
        <ele>866.881569</ele>
        <time>2025-10-21T17:34:39.000Z</time>
      </trkpt>
      <trkpt lat="47.946372" lon="8.202116">
        <ele>866.997949</ele>
        <time>2025-10-21T17:34:40.000Z</time>
      </trkpt>
      <trkpt lat="47.946395" lon="8.202119">
        <ele>867.186451</ele>
        <time>2025-10-21T17:34:41.000Z</time>
      </trkpt>
      <trkpt lat="47.946415" lon="8.202124">
        <ele>867.352017</ele>
        <time>2025-10-21T17:34:42.000Z</time>
      </trkpt>
      <trkpt lat="47.946431" lon="8.202118">
        <ele>867.486709</ele>
        <time>2025-10-21T17:34:43.000Z</time>
      </trkpt>
      <trkpt lat="47.946458" lon="8.202123">
        <ele>867.708844</ele>
        <time>2025-10-21T17:34:44.000Z</time>
      </trkpt>
      <trkpt lat="47.946479" lon="8.202129">
        <ele>867.883412</ele>
        <time>2025-10-21T17:34:45.000Z</time>
      </trkpt>
      <trkpt lat="47.946496" lon="8.202125">
        <ele>868.023924</ele>
        <time>2025-10-21T17:34:46.000Z</time>
      </trkpt>
      <trkpt lat="47.946521" lon="8.202130">
        <ele>868.229864</ele>
        <time>2025-10-21T17:34:47.000Z</time>
      </trkpt>
      <trkpt lat="47.946545" lon="8.202142">
        <ele>868.436512</ele>
        <time>2025-10-21T17:34:48.000Z</time>
      </trkpt>
      <trkpt lat="47.946564" lon="8.202141">
        <ele>868.591737</ele>
        <time>2025-10-21T17:34:49.000Z</time>
      </trkpt>
      <trkpt lat="47.946595" lon="8.202146">
        <ele>868.846313</ele>
        <time>2025-10-21T17:34:50.000Z</time>
      </trkpt>
      <trkpt lat="47.946620" lon="8.202158">
        <ele>869.060719</ele>
        <time>2025-10-21T17:34:51.000Z</time>
      </trkpt>
      <trkpt lat="47.946639" lon="8.202154">
        <ele>869.217382</ele>
        <time>2025-10-21T17:34:52.000Z</time>
      </trkpt>
      <trkpt lat="47.946668" lon="8.202156">
        <ele>869.454409</ele>
        <time>2025-10-21T17:34:53.000Z</time>
      </trkpt>
      <trkpt lat="47.946692" lon="8.202168">
        <ele>869.661058</ele>
        <time>2025-10-21T17:34:54.000Z</time>
      </trkpt>
      <trkpt lat="47.946705" lon="8.202163">
        <ele>869.770664</ele>
        <time>2025-10-21T17:34:55.000Z</time>
      </trkpt>
      <trkpt lat="47.946729" lon="8.202164">
        <ele>869.966691</ele>
        <time>2025-10-21T17:34:56.000Z</time>
      </trkpt>
      <trkpt lat="47.946753" lon="8.202178">
        <ele>870.177069</ele>
        <time>2025-10-21T17:34:57.000Z</time>
      </trkpt>
      <trkpt lat="47.946770" lon="8.202179">
        <ele>870.315975</ele>
        <time>2025-10-21T17:34:58.000Z</time>
      </trkpt>
      <trkpt lat="47.946794" lon="8.202184">
        <ele>870.513825</ele>
        <time>2025-10-21T17:34:59.000Z</time>
      </trkpt>
      <trkpt lat="47.946818" lon="8.202198">
        <ele>870.724203</ele>
        <time>2025-10-21T17:35:00.000Z</time>
      </trkpt>
      <trkpt lat="47.946835" lon="8.202201">
        <ele>870.863968</ele>
        <time>2025-10-21T17:35:01.000Z</time>
      </trkpt>
      <trkpt lat="47.946860" lon="8.202206">
        <ele>871.069907</ele>
        <time>2025-10-21T17:35:02.000Z</time>
      </trkpt>
      <trkpt lat="47.946885" lon="8.202220">
        <ele>871.287910</ele>
        <time>2025-10-21T17:35:03.000Z</time>
      </trkpt>
      <trkpt lat="47.946898" lon="8.202223">
        <ele>871.395311</ele>
        <time>2025-10-21T17:35:04.000Z</time>
      </trkpt>
      <trkpt lat="47.946920" lon="8.202228">
        <ele>871.577002</ele>
        <time>2025-10-21T17:35:05.000Z</time>
      </trkpt>
      <trkpt lat="47.946944" lon="8.202246">
        <ele>871.796290</ele>
        <time>2025-10-21T17:35:06.000Z</time>
      </trkpt>
      <trkpt lat="47.946959" lon="8.202248">
        <ele>871.919247</ele>
        <time>2025-10-21T17:35:07.000Z</time>
      </trkpt>
      <trkpt lat="47.946979" lon="8.202258">
        <ele>872.091454</ele>
        <time>2025-10-21T17:35:08.000Z</time>
      </trkpt>
      <trkpt lat="47.947000" lon="8.202280">
        <ele>872.300913</ele>
        <time>2025-10-21T17:35:09.000Z</time>
      </trkpt>
      <trkpt lat="47.947014" lon="8.202288">
        <ele>872.423304</ele>
        <time>2025-10-21T17:35:10.000Z</time>
      </trkpt>
      <trkpt lat="47.947037" lon="8.202299">
        <ele>872.620491</ele>
        <time>2025-10-21T17:35:11.000Z</time>
      </trkpt>
      <trkpt lat="47.947059" lon="8.202323">
        <ele>872.842957</ele>
        <time>2025-10-21T17:35:12.000Z</time>
      </trkpt>
      <trkpt lat="47.947074" lon="8.202333">
        <ele>872.977082</ele>
        <time>2025-10-21T17:35:13.000Z</time>
      </trkpt>
      <trkpt lat="47.947096" lon="8.202349">
        <ele>873.176883</ele>
        <time>2025-10-21T17:35:14.000Z</time>
      </trkpt>
      <trkpt lat="47.947113" lon="8.202369">
        <ele>873.353598</ele>
        <time>2025-10-21T17:35:15.000Z</time>
      </trkpt>
      <trkpt lat="47.947128" lon="8.202375">
        <ele>873.480387</ele>
        <time>2025-10-21T17:35:16.000Z</time>
      </trkpt>
      <trkpt lat="47.947148" lon="8.202391">
        <ele>873.665646</ele>
        <time>2025-10-21T17:35:17.000Z</time>
      </trkpt>
      <trkpt lat="47.947165" lon="8.202409">
        <ele>873.835808</ele>
        <time>2025-10-21T17:35:18.000Z</time>
      </trkpt>
      <trkpt lat="47.947183" lon="8.202415">
        <ele>873.986390</ele>
        <time>2025-10-21T17:35:19.000Z</time>
      </trkpt>
      <trkpt lat="47.947201" lon="8.202431">
        <ele>874.157430</ele>
        <time>2025-10-21T17:35:20.000Z</time>
      </trkpt>
      <trkpt lat="47.947212" lon="8.202451">
        <ele>874.298954</ele>
        <time>2025-10-21T17:35:21.000Z</time>
      </trkpt>
      <trkpt lat="47.947224" lon="8.202462">
        <ele>874.413924</ele>
        <time>2025-10-21T17:35:22.000Z</time>
      </trkpt>
      <trkpt lat="47.947240" lon="8.202481">
        <ele>874.580843</ele>
        <time>2025-10-21T17:35:23.000Z</time>
      </trkpt>
      <trkpt lat="47.947257" lon="8.202504">
        <ele>874.768156</ele>
        <time>2025-10-21T17:35:24.000Z</time>
      </trkpt>
      <trkpt lat="47.947274" lon="8.202512">
        <ele>874.913687</ele>
        <time>2025-10-21T17:35:25.000Z</time>
      </trkpt>
      <trkpt lat="47.947295" lon="8.202526">
        <ele>875.101462</ele>
        <time>2025-10-21T17:35:26.000Z</time>
      </trkpt>
      <trkpt lat="47.947316" lon="8.202552">
        <ele>875.324206</ele>
        <time>2025-10-21T17:35:27.000Z</time>
      </trkpt>
      <trkpt lat="47.947331" lon="8.202562">
        <ele>875.458332</ele>
        <time>2025-10-21T17:35:28.000Z</time>
      </trkpt>
      <trkpt lat="47.947354" lon="8.202578">
        <ele>875.665503</ele>
        <time>2025-10-21T17:35:29.000Z</time>
      </trkpt>
      <trkpt lat="47.947373" lon="8.202601">
        <ele>875.865217</ele>
        <time>2025-10-21T17:35:30.000Z</time>
      </trkpt>
      <trkpt lat="47.947387" lon="8.202609">
        <ele>875.987609</ele>
        <time>2025-10-21T17:35:31.000Z</time>
      </trkpt>
      <trkpt lat="47.947410" lon="8.202620">
        <ele>876.184796</ele>
        <time>2025-10-21T17:35:32.000Z</time>
      </trkpt>
      <trkpt lat="47.947429" lon="8.202639">
        <ele>876.371507</ele>
        <time>2025-10-21T17:35:33.000Z</time>
      </trkpt>
      <trkpt lat="47.947442" lon="8.202647">
        <ele>876.486311</ele>
        <time>2025-10-21T17:35:34.000Z</time>
      </trkpt>
      <trkpt lat="47.947458" lon="8.202657">
        <ele>876.627930</ele>
        <time>2025-10-21T17:35:35.000Z</time>
      </trkpt>
      <trkpt lat="47.947477" lon="8.202678">
        <ele>876.820943</ele>
        <time>2025-10-21T17:35:36.000Z</time>
      </trkpt>
      <trkpt lat="47.947491" lon="8.202686">
        <ele>876.943334</ele>
        <time>2025-10-21T17:35:37.000Z</time>
      </trkpt>
      <trkpt lat="47.947509" lon="8.202699">
        <ele>877.106590</ele>
        <time>2025-10-21T17:35:38.000Z</time>
      </trkpt>
      <trkpt lat="47.947530" lon="8.202718">
        <ele>877.307075</ele>
        <time>2025-10-21T17:35:39.000Z</time>
      </trkpt>
      <trkpt lat="47.947545" lon="8.202723">
        <ele>877.432560</ele>
        <time>2025-10-21T17:35:40.000Z</time>
      </trkpt>
      <trkpt lat="47.947565" lon="8.202731">
        <ele>877.601612</ele>
        <time>2025-10-21T17:35:41.000Z</time>
      </trkpt>
      <trkpt lat="47.947584" lon="8.202750">
        <ele>877.788323</ele>
        <time>2025-10-21T17:35:42.000Z</time>
      </trkpt>
      <trkpt lat="47.947597" lon="8.202755">
        <ele>877.897929</ele>
        <time>2025-10-21T17:35:43.000Z</time>
      </trkpt>
      <trkpt lat="47.947617" lon="8.202761">
        <ele>878.064486</ele>
        <time>2025-10-21T17:35:44.000Z</time>
      </trkpt>
      <trkpt lat="47.947636" lon="8.202780">
        <ele>878.251198</ele>
        <time>2025-10-21T17:35:45.000Z</time>
      </trkpt>
      <trkpt lat="47.947653" lon="8.202787">
        <ele>878.395179</ele>
        <time>2025-10-21T17:35:46.000Z</time>
      </trkpt>
      <trkpt lat="47.947672" lon="8.202787">
        <ele>878.550307</ele>
        <time>2025-10-21T17:35:47.000Z</time>
      </trkpt>
      <trkpt lat="47.947695" lon="8.202798">
        <ele>878.747493</ele>
        <time>2025-10-21T17:35:48.000Z</time>
      </trkpt>
      <trkpt lat="47.947715" lon="8.202807">
        <ele>878.918042</ele>
        <time>2025-10-21T17:35:49.000Z</time>
      </trkpt>
      <trkpt lat="47.947739" lon="8.202810">
        <ele>879.114679</ele>
        <time>2025-10-21T17:35:50.000Z</time>
      </trkpt>
      <trkpt lat="47.947766" lon="8.202827">
        <ele>879.353926</ele>
        <time>2025-10-21T17:35:51.000Z</time>
      </trkpt>
      <trkpt lat="47.947783" lon="8.202835">
        <ele>879.499457</ele>
        <time>2025-10-21T17:35:52.000Z</time>
      </trkpt>
      <trkpt lat="47.947809" lon="8.202844">
        <ele>879.717368</ele>
        <time>2025-10-21T17:35:53.000Z</time>
      </trkpt>
      <trkpt lat="47.947833" lon="8.202857">
        <ele>879.925817</ele>
        <time>2025-10-21T17:35:54.000Z</time>
      </trkpt>
      <trkpt lat="47.947848" lon="8.202863">
        <ele>880.052606</ele>
        <time>2025-10-21T17:35:55.000Z</time>
      </trkpt>
      <trkpt lat="47.947868" lon="8.202863">
        <ele>880.215899</ele>
        <time>2025-10-21T17:35:56.000Z</time>
      </trkpt>
      <trkpt lat="47.947891" lon="8.202875">
        <ele>880.414822</ele>
        <time>2025-10-21T17:35:57.000Z</time>
      </trkpt>
      <trkpt lat="47.947908" lon="8.202879">
        <ele>880.555334</ele>
        <time>2025-10-21T17:35:58.000Z</time>
      </trkpt>
      <trkpt lat="47.947928" lon="8.202882">
        <ele>880.719449</ele>
        <time>2025-10-21T17:35:59.000Z</time>
      </trkpt>
      <trkpt lat="47.947954" lon="8.202884">
        <ele>880.932011</ele>
        <time>2025-10-21T17:36:00.000Z</time>
      </trkpt>
      <trkpt lat="47.947969" lon="8.202887">
        <ele>881.055574</ele>
        <time>2025-10-21T17:36:01.000Z</time>
      </trkpt>
      <trkpt lat="47.947989" lon="8.202887">
        <ele>881.218867</ele>
        <time>2025-10-21T17:36:02.000Z</time>
      </trkpt>
      <trkpt lat="47.948015" lon="8.202895">
        <ele>881.398480</ele>
        <time>2025-10-21T17:36:03.000Z</time>
      </trkpt>
      <trkpt lat="47.948034" lon="8.202898">
        <ele>881.456295</ele>
        <time>2025-10-21T17:36:04.000Z</time>
      </trkpt>
      <trkpt lat="47.948058" lon="8.202898">
        <ele>881.528919</ele>
        <time>2025-10-21T17:36:05.000Z</time>
      </trkpt>
      <trkpt lat="47.948090" lon="8.202908">
        <ele>881.627851</ele>
        <time>2025-10-21T17:36:06.000Z</time>
      </trkpt>
      <trkpt lat="47.948104" lon="8.202911">
        <ele>881.670649</ele>
        <time>2025-10-21T17:36:07.000Z</time>
      </trkpt>
      <trkpt lat="47.948129" lon="8.202912">
        <ele>881.746327</ele>
        <time>2025-10-21T17:36:08.000Z</time>
      </trkpt>
      <trkpt lat="47.948156" lon="8.202922">
        <ele>881.830506</ele>
        <time>2025-10-21T17:36:09.000Z</time>
      </trkpt>
      <trkpt lat="47.948166" lon="8.202920">
        <ele>881.861036</ele>
        <time>2025-10-21T17:36:10.000Z</time>
      </trkpt>
      <trkpt lat="47.948185" lon="8.202920">
        <ele>881.918531</ele>
        <time>2025-10-21T17:36:11.000Z</time>
      </trkpt>
      <trkpt lat="47.948217" lon="8.202926">
        <ele>882.016124</ele>
        <time>2025-10-21T17:36:12.000Z</time>
      </trkpt>
      <trkpt lat="47.948234" lon="8.202922">
        <ele>882.068201</ele>
        <time>2025-10-21T17:36:13.000Z</time>
      </trkpt>
      <trkpt lat="47.948260" lon="8.202923">
        <ele>882.146904</ele>
        <time>2025-10-21T17:36:14.000Z</time>
      </trkpt>
      <trkpt lat="47.948290" lon="8.202936">
        <ele>882.241431</ele>
        <time>2025-10-21T17:36:15.000Z</time>
      </trkpt>
      <trkpt lat="47.948307" lon="8.202935">
        <ele>882.292914</ele>
        <time>2025-10-21T17:36:16.000Z</time>
      </trkpt>
      <trkpt lat="47.948328" lon="8.202937">
        <ele>882.356589</ele>
        <time>2025-10-21T17:36:17.000Z</time>
      </trkpt>
      <trkpt lat="47.948354" lon="8.202948">
        <ele>882.438364</ele>
        <time>2025-10-21T17:36:18.000Z</time>
      </trkpt>
      <trkpt lat="47.948374" lon="8.202940">
        <ele>882.501019</ele>
        <time>2025-10-21T17:36:19.000Z</time>
      </trkpt>
      <trkpt lat="47.948407" lon="8.202941">
        <ele>882.600898</ele>
        <time>2025-10-21T17:36:20.000Z</time>
      </trkpt>
      <trkpt lat="47.948432" lon="8.202947">
        <ele>882.677520</ele>
        <time>2025-10-21T17:36:21.000Z</time>
      </trkpt>
      <trkpt lat="47.948449" lon="8.202939">
        <ele>882.731457</ele>
        <time>2025-10-21T17:36:22.000Z</time>
      </trkpt>
      <trkpt lat="47.948472" lon="8.202940">
        <ele>882.801085</ele>
        <time>2025-10-21T17:36:23.000Z</time>
      </trkpt>
      <trkpt lat="47.948494" lon="8.202951">
        <ele>882.871292</ele>
        <time>2025-10-21T17:36:24.000Z</time>
      </trkpt>
      <trkpt lat="47.948505" lon="8.202942">
        <ele>882.909249</ele>
        <time>2025-10-21T17:36:25.000Z</time>
      </trkpt>
      <trkpt lat="47.948525" lon="8.202939">
        <ele>882.970074</ele>
        <time>2025-10-21T17:36:26.000Z</time>
      </trkpt>
      <trkpt lat="47.948548" lon="8.202952">
        <ele>883.044493</ele>
        <time>2025-10-21T17:36:27.000Z</time>
      </trkpt>
      <trkpt lat="47.948565" lon="8.202953">
        <ele>883.095975</ele>
        <time>2025-10-21T17:36:28.000Z</time>
      </trkpt>
      <trkpt lat="47.948587" lon="8.202954">
        <ele>883.162579</ele>
        <time>2025-10-21T17:36:29.000Z</time>
      </trkpt>
      <trkpt lat="47.948616" lon="8.202963">
        <ele>883.252209</ele>
        <time>2025-10-21T17:36:30.000Z</time>
      </trkpt>
      <trkpt lat="47.948635" lon="8.202958">
        <ele>883.310590</ele>
        <time>2025-10-21T17:36:31.000Z</time>
      </trkpt>
      <trkpt lat="47.948658" lon="8.202956">
        <ele>883.380306</ele>
        <time>2025-10-21T17:36:32.000Z</time>
      </trkpt>
      <trkpt lat="47.948680" lon="8.202962">
        <ele>883.447980</ele>
        <time>2025-10-21T17:36:33.000Z</time>
      </trkpt>
      <trkpt lat="47.948694" lon="8.202958">
        <ele>883.491113</ele>
        <time>2025-10-21T17:36:34.000Z</time>
      </trkpt>
      <trkpt lat="47.948719" lon="8.202954">
        <ele>883.567197</ele>
        <time>2025-10-21T17:36:35.000Z</time>
      </trkpt>
      <trkpt lat="47.948745" lon="8.202960">
        <ele>883.646808</ele>
        <time>2025-10-21T17:36:36.000Z</time>
      </trkpt>
      <trkpt lat="47.948761" lon="8.202957">
        <ele>883.695605</ele>
        <time>2025-10-21T17:36:37.000Z</time>
      </trkpt>
      <trkpt lat="47.948786" lon="8.202952">
        <ele>883.771931</ele>
        <time>2025-10-21T17:36:38.000Z</time>
      </trkpt>
      <trkpt lat="47.948813" lon="8.202957">
        <ele>883.854260</ele>
        <time>2025-10-21T17:36:39.000Z</time>
      </trkpt>
      <trkpt lat="47.948832" lon="8.202950">
        <ele>883.913479</ele>
        <time>2025-10-21T17:36:40.000Z</time>
      </trkpt>
      <trkpt lat="47.948855" lon="8.202945">
        <ele>883.983811</ele>
        <time>2025-10-21T17:36:41.000Z</time>
      </trkpt>
      <trkpt lat="47.948885" lon="8.202945">
        <ele>884.074592</ele>
        <time>2025-10-21T17:36:42.000Z</time>
      </trkpt>
      <trkpt lat="47.948901" lon="8.202938">
        <ele>884.125044</ele>
        <time>2025-10-21T17:36:43.000Z</time>
      </trkpt>
      <trkpt lat="47.948922" lon="8.202928">
        <ele>884.191745</ele>
        <time>2025-10-21T17:36:44.000Z</time>
      </trkpt>
      <trkpt lat="47.948952" lon="8.202925">
        <ele>884.282729</ele>
        <time>2025-10-21T17:36:45.000Z</time>
      </trkpt>
      <trkpt lat="47.948971" lon="8.202917">
        <ele>884.342466</ele>
        <time>2025-10-21T17:36:46.000Z</time>
      </trkpt>
      <trkpt lat="47.948989" lon="8.202904">
        <ele>884.402972</ele>
        <time>2025-10-21T17:36:47.000Z</time>
      </trkpt>
      <trkpt lat="47.949020" lon="8.202903">
        <ele>884.496801</ele>
        <time>2025-10-21T17:36:48.000Z</time>
      </trkpt>
      <trkpt lat="47.949042" lon="8.202894">
        <ele>884.565827</ele>
        <time>2025-10-21T17:36:49.000Z</time>
      </trkpt>
      <trkpt lat="47.949062" lon="8.202883">
        <ele>884.630324</ele>
        <time>2025-10-21T17:36:50.000Z</time>
      </trkpt>
      <trkpt lat="47.949088" lon="8.202875">
        <ele>884.710654</ele>
        <time>2025-10-21T17:36:51.000Z</time>
      </trkpt>
      <trkpt lat="47.949110" lon="8.202865">
        <ele>884.780243</ele>
        <time>2025-10-21T17:36:52.000Z</time>
      </trkpt>
      <trkpt lat="47.949130" lon="8.202853">
        <ele>884.845468</ele>
        <time>2025-10-21T17:36:53.000Z</time>
      </trkpt>
      <trkpt lat="47.949163" lon="8.202846">
        <ele>884.946329</ele>
        <time>2025-10-21T17:36:54.000Z</time>
      </trkpt>
      <trkpt lat="47.949186" lon="8.202839">
        <ele>885.017359</ele>
        <time>2025-10-21T17:36:55.000Z</time>
      </trkpt>
      <trkpt lat="47.949202" lon="8.202826">
        <ele>885.072481</ele>
        <time>2025-10-21T17:36:56.000Z</time>
      </trkpt>
      <trkpt lat="47.949232" lon="8.202815">
        <ele>885.165959</ele>
        <time>2025-10-21T17:36:57.000Z</time>
      </trkpt>
      <trkpt lat="47.949253" lon="8.202809">
        <ele>885.230659</ele>
        <time>2025-10-21T17:36:58.000Z</time>
      </trkpt>
      <trkpt lat="47.949270" lon="8.202797">
        <ele>885.287561</ele>
        <time>2025-10-21T17:36:59.000Z</time>
      </trkpt>
      <trkpt lat="47.949298" lon="8.202789">
        <ele>885.373827</ele>
        <time>2025-10-21T17:37:00.000Z</time>
      </trkpt>
      <trkpt lat="47.949322" lon="8.202782">
        <ele>885.447824</ele>
        <time>2025-10-21T17:37:01.000Z</time>
      </trkpt>
      <trkpt lat="47.949336" lon="8.202771">
        <ele>885.495697</ele>
        <time>2025-10-21T17:37:02.000Z</time>
      </trkpt>
      <trkpt lat="47.949361" lon="8.202760">
        <ele>885.574564</ele>
        <time>2025-10-21T17:37:03.000Z</time>
      </trkpt>
      <trkpt lat="47.949383" lon="8.202749">
        <ele>885.644771</ele>
        <time>2025-10-21T17:37:04.000Z</time>
      </trkpt>
      <trkpt lat="47.949397" lon="8.202737">
        <ele>885.693620</ele>
        <time>2025-10-21T17:37:05.000Z</time>
      </trkpt>
      <trkpt lat="47.949424" lon="8.202723">
        <ele>885.780110</ele>
        <time>2025-10-21T17:37:06.000Z</time>
      </trkpt>
      <trkpt lat="47.949449" lon="8.202708">
        <ele>885.861641</ele>
        <time>2025-10-21T17:37:07.000Z</time>
      </trkpt>
      <trkpt lat="47.949462" lon="8.202694">
        <ele>885.910145</ele>
        <time>2025-10-21T17:37:08.000Z</time>
      </trkpt>
      <trkpt lat="47.949488" lon="8.202670">
        <ele>886.002644</ele>
        <time>2025-10-21T17:37:09.000Z</time>
      </trkpt>
      <trkpt lat="47.949515" lon="8.202659">
        <ele>886.087334</ele>
        <time>2025-10-21T17:37:10.000Z</time>
      </trkpt>
      <trkpt lat="47.949532" lon="8.202650">
        <ele>886.141915</ele>
        <time>2025-10-21T17:37:11.000Z</time>
      </trkpt>
      <trkpt lat="47.949555" lon="8.202633">
        <ele>886.219575</ele>
        <time>2025-10-21T17:37:12.000Z</time>
      </trkpt>
      <trkpt lat="47.949586" lon="8.202620">
        <ele>886.317012</ele>
        <time>2025-10-21T17:37:13.000Z</time>
      </trkpt>
      <trkpt lat="47.949608" lon="8.202608">
        <ele>886.387888</ele>
        <time>2025-10-21T17:37:14.000Z</time>
      </trkpt>
      <trkpt lat="47.949629" lon="8.202590">
        <ele>886.461162</ele>
        <time>2025-10-21T17:37:15.000Z</time>
      </trkpt>
      <trkpt lat="47.949656" lon="8.202579">
        <ele>886.545852</ele>
        <time>2025-10-21T17:37:16.000Z</time>
      </trkpt>
      <trkpt lat="47.949676" lon="8.202565">
        <ele>886.612694</ele>
        <time>2025-10-21T17:37:17.000Z</time>
      </trkpt>
      <trkpt lat="47.949693" lon="8.202553">
        <ele>886.669596</ele>
        <time>2025-10-21T17:37:18.000Z</time>
      </trkpt>
      <trkpt lat="47.949722" lon="8.202541">
        <ele>886.760658</ele>
        <time>2025-10-21T17:37:19.000Z</time>
      </trkpt>
      <trkpt lat="47.949742" lon="8.202531">
        <ele>886.818821</ele>
        <time>2025-10-21T17:37:20.000Z</time>
      </trkpt>
      <trkpt lat="47.949758" lon="8.202513">
        <ele>886.812574</ele>
        <time>2025-10-21T17:37:21.000Z</time>
      </trkpt>
      <trkpt lat="47.949784" lon="8.202497">
        <ele>886.803804</ele>
        <time>2025-10-21T17:37:22.000Z</time>
      </trkpt>
      <trkpt lat="47.949814" lon="8.202488">
        <ele>886.794262</ele>
        <time>2025-10-21T17:37:23.000Z</time>
      </trkpt>
      <trkpt lat="47.949833" lon="8.202479">
        <ele>886.788046</ele>
        <time>2025-10-21T17:37:24.000Z</time>
      </trkpt>
      <trkpt lat="47.949855" lon="8.202465">
        <ele>886.780589</ele>
        <time>2025-10-21T17:37:25.000Z</time>
      </trkpt>
      <trkpt lat="47.949887" lon="8.202454">
        <ele>886.770349</ele>
        <time>2025-10-21T17:37:26.000Z</time>
      </trkpt>
      <trkpt lat="47.949908" lon="8.202448">
        <ele>886.763682</ele>
        <time>2025-10-21T17:37:27.000Z</time>
      </trkpt>
      <trkpt lat="47.949930" lon="8.202431">
        <ele>886.755957</ele>
        <time>2025-10-21T17:37:28.000Z</time>
      </trkpt>
      <trkpt lat="47.949962" lon="8.202423">
        <ele>886.745840</ele>
        <time>2025-10-21T17:37:29.000Z</time>
      </trkpt>
      <trkpt lat="47.949981" lon="8.202411">
        <ele>886.739406</ele>
        <time>2025-10-21T17:37:30.000Z</time>
      </trkpt>
      <trkpt lat="47.950000" lon="8.202396">
        <ele>886.732704</ele>
        <time>2025-10-21T17:37:31.000Z</time>
      </trkpt>
      <trkpt lat="47.950028" lon="8.202382">
        <ele>886.723496</ele>
        <time>2025-10-21T17:37:32.000Z</time>
      </trkpt>
      <trkpt lat="47.950051" lon="8.202374">
        <ele>886.716132</ele>
        <time>2025-10-21T17:37:33.000Z</time>
      </trkpt>
      <trkpt lat="47.950068" lon="8.202358">
        <ele>886.709866</ele>
        <time>2025-10-21T17:37:34.000Z</time>
      </trkpt>
      <trkpt lat="47.950099" lon="8.202343">
        <ele>886.699704</ele>
        <time>2025-10-21T17:37:35.000Z</time>
      </trkpt>
      <trkpt lat="47.950125" lon="8.202335">
        <ele>886.691426</ele>
        <time>2025-10-21T17:37:36.000Z</time>
      </trkpt>
      <trkpt lat="47.950143" lon="8.202320">
        <ele>886.684998</ele>
        <time>2025-10-21T17:37:37.000Z</time>
      </trkpt>
      <trkpt lat="47.950172" lon="8.202304">
        <ele>886.675357</ele>
        <time>2025-10-21T17:37:38.000Z</time>
      </trkpt>
      <trkpt lat="47.950201" lon="8.202299">
        <ele>886.666254</ele>
        <time>2025-10-21T17:37:39.000Z</time>
      </trkpt>
      <trkpt lat="47.950217" lon="8.202285">
        <ele>886.660471</ele>
        <time>2025-10-21T17:37:40.000Z</time>
      </trkpt>
      <trkpt lat="47.950240" lon="8.202268">
        <ele>886.652468</ele>
        <time>2025-10-21T17:37:41.000Z</time>
      </trkpt>
      <trkpt lat="47.950271" lon="8.202261">
        <ele>886.642691</ele>
        <time>2025-10-21T17:37:42.000Z</time>
      </trkpt>
      <trkpt lat="47.950293" lon="8.202251">
        <ele>886.635520</ele>
        <time>2025-10-21T17:37:43.000Z</time>
      </trkpt>
      <trkpt lat="47.950313" lon="8.202236">
        <ele>886.628540</ele>
        <time>2025-10-21T17:37:44.000Z</time>
      </trkpt>
      <trkpt lat="47.950346" lon="8.202225">
        <ele>886.617996</ele>
        <time>2025-10-21T17:37:45.000Z</time>
      </trkpt>
      <trkpt lat="47.950368" lon="8.202215">
        <ele>886.610825</ele>
        <time>2025-10-21T17:37:46.000Z</time>
      </trkpt>
      <trkpt lat="47.950386" lon="8.202201">
        <ele>886.604496</ele>
        <time>2025-10-21T17:37:47.000Z</time>
      </trkpt>
      <trkpt lat="47.950420" lon="8.202192">
        <ele>886.593729</ele>
        <time>2025-10-21T17:37:48.000Z</time>
      </trkpt>
      <trkpt lat="47.950445" lon="8.202179">
        <ele>886.585474</ele>
        <time>2025-10-21T17:37:49.000Z</time>
      </trkpt>
      <trkpt lat="47.950466" lon="8.202163">
        <ele>886.578122</ele>
        <time>2025-10-21T17:37:50.000Z</time>
      </trkpt>
      <trkpt lat="47.950490" lon="8.202158">
        <ele>886.570565</ele>
        <time>2025-10-21T17:37:51.000Z</time>
      </trkpt>
      <trkpt lat="47.950513" lon="8.202149">
        <ele>886.563151</ele>
        <time>2025-10-21T17:37:52.000Z</time>
      </trkpt>
      <trkpt lat="47.950526" lon="8.202139">
        <ele>886.558591</ele>
        <time>2025-10-21T17:37:53.000Z</time>
      </trkpt>
      <trkpt lat="47.950551" lon="8.202125">
        <ele>886.550264</ele>
        <time>2025-10-21T17:37:54.000Z</time>
      </trkpt>
      <trkpt lat="47.950577" lon="8.202118">
        <ele>886.542026</ele>
        <time>2025-10-21T17:37:55.000Z</time>
      </trkpt>
      <trkpt lat="47.950593" lon="8.202107">
        <ele>886.536533</ele>
        <time>2025-10-21T17:37:56.000Z</time>
      </trkpt>
      <trkpt lat="47.950621" lon="8.202095">
        <ele>886.527449</ele>
        <time>2025-10-21T17:37:57.000Z</time>
      </trkpt>
      <trkpt lat="47.950646" lon="8.202090">
        <ele>886.519584</ele>
        <time>2025-10-21T17:37:58.000Z</time>
      </trkpt>
      <trkpt lat="47.950662" lon="8.202079">
        <ele>886.514091</ele>
        <time>2025-10-21T17:37:59.000Z</time>
      </trkpt>
      <trkpt lat="47.950685" lon="8.202067">
        <ele>886.506493</ele>
        <time>2025-10-21T17:38:00.000Z</time>
      </trkpt>
      <trkpt lat="47.950714" lon="8.202061">
        <ele>886.497364</ele>
        <time>2025-10-21T17:38:01.000Z</time>
      </trkpt>
      <trkpt lat="47.950733" lon="8.202049">
        <ele>886.490931</ele>
        <time>2025-10-21T17:38:02.000Z</time>
      </trkpt>
      <trkpt lat="47.950755" lon="8.202033">
        <ele>886.483300</ele>
        <time>2025-10-21T17:38:03.000Z</time>
      </trkpt>
      <trkpt lat="47.950782" lon="8.202024">
        <ele>886.474673</ele>
        <time>2025-10-21T17:38:04.000Z</time>
      </trkpt>
      <trkpt lat="47.950801" lon="8.202011">
        <ele>886.468156</ele>
        <time>2025-10-21T17:38:05.000Z</time>
      </trkpt>
      <trkpt lat="47.950825" lon="8.201998">
        <ele>886.460194</ele>
        <time>2025-10-21T17:38:06.000Z</time>
      </trkpt>
      <trkpt lat="47.950852" lon="8.201993">
        <ele>886.451710</ele>
        <time>2025-10-21T17:38:07.000Z</time>
      </trkpt>
      <trkpt lat="47.950870" lon="8.201983">
        <ele>886.445721</ele>
        <time>2025-10-21T17:38:08.000Z</time>
      </trkpt>
      <trkpt lat="47.950890" lon="8.201968">
        <ele>886.438742</ele>
        <time>2025-10-21T17:38:09.000Z</time>
      </trkpt>
      <trkpt lat="47.950917" lon="8.201961">
        <ele>886.430197</ele>
        <time>2025-10-21T17:38:10.000Z</time>
      </trkpt>
      <trkpt lat="47.950939" lon="8.201954">
        <ele>886.423182</ele>
        <time>2025-10-21T17:38:11.000Z</time>
      </trkpt>
      <trkpt lat="47.950957" lon="8.201938">
        <ele>886.416650</ele>
        <time>2025-10-21T17:38:12.000Z</time>
      </trkpt>
      <trkpt lat="47.950987" lon="8.201928">
        <ele>886.407064</ele>
        <time>2025-10-21T17:38:13.000Z</time>
      </trkpt>
      <trkpt lat="47.951007" lon="8.201918">
        <ele>886.400487</ele>
        <time>2025-10-21T17:38:14.000Z</time>
      </trkpt>
      <trkpt lat="47.951027" lon="8.201904">
        <ele>886.393599</ele>
        <time>2025-10-21T17:38:15.000Z</time>
      </trkpt>
      <trkpt lat="47.951058" lon="8.201895">
        <ele>886.383751</ele>
        <time>2025-10-21T17:38:16.000Z</time>
      </trkpt>
      <trkpt lat="47.951078" lon="8.201885">
        <ele>886.377174</ele>
        <time>2025-10-21T17:38:17.000Z</time>
      </trkpt>
      <trkpt lat="47.951093" lon="8.201872">
        <ele>886.371766</ele>
        <time>2025-10-21T17:38:18.000Z</time>
      </trkpt>
      <trkpt lat="47.951123" lon="8.201859">
        <ele>886.362025</ele>
        <time>2025-10-21T17:38:19.000Z</time>
      </trkpt>
      <trkpt lat="47.951146" lon="8.201852">
        <ele>886.354705</ele>
        <time>2025-10-21T17:38:20.000Z</time>
      </trkpt>
      <trkpt lat="47.951165" lon="8.201839">
        <ele>886.348188</ele>
        <time>2025-10-21T17:38:21.000Z</time>
      </trkpt>
      <trkpt lat="47.951193" lon="8.201826">
        <ele>886.339044</ele>
        <time>2025-10-21T17:38:22.000Z</time>
      </trkpt>
      <trkpt lat="47.951216" lon="8.201818">
        <ele>886.331680</ele>
        <time>2025-10-21T17:38:23.000Z</time>
      </trkpt>
      <trkpt lat="47.951233" lon="8.201803">
        <ele>886.325522</ele>
        <time>2025-10-21T17:38:24.000Z</time>
      </trkpt>
      <trkpt lat="47.951260" lon="8.201794">
        <ele>886.316896</ele>
        <time>2025-10-21T17:38:25.000Z</time>
      </trkpt>
      <trkpt lat="47.951284" lon="8.201789">
        <ele>886.309339</ele>
        <time>2025-10-21T17:38:26.000Z</time>
      </trkpt>
      <trkpt lat="47.951301" lon="8.201779">
        <ele>886.303641</ele>
        <time>2025-10-21T17:38:27.000Z</time>
      </trkpt>
      <trkpt lat="47.951326" lon="8.201768">
        <ele>886.295514</ele>
        <time>2025-10-21T17:38:28.000Z</time>
      </trkpt>
      <trkpt lat="47.951351" lon="8.201773">
        <ele>886.287649</ele>
        <time>2025-10-21T17:38:29.000Z</time>
      </trkpt>
      <trkpt lat="47.951365" lon="8.201765">
        <ele>886.282974</ele>
        <time>2025-10-21T17:38:30.000Z</time>
      </trkpt>
      <trkpt lat="47.951389" lon="8.201755">
        <ele>886.275204</ele>
        <time>2025-10-21T17:38:31.000Z</time>
      </trkpt>
      <trkpt lat="47.951415" lon="8.201749">
        <ele>886.267000</ele>
        <time>2025-10-21T17:38:32.000Z</time>
      </trkpt>
      <trkpt lat="47.951434" lon="8.201741">
        <ele>886.260844</ele>
        <time>2025-10-21T17:38:33.000Z</time>
      </trkpt>
      <trkpt lat="47.951455" lon="8.201726">
        <ele>886.267600</ele>
        <time>2025-10-21T17:38:34.000Z</time>
      </trkpt>
      <trkpt lat="47.951485" lon="8.201718">
        <ele>886.285345</ele>
        <time>2025-10-21T17:38:35.000Z</time>
      </trkpt>
      <trkpt lat="47.951507" lon="8.201704">
        <ele>886.299271</ele>
        <time>2025-10-21T17:38:36.000Z</time>
      </trkpt>
      <trkpt lat="47.951521" lon="8.201686">
        <ele>886.310028</ele>
        <time>2025-10-21T17:38:37.000Z</time>
      </trkpt>
      <trkpt lat="47.951548" lon="8.201661">
        <ele>886.328528</ele>
        <time>2025-10-21T17:38:38.000Z</time>
      </trkpt>
      <trkpt lat="47.951574" lon="8.201644">
        <ele>886.345055</ele>
        <time>2025-10-21T17:38:39.000Z</time>
      </trkpt>
      <trkpt lat="47.951587" lon="8.201626">
        <ele>886.355379</ele>
        <time>2025-10-21T17:38:40.000Z</time>
      </trkpt>
      <trkpt lat="47.951607" lon="8.201600">
        <ele>886.370820</ele>
        <time>2025-10-21T17:38:41.000Z</time>
      </trkpt>
      <trkpt lat="47.951633" lon="8.201575">
        <ele>886.388827</ele>
        <time>2025-10-21T17:38:42.000Z</time>
      </trkpt>
      <trkpt lat="47.951652" lon="8.201557">
        <ele>886.401930</ele>
        <time>2025-10-21T17:38:43.000Z</time>
      </trkpt>
      <trkpt lat="47.951664" lon="8.201537">
        <ele>886.412402</ele>
        <time>2025-10-21T17:38:44.000Z</time>
      </trkpt>
      <trkpt lat="47.951688" lon="8.201513">
        <ele>886.429221</ele>
        <time>2025-10-21T17:38:45.000Z</time>
      </trkpt>
      <trkpt lat="47.951709" lon="8.201496">
        <ele>886.443131</ele>
        <time>2025-10-21T17:38:46.000Z</time>
      </trkpt>
      <trkpt lat="47.951722" lon="8.201475">
        <ele>886.454283</ele>
        <time>2025-10-21T17:38:47.000Z</time>
      </trkpt>
      <trkpt lat="47.951745" lon="8.201452">
        <ele>886.470402</ele>
        <time>2025-10-21T17:38:48.000Z</time>
      </trkpt>
      <trkpt lat="47.951776" lon="8.201432">
        <ele>886.490066</ele>
        <time>2025-10-21T17:38:49.000Z</time>
      </trkpt>
      <trkpt lat="47.951795" lon="8.201411">
        <ele>886.503830</ele>
        <time>2025-10-21T17:38:50.000Z</time>
      </trkpt>
      <trkpt lat="47.951812" lon="8.201392">
        <ele>886.516195</ele>
        <time>2025-10-21T17:38:51.000Z</time>
      </trkpt>
      <trkpt lat="47.951839" lon="8.201369">
        <ele>886.534296</ele>
        <time>2025-10-21T17:38:52.000Z</time>
      </trkpt>
      <trkpt lat="47.951862" lon="8.201351">
        <ele>886.549417</ele>
        <time>2025-10-21T17:38:53.000Z</time>
      </trkpt>
      <trkpt lat="47.951879" lon="8.201333">
        <ele>886.561552</ele>
        <time>2025-10-21T17:38:54.000Z</time>
      </trkpt>
      <trkpt lat="47.951899" lon="8.201308">
        <ele>886.576740</ele>
        <time>2025-10-21T17:38:55.000Z</time>
      </trkpt>
      <trkpt lat="47.951926" lon="8.201291">
        <ele>886.593802</ele>
        <time>2025-10-21T17:38:56.000Z</time>
      </trkpt>
      <trkpt lat="47.951942" lon="8.201276">
        <ele>886.604803</ele>
        <time>2025-10-21T17:38:57.000Z</time>
      </trkpt>
      <trkpt lat="47.951956" lon="8.201259">
        <ele>886.615310</ele>
        <time>2025-10-21T17:38:58.000Z</time>
      </trkpt>
      <trkpt lat="47.951982" lon="8.201236">
        <ele>886.632907</ele>
        <time>2025-10-21T17:38:59.000Z</time>
      </trkpt>
      <trkpt lat="47.952002" lon="8.201222">
        <ele>886.645769</ele>
        <time>2025-10-21T17:39:00.000Z</time>
      </trkpt>
      <trkpt lat="47.952016" lon="8.201204">
        <ele>886.656527</ele>
        <time>2025-10-21T17:39:01.000Z</time>
      </trkpt>
      <trkpt lat="47.952045" lon="8.201181">
        <ele>886.675648</ele>
        <time>2025-10-21T17:39:02.000Z</time>
      </trkpt>
      <trkpt lat="47.952069" lon="8.201166">
        <ele>886.690798</ele>
        <time>2025-10-21T17:39:03.000Z</time>
      </trkpt>
      <trkpt lat="47.952085" lon="8.201151">
        <ele>886.701798</ele>
        <time>2025-10-21T17:39:04.000Z</time>
      </trkpt>
      <trkpt lat="47.952113" lon="8.201128">
        <ele>886.720407</ele>
        <time>2025-10-21T17:39:05.000Z</time>
      </trkpt>
      <trkpt lat="47.952137" lon="8.201110">
        <ele>886.736046</ele>
        <time>2025-10-21T17:39:06.000Z</time>
      </trkpt>
      <trkpt lat="47.952155" lon="8.201093">
        <ele>886.748447</ele>
        <time>2025-10-21T17:39:07.000Z</time>
      </trkpt>
      <trkpt lat="47.952180" lon="8.201069">
        <ele>886.765754</ele>
        <time>2025-10-21T17:39:08.000Z</time>
      </trkpt>
      <trkpt lat="47.952208" lon="8.201055">
        <ele>886.782948</ele>
        <time>2025-10-21T17:39:09.000Z</time>
      </trkpt>
      <trkpt lat="47.952221" lon="8.201037">
        <ele>886.793271</ele>
        <time>2025-10-21T17:39:10.000Z</time>
      </trkpt>
      <trkpt lat="47.952240" lon="8.201012">
        <ele>886.808017</ele>
        <time>2025-10-21T17:39:11.000Z</time>
      </trkpt>
      <trkpt lat="47.952265" lon="8.200997">
        <ele>886.823706</ele>
        <time>2025-10-21T17:39:12.000Z</time>
      </trkpt>
      <trkpt lat="47.952281" lon="8.200982">
        <ele>886.834707</ele>
        <time>2025-10-21T17:39:13.000Z</time>
      </trkpt>
      <trkpt lat="47.952294" lon="8.200959">
        <ele>886.846444</ele>
        <time>2025-10-21T17:39:14.000Z</time>
      </trkpt>
      <trkpt lat="47.952321" lon="8.200938">
        <ele>886.864170</ele>
        <time>2025-10-21T17:39:15.000Z</time>
      </trkpt>
      <trkpt lat="47.952337" lon="8.200923">
        <ele>886.875171</ele>
        <time>2025-10-21T17:39:16.000Z</time>
      </trkpt>
      <trkpt lat="47.952351" lon="8.200902">
        <ele>886.886726</ele>
        <time>2025-10-21T17:39:17.000Z</time>
      </trkpt>
      <trkpt lat="47.952382" lon="8.200880">
        <ele>886.906712</ele>
        <time>2025-10-21T17:39:18.000Z</time>
      </trkpt>
      <trkpt lat="47.952404" lon="8.200864">
        <ele>886.920962</ele>
        <time>2025-10-21T17:39:19.000Z</time>
      </trkpt>
      <trkpt lat="47.952419" lon="8.200845">
        <ele>886.932415</ele>
        <time>2025-10-21T17:39:20.000Z</time>
      </trkpt>
      <trkpt lat="47.952447" lon="8.200827">
        <ele>886.950166</ele>
        <time>2025-10-21T17:39:21.000Z</time>
      </trkpt>
      <trkpt lat="47.952467" lon="8.200820">
        <ele>886.962128</ele>
        <time>2025-10-21T17:39:22.000Z</time>
      </trkpt>
      <trkpt lat="47.952480" lon="8.200808">
        <ele>886.971027</ele>
        <time>2025-10-21T17:39:23.000Z</time>
      </trkpt>
      <trkpt lat="47.952507" lon="8.200794">
        <ele>886.987670</ele>
        <time>2025-10-21T17:39:24.000Z</time>
      </trkpt>
      <trkpt lat="47.952528" lon="8.200787">
        <ele>887.000199</ele>
        <time>2025-10-21T17:39:25.000Z</time>
      </trkpt>
      <trkpt lat="47.952542" lon="8.200770">
        <ele>887.010706</ele>
        <time>2025-10-21T17:39:26.000Z</time>
      </trkpt>
      <trkpt lat="47.952567" lon="8.200755">
        <ele>887.026395</ele>
        <time>2025-10-21T17:39:27.000Z</time>
      </trkpt>
      <trkpt lat="47.952590" lon="8.200742">
        <ele>887.040715</ele>
        <time>2025-10-21T17:39:28.000Z</time>
      </trkpt>
      <trkpt lat="47.952605" lon="8.200724">
        <ele>887.051920</ele>
        <time>2025-10-21T17:39:29.000Z</time>
      </trkpt>
      <trkpt lat="47.952635" lon="8.200710">
        <ele>887.070222</ele>
        <time>2025-10-21T17:39:30.000Z</time>
      </trkpt>
      <trkpt lat="47.952657" lon="8.200702">
        <ele>887.083406</ele>
        <time>2025-10-21T17:39:31.000Z</time>
      </trkpt>
      <trkpt lat="47.952674" lon="8.200686">
        <ele>887.095108</ele>
        <time>2025-10-21T17:39:32.000Z</time>
      </trkpt>
      <trkpt lat="47.952702" lon="8.200674">
        <ele>887.112070</ele>
        <time>2025-10-21T17:39:33.000Z</time>
      </trkpt>
      <trkpt lat="47.952726" lon="8.200666">
        <ele>887.126389</ele>
        <time>2025-10-21T17:39:34.000Z</time>
      </trkpt>
      <trkpt lat="47.952740" lon="8.200650">
        <ele>887.136655</ele>
        <time>2025-10-21T17:39:35.000Z</time>
      </trkpt>
      <trkpt lat="47.952770" lon="8.200635">
        <ele>887.155077</ele>
        <time>2025-10-21T17:39:36.000Z</time>
      </trkpt>
      <trkpt lat="47.952794" lon="8.200627">
        <ele>887.169395</ele>
        <time>2025-10-21T17:39:37.000Z</time>
      </trkpt>
      <trkpt lat="47.952810" lon="8.200612">
        <ele>887.180396</ele>
        <time>2025-10-21T17:39:38.000Z</time>
      </trkpt>
      <trkpt lat="47.952833" lon="8.200602">
        <ele>887.194345</ele>
        <time>2025-10-21T17:39:39.000Z</time>
      </trkpt>
      <trkpt lat="47.952855" lon="8.200592">
        <ele>887.207735</ele>
        <time>2025-10-21T17:39:40.000Z</time>
      </trkpt>
      <trkpt lat="47.952872" lon="8.200573">
        <ele>887.220100</ele>
        <time>2025-10-21T17:39:41.000Z</time>
      </trkpt>
      <trkpt lat="47.952898" lon="8.200561">
        <ele>887.235946</ele>
        <time>2025-10-21T17:39:42.000Z</time>
      </trkpt>
      <trkpt lat="47.952922" lon="8.200551">
        <ele>887.250455</ele>
        <time>2025-10-21T17:39:43.000Z</time>
      </trkpt>
      <trkpt lat="47.952937" lon="8.200535">
        <ele>887.261189</ele>
        <time>2025-10-21T17:39:44.000Z</time>
      </trkpt>
      <trkpt lat="47.952967" lon="8.200519">
        <ele>887.279739</ele>
        <time>2025-10-21T17:39:45.000Z</time>
      </trkpt>
      <trkpt lat="47.952995" lon="8.200514">
        <ele>887.296159</ele>
        <time>2025-10-21T17:39:46.000Z</time>
      </trkpt>
      <trkpt lat="47.953009" lon="8.200501">
        <ele>887.305759</ele>
        <time>2025-10-21T17:39:47.000Z</time>
      </trkpt>
      <trkpt lat="47.953034" lon="8.200486">
        <ele>887.250045</ele>
        <time>2025-10-21T17:39:48.000Z</time>
      </trkpt>
      <trkpt lat="47.953061" lon="8.200481">
        <ele>887.193633</ele>
        <time>2025-10-21T17:39:49.000Z</time>
      </trkpt>
      <trkpt lat="47.953077" lon="8.200472">
        <ele>887.158182</ele>
        <time>2025-10-21T17:39:50.000Z</time>
      </trkpt>
      <trkpt lat="47.953102" lon="8.200455">
        <ele>887.101224</ele>
        <time>2025-10-21T17:39:51.000Z</time>
      </trkpt>
      <trkpt lat="47.953129" lon="8.200448">
        <ele>887.044404</ele>
        <time>2025-10-21T17:39:52.000Z</time>
      </trkpt>
      <trkpt lat="47.953146" lon="8.200436">
        <ele>887.005415</ele>
        <time>2025-10-21T17:39:53.000Z</time>
      </trkpt>
      <trkpt lat="47.953170" lon="8.200418">
        <ele>886.949727</ele>
        <time>2025-10-21T17:39:54.000Z</time>
      </trkpt>
      <trkpt lat="47.953198" lon="8.200411">
        <ele>886.890863</ele>
        <time>2025-10-21T17:39:55.000Z</time>
      </trkpt>
      <trkpt lat="47.953214" lon="8.200399">
        <ele>886.853738</ele>
        <time>2025-10-21T17:39:56.000Z</time>
      </trkpt>
      <trkpt lat="47.953233" lon="8.200382">
        <ele>886.807811</ele>
        <time>2025-10-21T17:39:57.000Z</time>
      </trkpt>
      <trkpt lat="47.953264" lon="8.200370">
        <ele>886.741409</ele>
        <time>2025-10-21T17:39:58.000Z</time>
      </trkpt>
      <trkpt lat="47.953283" lon="8.200360">
        <ele>886.699638</ele>
        <time>2025-10-21T17:39:59.000Z</time>
      </trkpt>
      <trkpt lat="47.953298" lon="8.200347">
        <ele>886.663677</ele>
        <time>2025-10-21T17:40:00.000Z</time>
      </trkpt>
      <trkpt lat="47.953329" lon="8.200337">
        <ele>886.597918</ele>
        <time>2025-10-21T17:40:01.000Z</time>
      </trkpt>
      <trkpt lat="47.953355" lon="8.200326">
        <ele>886.541886</ele>
        <time>2025-10-21T17:40:02.000Z</time>
      </trkpt>
      <trkpt lat="47.953373" lon="8.200313">
        <ele>886.500428</ele>
        <time>2025-10-21T17:40:03.000Z</time>
      </trkpt>
      <trkpt lat="47.953399" lon="8.200301">
        <ele>886.444002</ele>
        <time>2025-10-21T17:40:04.000Z</time>
      </trkpt>
      <trkpt lat="47.953424" lon="8.200293">
        <ele>886.390989</ele>
        <time>2025-10-21T17:40:05.000Z</time>
      </trkpt>
      <trkpt lat="47.953439" lon="8.200278">
        <ele>886.353556</ele>
        <time>2025-10-21T17:40:06.000Z</time>
      </trkpt>
      <trkpt lat="47.953464" lon="8.200263">
        <ele>886.297692</ele>
        <time>2025-10-21T17:40:07.000Z</time>
      </trkpt>
      <trkpt lat="47.953490" lon="8.200255">
        <ele>886.242650</ele>
        <time>2025-10-21T17:40:08.000Z</time>
      </trkpt>
      <trkpt lat="47.953506" lon="8.200242">
        <ele>886.204881</ele>
        <time>2025-10-21T17:40:09.000Z</time>
      </trkpt>
      <trkpt lat="47.953526" lon="8.200226">
        <ele>886.157835</ele>
        <time>2025-10-21T17:40:10.000Z</time>
      </trkpt>
      <trkpt lat="47.953555" lon="8.200217">
        <ele>886.096421</ele>
        <time>2025-10-21T17:40:11.000Z</time>
      </trkpt>
      <trkpt lat="47.953571" lon="8.200207">
        <ele>886.060457</ele>
        <time>2025-10-21T17:40:12.000Z</time>
      </trkpt>
      <trkpt lat="47.953593" lon="8.200191">
        <ele>886.009718</ele>
        <time>2025-10-21T17:40:13.000Z</time>
      </trkpt>
      <trkpt lat="47.953622" lon="8.200178">
        <ele>885.946937</ele>
        <time>2025-10-21T17:40:14.000Z</time>
      </trkpt>
      <trkpt lat="47.953642" lon="8.200169">
        <ele>885.903626</ele>
        <time>2025-10-21T17:40:15.000Z</time>
      </trkpt>
      <trkpt lat="47.953662" lon="8.200153">
        <ele>885.856580</ele>
        <time>2025-10-21T17:40:16.000Z</time>
      </trkpt>
      <trkpt lat="47.953697" lon="8.200141">
        <ele>885.782121</ele>
        <time>2025-10-21T17:40:17.000Z</time>
      </trkpt>
      <trkpt lat="47.953716" lon="8.200133">
        <ele>885.741189</ele>
        <time>2025-10-21T17:40:18.000Z</time>
      </trkpt>
      <trkpt lat="47.953740" lon="8.200118">
        <ele>885.687243</ele>
        <time>2025-10-21T17:40:19.000Z</time>
      </trkpt>
      <trkpt lat="47.953768" lon="8.200108">
        <ele>885.627550</ele>
        <time>2025-10-21T17:40:20.000Z</time>
      </trkpt>
      <trkpt lat="47.953792" lon="8.200097">
        <ele>885.575495</ele>
        <time>2025-10-21T17:40:21.000Z</time>
      </trkpt>
      <trkpt lat="47.953812" lon="8.200085">
        <ele>885.530804</ele>
        <time>2025-10-21T17:40:22.000Z</time>
      </trkpt>
      <trkpt lat="47.953839" lon="8.200072">
        <ele>885.471983</ele>
        <time>2025-10-21T17:40:23.000Z</time>
      </trkpt>
      <trkpt lat="47.953867" lon="8.200060">
        <ele>885.411582</ele>
        <time>2025-10-21T17:40:24.000Z</time>
      </trkpt>
      <trkpt lat="47.953884" lon="8.200049">
        <ele>885.373166</ele>
        <time>2025-10-21T17:40:25.000Z</time>
      </trkpt>
      <trkpt lat="47.953907" lon="8.200032">
        <ele>885.319954</ele>
        <time>2025-10-21T17:40:26.000Z</time>
      </trkpt>
      <trkpt lat="47.953936" lon="8.200029">
        <ele>885.259681</ele>
        <time>2025-10-21T17:40:27.000Z</time>
      </trkpt>
      <trkpt lat="47.953951" lon="8.200015">
        <ele>885.223003</ele>
        <time>2025-10-21T17:40:28.000Z</time>
      </trkpt>
      <trkpt lat="47.953973" lon="8.199994">
        <ele>885.168863</ele>
        <time>2025-10-21T17:40:29.000Z</time>
      </trkpt>
      <trkpt lat="47.954001" lon="8.199980">
        <ele>885.107638</ele>
        <time>2025-10-21T17:40:30.000Z</time>
      </trkpt>
      <trkpt lat="47.954024" lon="8.199963">
        <ele>885.054426</ele>
        <time>2025-10-21T17:40:31.000Z</time>
      </trkpt>
      <trkpt lat="47.954048" lon="8.199946">
        <ele>884.999348</ele>
        <time>2025-10-21T17:40:32.000Z</time>
      </trkpt>
      <trkpt lat="47.954075" lon="8.199937">
        <ele>884.941987</ele>
        <time>2025-10-21T17:40:33.000Z</time>
      </trkpt>
      <trkpt lat="47.954092" lon="8.199930">
        <ele>884.905423</ele>
        <time>2025-10-21T17:40:34.000Z</time>
      </trkpt>
      <trkpt lat="47.954114" lon="8.199920">
        <ele>884.857741</ele>
        <time>2025-10-21T17:40:35.000Z</time>
      </trkpt>
      <trkpt lat="47.954142" lon="8.199913">
        <ele>884.798876</ele>
        <time>2025-10-21T17:40:36.000Z</time>
      </trkpt>
      <trkpt lat="47.954161" lon="8.199905">
        <ele>884.757945</ele>
        <time>2025-10-21T17:40:37.000Z</time>
      </trkpt>
      <trkpt lat="47.954182" lon="8.199885">
        <ele>884.706299</ele>
        <time>2025-10-21T17:40:38.000Z</time>
      </trkpt>
      <trkpt lat="47.954215" lon="8.199871">
        <ele>884.635168</ele>
        <time>2025-10-21T17:40:39.000Z</time>
      </trkpt>
      <trkpt lat="47.954235" lon="8.199857">
        <ele>884.589368</ele>
        <time>2025-10-21T17:40:40.000Z</time>
      </trkpt>
      <trkpt lat="47.954255" lon="8.199840">
        <ele>884.541651</ele>
        <time>2025-10-21T17:40:41.000Z</time>
      </trkpt>
      <trkpt lat="47.954288" lon="8.199830">
        <ele>884.471833</ele>
        <time>2025-10-21T17:40:42.000Z</time>
      </trkpt>
      <trkpt lat="47.954309" lon="8.199815">
        <ele>884.423565</ele>
        <time>2025-10-21T17:40:43.000Z</time>
      </trkpt>
      <trkpt lat="47.954327" lon="8.199805">
        <ele>884.383744</ele>
        <time>2025-10-21T17:40:44.000Z</time>
      </trkpt>
      <trkpt lat="47.954350" lon="8.199799">
        <ele>884.335332</ele>
        <time>2025-10-21T17:40:45.000Z</time>
      </trkpt>
      <trkpt lat="47.954374" lon="8.199786">
        <ele>884.282397</ele>
        <time>2025-10-21T17:40:46.000Z</time>
      </trkpt>
      <trkpt lat="47.954390" lon="8.199779">
        <ele>884.247827</ele>
        <time>2025-10-21T17:40:47.000Z</time>
      </trkpt>
      <trkpt lat="47.954414" lon="8.199761">
        <ele>884.192140</ele>
        <time>2025-10-21T17:40:48.000Z</time>
      </trkpt>
      <trkpt lat="47.954445" lon="8.199747">
        <ele>884.124988</ele>
        <time>2025-10-21T17:40:49.000Z</time>
      </trkpt>
      <trkpt lat="47.954464" lon="8.199729">
        <ele>884.078332</ele>
        <time>2025-10-21T17:40:50.000Z</time>
      </trkpt>
      <trkpt lat="47.954477" lon="8.199710">
        <ele>884.040614</ele>
        <time>2025-10-21T17:40:51.000Z</time>
      </trkpt>
      <trkpt lat="47.954501" lon="8.199678">
        <ele>883.973899</ele>
        <time>2025-10-21T17:40:52.000Z</time>
      </trkpt>
      <trkpt lat="47.954522" lon="8.199651">
        <ele>883.916439</ele>
        <time>2025-10-21T17:40:53.000Z</time>
      </trkpt>
      <trkpt lat="47.954533" lon="8.199626">
        <ele>883.874902</ele>
        <time>2025-10-21T17:40:54.000Z</time>
      </trkpt>
      <trkpt lat="47.954544" lon="8.199598">
        <ele>883.829825</ele>
        <time>2025-10-21T17:40:55.000Z</time>
      </trkpt>
      <trkpt lat="47.954566" lon="8.199557">
        <ele>883.756871</ele>
        <time>2025-10-21T17:40:56.000Z</time>
      </trkpt>
      <trkpt lat="47.954584" lon="8.199525">
        <ele>883.698841</ele>
        <time>2025-10-21T17:40:57.000Z</time>
      </trkpt>
      <trkpt lat="47.954591" lon="8.199497">
        <ele>883.657339</ele>
        <time>2025-10-21T17:40:58.000Z</time>
      </trkpt>
      <trkpt lat="47.954605" lon="8.199468">
        <ele>883.607698</ele>
        <time>2025-10-21T17:40:59.000Z</time>
      </trkpt>
      <trkpt lat="47.954628" lon="8.199434">
        <ele>883.576422</ele>
        <time>2025-10-21T17:41:00.000Z</time>
      </trkpt>
      <trkpt lat="47.954642" lon="8.199409">
        <ele>883.576422</ele>
        <time>2025-10-21T17:41:01.000Z</time>
      </trkpt>
      <trkpt lat="47.954649" lon="8.199383">
        <ele>883.576422</ele>
        <time>2025-10-21T17:41:02.000Z</time>
      </trkpt>
      <trkpt lat="47.954663" lon="8.199360">
        <ele>883.576422</ele>
        <time>2025-10-21T17:41:03.000Z</time>
      </trkpt>
      <trkpt lat="47.954685" lon="8.199330">
        <ele>883.576422</ele>
        <time>2025-10-21T17:41:04.000Z</time>
      </trkpt>
      <trkpt lat="47.954697" lon="8.199305">
        <ele>883.576422</ele>
        <time>2025-10-21T17:41:05.000Z</time>
      </trkpt>
      <trkpt lat="47.954708" lon="8.199278">
        <ele>883.576422</ele>
        <time>2025-10-21T17:41:06.000Z</time>
      </trkpt>
      <trkpt lat="47.954724" lon="8.199243">
        <ele>883.576422</ele>
        <time>2025-10-21T17:41:07.000Z</time>
      </trkpt>
      <trkpt lat="47.954745" lon="8.199211">
        <ele>883.576422</ele>
        <time>2025-10-21T17:41:08.000Z</time>
      </trkpt>
      <trkpt lat="47.954757" lon="8.199184">
        <ele>883.576422</ele>
        <time>2025-10-21T17:41:09.000Z</time>
      </trkpt>
      <trkpt lat="47.954764" lon="8.199157">
        <ele>883.576422</ele>
        <time>2025-10-21T17:41:10.000Z</time>
      </trkpt>
      <trkpt lat="47.954783" lon="8.199125">
        <ele>883.576422</ele>
        <time>2025-10-21T17:41:11.000Z</time>
      </trkpt>
      <trkpt lat="47.954805" lon="8.199092">
        <ele>883.576422</ele>
        <time>2025-10-21T17:41:12.000Z</time>
      </trkpt>
      <trkpt lat="47.954818" lon="8.199063">
        <ele>883.576422</ele>
        <time>2025-10-21T17:41:13.000Z</time>
      </trkpt>
      <trkpt lat="47.954828" lon="8.199036">
        <ele>883.576422</ele>
        <time>2025-10-21T17:41:14.000Z</time>
      </trkpt>
      <trkpt lat="47.954849" lon="8.199004">
        <ele>883.576422</ele>
        <time>2025-10-21T17:41:15.000Z</time>
      </trkpt>
      <trkpt lat="47.954867" lon="8.198978">
        <ele>883.576422</ele>
        <time>2025-10-21T17:41:16.000Z</time>
      </trkpt>
      <trkpt lat="47.954877" lon="8.198954">
        <ele>883.576422</ele>
        <time>2025-10-21T17:41:17.000Z</time>
      </trkpt>
      <trkpt lat="47.954892" lon="8.198933">
        <ele>883.576422</ele>
        <time>2025-10-21T17:41:18.000Z</time>
      </trkpt>
      <trkpt lat="47.954911" lon="8.198898">
        <ele>883.576422</ele>
        <time>2025-10-21T17:41:19.000Z</time>
      </trkpt>
      <trkpt lat="47.954926" lon="8.198869">
        <ele>883.576422</ele>
        <time>2025-10-21T17:41:20.000Z</time>
      </trkpt>
      <trkpt lat="47.954938" lon="8.198839">
        <ele>883.576422</ele>
        <time>2025-10-21T17:41:21.000Z</time>
      </trkpt>
      <trkpt lat="47.954952" lon="8.198815">
        <ele>883.576422</ele>
        <time>2025-10-21T17:41:22.000Z</time>
      </trkpt>
      <trkpt lat="47.954975" lon="8.198784">
        <ele>883.576422</ele>
        <time>2025-10-21T17:41:23.000Z</time>
      </trkpt>
      <trkpt lat="47.954989" lon="8.198760">
        <ele>883.576422</ele>
        <time>2025-10-21T17:41:24.000Z</time>
      </trkpt>
      <trkpt lat="47.954997" lon="8.198734">
        <ele>883.576422</ele>
        <time>2025-10-21T17:41:25.000Z</time>
      </trkpt>
      <trkpt lat="47.955012" lon="8.198701">
        <ele>883.576422</ele>
        <time>2025-10-21T17:41:26.000Z</time>
      </trkpt>
      <trkpt lat="47.955035" lon="8.198670">
        <ele>883.576422</ele>
        <time>2025-10-21T17:41:27.000Z</time>
      </trkpt>
      <trkpt lat="47.955046" lon="8.198640">
        <ele>883.576422</ele>
        <time>2025-10-21T17:41:28.000Z</time>
      </trkpt>
      <trkpt lat="47.955053" lon="8.198615">
        <ele>883.576422</ele>
        <time>2025-10-21T17:41:29.000Z</time>
      </trkpt>
      <trkpt lat="47.955069" lon="8.198586">
        <ele>883.576422</ele>
        <time>2025-10-21T17:41:30.000Z</time>
      </trkpt>
      <trkpt lat="47.955089" lon="8.198551">
        <ele>883.576422</ele>
        <time>2025-10-21T17:41:31.000Z</time>
      </trkpt>
      <trkpt lat="47.955100" lon="8.198520">
        <ele>883.576422</ele>
        <time>2025-10-21T17:41:32.000Z</time>
      </trkpt>
      <trkpt lat="47.955111" lon="8.198500">
        <ele>883.576422</ele>
        <time>2025-10-21T17:41:33.000Z</time>
      </trkpt>
      <trkpt lat="47.955124" lon="8.198467">
        <ele>883.576422</ele>
        <time>2025-10-21T17:41:34.000Z</time>
      </trkpt>
      <trkpt lat="47.955143" lon="8.198439">
        <ele>883.576422</ele>
        <time>2025-10-21T17:41:35.000Z</time>
      </trkpt>
      <trkpt lat="47.955153" lon="8.198411">
        <ele>883.576422</ele>
        <time>2025-10-21T17:41:36.000Z</time>
      </trkpt>
      <trkpt lat="47.955172" lon="8.198376">
        <ele>883.576422</ele>
        <time>2025-10-21T17:41:37.000Z</time>
      </trkpt>
      <trkpt lat="47.955198" lon="8.198339">
        <ele>883.576422</ele>
        <time>2025-10-21T17:41:38.000Z</time>
      </trkpt>
      <trkpt lat="47.955215" lon="8.198316">
        <ele>883.576422</ele>
        <time>2025-10-21T17:41:39.000Z</time>
      </trkpt>
      <trkpt lat="47.955225" lon="8.198292">
        <ele>883.576422</ele>
        <time>2025-10-21T17:41:40.000Z</time>
      </trkpt>
      <trkpt lat="47.955241" lon="8.198262">
        <ele>883.576422</ele>
        <time>2025-10-21T17:41:41.000Z</time>
      </trkpt>
      <trkpt lat="47.955262" lon="8.198230">
        <ele>883.576422</ele>
        <time>2025-10-21T17:41:42.000Z</time>
      </trkpt>
      <trkpt lat="47.955274" lon="8.198204">
        <ele>883.576422</ele>
        <time>2025-10-21T17:41:43.000Z</time>
      </trkpt>
      <trkpt lat="47.955288" lon="8.198176">
        <ele>883.576422</ele>
        <time>2025-10-21T17:41:44.000Z</time>
      </trkpt>
      <trkpt lat="47.955303" lon="8.198134">
        <ele>883.576422</ele>
        <time>2025-10-21T17:41:45.000Z</time>
      </trkpt>
      <trkpt lat="47.955313" lon="8.198092">
        <ele>883.576422</ele>
        <time>2025-10-21T17:41:46.000Z</time>
      </trkpt>
      <trkpt lat="47.955313" lon="8.198054">
        <ele>883.576422</ele>
        <time>2025-10-21T17:41:47.000Z</time>
      </trkpt>
      <trkpt lat="47.955308" lon="8.198013">
        <ele>883.576422</ele>
        <time>2025-10-21T17:41:48.000Z</time>
      </trkpt>
      <trkpt lat="47.955296" lon="8.197970">
        <ele>883.576422</ele>
        <time>2025-10-21T17:41:49.000Z</time>
      </trkpt>
      <trkpt lat="47.955281" lon="8.197945">
        <ele>883.576422</ele>
        <time>2025-10-21T17:41:50.000Z</time>
      </trkpt>
      <trkpt lat="47.955259" lon="8.197929">
        <ele>883.576422</ele>
        <time>2025-10-21T17:41:51.000Z</time>
      </trkpt>
      <trkpt lat="47.955230" lon="8.197915">
        <ele>883.576422</ele>
        <time>2025-10-21T17:41:52.000Z</time>
      </trkpt>
      <trkpt lat="47.955205" lon="8.197901">
        <ele>883.576422</ele>
        <time>2025-10-21T17:41:53.000Z</time>
      </trkpt>
      <trkpt lat="47.955181" lon="8.197894">
        <ele>883.576422</ele>
        <time>2025-10-21T17:41:54.000Z</time>
      </trkpt>
      <trkpt lat="47.955153" lon="8.197876">
        <ele>883.576422</ele>
        <time>2025-10-21T17:41:55.000Z</time>
      </trkpt>
      <trkpt lat="47.955130" lon="8.197861">
        <ele>883.576422</ele>
        <time>2025-10-21T17:41:56.000Z</time>
      </trkpt>
      <trkpt lat="47.955111" lon="8.197849">
        <ele>883.576422</ele>
        <time>2025-10-21T17:41:57.000Z</time>
      </trkpt>
      <trkpt lat="47.955086" lon="8.197836">
        <ele>883.576422</ele>
        <time>2025-10-21T17:41:58.000Z</time>
      </trkpt>
      <trkpt lat="47.955064" lon="8.197815">
        <ele>883.576422</ele>
        <time>2025-10-21T17:41:59.000Z</time>
      </trkpt>
      <trkpt lat="47.955040" lon="8.197801">
        <ele>883.576422</ele>
        <time>2025-10-21T17:42:00.000Z</time>
      </trkpt>
      <trkpt lat="47.955019" lon="8.197786">
        <ele>883.576422</ele>
        <time>2025-10-21T17:42:01.000Z</time>
      </trkpt>
      <trkpt lat="47.954996" lon="8.197767">
        <ele>883.576422</ele>
        <time>2025-10-21T17:42:02.000Z</time>
      </trkpt>
      <trkpt lat="47.954975" lon="8.197747">
        <ele>883.576422</ele>
        <time>2025-10-21T17:42:03.000Z</time>
      </trkpt>
      <trkpt lat="47.954956" lon="8.197739">
        <ele>883.576422</ele>
        <time>2025-10-21T17:42:04.000Z</time>
      </trkpt>
      <trkpt lat="47.954932" lon="8.197716">
        <ele>883.576422</ele>
        <time>2025-10-21T17:42:05.000Z</time>
      </trkpt>
      <trkpt lat="47.954913" lon="8.197690">
        <ele>883.576422</ele>
        <time>2025-10-21T17:42:06.000Z</time>
      </trkpt>
      <trkpt lat="47.954894" lon="8.197676">
        <ele>883.576422</ele>
        <time>2025-10-21T17:42:07.000Z</time>
      </trkpt>
      <trkpt lat="47.954869" lon="8.197661">
        <ele>883.576422</ele>
        <time>2025-10-21T17:42:08.000Z</time>
      </trkpt>
      <trkpt lat="47.954852" lon="8.197628">
        <ele>883.576422</ele>
        <time>2025-10-21T17:42:09.000Z</time>
      </trkpt>
      <trkpt lat="47.954834" lon="8.197608">
        <ele>883.576422</ele>
        <time>2025-10-21T17:42:10.000Z</time>
      </trkpt>
      <trkpt lat="47.954815" lon="8.197592">
        <ele>883.576422</ele>
        <time>2025-10-21T17:42:11.000Z</time>
      </trkpt>
      <trkpt lat="47.954794" lon="8.197563">
        <ele>883.576422</ele>
        <time>2025-10-21T17:42:12.000Z</time>
      </trkpt>
      <trkpt lat="47.954777" lon="8.197537">
        <ele>883.576422</ele>
        <time>2025-10-21T17:42:13.000Z</time>
      </trkpt>
      <trkpt lat="47.954758" lon="8.197520">
        <ele>883.576422</ele>
        <time>2025-10-21T17:42:14.000Z</time>
      </trkpt>
      <trkpt lat="47.954732" lon="8.197493">
        <ele>883.576422</ele>
        <time>2025-10-21T17:42:15.000Z</time>
      </trkpt>
      <trkpt lat="47.954719" lon="8.197465">
        <ele>883.576422</ele>
        <time>2025-10-21T17:42:16.000Z</time>
      </trkpt>
      <trkpt lat="47.954700" lon="8.197449">
        <ele>883.576422</ele>
        <time>2025-10-21T17:42:17.000Z</time>
      </trkpt>
      <trkpt lat="47.954678" lon="8.197427">
        <ele>883.576422</ele>
        <time>2025-10-21T17:42:18.000Z</time>
      </trkpt>
      <trkpt lat="47.954665" lon="8.197395">
        <ele>883.576422</ele>
        <time>2025-10-21T17:42:19.000Z</time>
      </trkpt>
      <trkpt lat="47.954652" lon="8.197372">
        <ele>883.576422</ele>
        <time>2025-10-21T17:42:20.000Z</time>
      </trkpt>
      <trkpt lat="47.954636" lon="8.197351">
        <ele>883.576422</ele>
        <time>2025-10-21T17:42:21.000Z</time>
      </trkpt>
      <trkpt lat="47.954611" lon="8.197323">
        <ele>883.576422</ele>
        <time>2025-10-21T17:42:22.000Z</time>
      </trkpt>
      <trkpt lat="47.954592" lon="8.197308">
        <ele>883.576422</ele>
        <time>2025-10-21T17:42:23.000Z</time>
      </trkpt>
      <trkpt lat="47.954578" lon="8.197304">
        <ele>883.576422</ele>
        <time>2025-10-21T17:42:24.000Z</time>
      </trkpt>
      <trkpt lat="47.954549" lon="8.197306">
        <ele>883.576422</ele>
        <time>2025-10-21T17:42:25.000Z</time>
      </trkpt>
      <trkpt lat="47.954526" lon="8.197286">
        <ele>883.576422</ele>
        <time>2025-10-21T17:42:26.000Z</time>
      </trkpt>
      <trkpt lat="47.954500" lon="8.197275">
        <ele>883.576422</ele>
        <time>2025-10-21T17:42:27.000Z</time>
      </trkpt>
      <trkpt lat="47.954478" lon="8.197261">
        <ele>883.576422</ele>
        <time>2025-10-21T17:42:28.000Z</time>
      </trkpt>
      <trkpt lat="47.954459" lon="8.197243">
        <ele>883.576422</ele>
        <time>2025-10-21T17:42:29.000Z</time>
      </trkpt>
    </trkseg>
  </trk>
</gpx>